gid,role,role_score,cluster_id,priority_score,evidence
100000000343175100,distributor,0.9881988472622478,10,0.9959964412811388,"Гипотеза распределения: 31 получателей; выход ≈4,00 млн ₸. Исходящий объём преобладает. Внешние поступления могут быть скрыты."
100000000456947100,peripheral,0.35,70,0.004448398576512456,"Недостаточно признаков специальной роли: 0 отправителей, 0 получателей. Это не отсутствие риска. Внешние поступления могут быть скрыты."
100000000580561100,peripheral,0.3563400576368876,42,0.9119217081850534,"Недостаточно признаков специальной роли: 2 отправителей, 3 получателей. Это не отсутствие риска. Внешние поступления могут быть скрыты."
100000001415126100,peripheral,0.4162200508626641,17,0.5400355871886121,"Недостаточно признаков специальной роли: 1 отправителей, 0 получателей. Это не отсутствие риска. Внешние поступления могут быть скрыты."
100000001429930100,peripheral,0.4189208569387579,12,0.5066725978647687,"Недостаточно признаков специальной роли: 1 отправителей, 0 получателей. Это не отсутствие риска. Внешние поступления могут быть скрыты."
100000001616816100,peripheral,0.3521233314250741,7,0.9768683274021353,"Недостаточно признаков специальной роли: 5 отправителей, 3 получателей. Это не отсутствие риска. Внешние поступления могут быть скрыты."
100000001732159100,peripheral,0.3174027377521614,38,0.9666370106761566,"Недостаточно признаков специальной роли: 2 отправителей, 4 получателей. Это не отсутствие риска. Внешние поступления могут быть скрыты."
100000002527114100,distributor,0.9675144092219021,1,0.979982206405694,"Гипотеза распределения: 111 получателей; выход ≈3,29 млн ₸. Исходящий объём преобладает. Внешние поступления могут быть скрыты."
100000002916006100,peripheral,0.8717759365994235,17,0.20462633451957296,"Недостаточно признаков специальной роли: 0 отправителей, 1 получателей. Это не отсутствие риска. Внешние поступления могут быть скрыты."
100000003016635100,distributor,0.9168597468329015,5,0.9955516014234875,"Гипотеза распределения: 73 получателей; выход ≈9,41 млн ₸. Исходящий объём преобладает. Внешние поступления могут быть скрыты."
100000003200071100,peripheral,0.8929466858789625,66,0.08852313167259787,"Недостаточно признаков специальной роли: 0 отправителей, 1 получателей. Это не отсутствие риска. Внешние поступления могут быть скрыты."
100000003265658100,peripheral,0.35,71,0.004448398576512456,"Недостаточно признаков специальной роли: 0 отправителей, 0 получателей. Это не отсутствие риска. Внешние поступления могут быть скрыты."
100000003349739100,peripheral,0.35,72,0.004448398576512456,"Недостаточно признаков специальной роли: 0 отправителей, 0 получателей. Это не отсутствие риска. Внешние поступления могут быть скрыты."
100000003684369100,coordinator,0.7873145775699566,3,0.9995551601423488,"Гипотеза связующего узла: 24 отправ., 62 получ.; связи с 11 группами. Проверить маршруты. Внешние поступления могут быть скрыты."
100000003770083100,peripheral,0.35,73,0.004448398576512456,"Недостаточно признаков специальной роли: 0 отправителей, 0 получателей. Это не отсутствие риска. Внешние поступления могут быть скрыты."
100000003975102100,peripheral,0.47182849344035654,5,0.7953736654804271,"Недостаточно признаков специальной роли: 1 отправителей, 2 получателей. Это не отсутствие риска. Внешние поступления могут быть скрыты."
100000003977183100,peripheral,0.3495965417867435,7,0.9083629893238434,"Недостаточно признаков специальной роли: 2 отправителей, 4 получателей. Это не отсутствие риска. Внешние поступления могут быть скрыты."
100000004007116100,peripheral,0.3268609341518607,22,0.8727758007117438,"Недостаточно признаков специальной роли: 3 отправителей, 4 получателей. Это не отсутствие риска. Внешние поступления могут быть скрыты."
100000004019124100,peripheral,0.3303105167724388,5,0.8576512455516014,"Недостаточно признаков специальной роли: 3 отправителей, 0 получателей. Это не отсутствие риска. Внешние поступления могут быть скрыты."
100000004021459100,peripheral,0.35,74,0.004448398576512456,"Недостаточно признаков специальной роли: 0 отправителей, 0 получателей. Это не отсутствие риска. Внешние поступления могут быть скрыты."
100000004041163100,peripheral,0.42213796829971184,17,0.9194839857651246,"Недостаточно признаков специальной роли: 1 отправителей, 2 получателей. Это не отсутствие риска. Внешние поступления могут быть скрыты."
100000004174835100,peripheral,0.35,75,0.004448398576512456,"Недостаточно признаков специальной роли: 0 отправителей, 0 получателей. Это не отсутствие риска. Внешние поступления могут быть скрыты."
100000004193835100,peripheral,0.4202562105223697,5,0.7424377224199288,"Недостаточно признаков специальной роли: 1 отправителей, 1 получателей. Это не отсутствие риска. Внешние поступления могут быть скрыты."
100000004269433100,peripheral,0.45191642651296826,14,0.6379003558718861,"Недостаточно признаков специальной роли: 0 отправителей, 1 получателей. Это не отсутствие риска. Внешние поступления могут быть скрыты."
100000004358004100,distributor,0.9590201729106629,3,0.9061387900355872,"Гипотеза распределения: 11 получателей; выход ≈980,9 тыс. ₸. Исходящий объём преобладает. Внешние поступления могут быть скрыты."
100000004388983100,peripheral,0.3847568443804034,63,0.7402135231316725,"Недостаточно признаков специальной роли: 0 отправителей, 2 получателей. Это не отсутствие риска. Внешние поступления могут быть скрыты."
100000004714705100,peripheral,0.8895100864553314,17,0.11254448398576512,"Недостаточно признаков специальной роли: 0 отправителей, 1 получателей. Это не отсутствие риска. Внешние поступления могут быть скрыты."
100000004723755100,peripheral,0.7010698847262247,3,0.45907473309608543,"Недостаточно признаков специальной роли: 0 отправителей, 1 получателей. Это не отсутствие риска. Внешние поступления могут быть скрыты."
100000004813068100,peripheral,0.4356087896253602,21,0.7384341637010676,"Недостаточно признаков специальной роли: 0 отправителей, 3 получателей. Это не отсутствие риска. Внешние поступления могут быть скрыты."
100000004971871100,peripheral,0.45538926093416005,57,0.6903914590747331,"Недостаточно признаков специальной роли: 1 отправителей, 1 получателей. Это не отсутствие риска. Внешние поступления могут быть скрыты."
100000005017150100,peripheral,0.35,76,0.004448398576512456,"Недостаточно признаков специальной роли: 0 отправителей, 0 получателей. Это не отсутствие риска. Внешние поступления могут быть скрыты."
100000005087431100,peripheral,0.35,77,0.004448398576512456,"Недостаточно признаков специальной роли: 0 отправителей, 0 получателей. Это не отсутствие риска. Внешние поступления могут быть скрыты."
100000005235389100,peripheral,0.35,78,0.004448398576512456,"Недостаточно признаков специальной роли: 0 отправителей, 0 получателей. Это не отсутствие риска. Внешние поступления могут быть скрыты."
100000005264990100,peripheral,0.4703794014913407,17,0.87144128113879,"Недостаточно признаков специальной роли: 1 отправителей, 2 получателей. Это не отсутствие риска. Внешние поступления могут быть скрыты."
100000005370580100,peripheral,0.4217985852558448,12,0.4986654804270463,"Недостаточно признаков специальной роли: 1 отправителей, 0 получателей. Это не отсутствие риска. Внешние поступления могут быть скрыты."
100000005382566100,peripheral,0.3073562106239956,17,0.9879893238434164,"Недостаточно признаков специальной роли: 7 отправителей, 1 получателей. Это не отсутствие риска. Внешние поступления могут быть скрыты."
100000005386383100,peripheral,0.39085477794602735,17,0.8896797153024911,"Недостаточно признаков специальной роли: 2 отправителей, 1 получателей. Это не отсутствие риска. Внешние поступления могут быть скрыты."
100000005392290100,peripheral,0.8702197406340058,67,0.18683274021352314,"Недостаточно признаков специальной роли: 0 отправителей, 1 получателей. Это не отсутствие риска. Внешние поступления могут быть скрыты."
100000005395727100,peripheral,0.4513437586277529,14,0.47820284697508897,"Недостаточно признаков специальной роли: 1 отправителей, 0 получателей. Это не отсутствие риска. Внешние поступления могут быть скрыты."
100000005409680100,peripheral,0.3548555077062556,16,0.8078291814946619,"Недостаточно признаков специальной роли: 2 отправителей, 0 получателей. Это не отсутствие риска. Внешние поступления могут быть скрыты."
100000005417257100,peripheral,0.6217092939481269,17,0.5048932384341637,"Недостаточно признаков специальной роли: 0 отправителей, 2 получателей. Это не отсутствие риска. Внешние поступления могут быть скрыты."
100000005454368100,peripheral,0.3631170670897552,12,0.7673487544483986,"Недостаточно признаков специальной роли: 2 отправителей, 0 получателей. Это не отсутствие риска. Внешние поступления могут быть скрыты."
100000005480435100,peripheral,0.35,79,0.004448398576512456,"Недостаточно признаков специальной роли: 0 отправителей, 0 получателей. Это не отсутствие риска. Внешние поступления могут быть скрыты."
100000005485830100,peripheral,0.3574585734870317,44,0.8100533807829181,"Недостаточно признаков специальной роли: 0 отправителей, 5 получателей. Это не отсутствие риска. Внешние поступления могут быть скрыты."
100000005493505100,peripheral,0.34998526745240255,3,0.8665480427046264,"Недостаточно признаков специальной роли: 3 отправителей, 0 получателей. Это не отсутствие риска. Внешние поступления могут быть скрыты."
100000005495722100,peripheral,0.35,80,0.004448398576512456,"Недостаточно признаков специальной роли: 0 отправителей, 0 получателей. Это не отсутствие риска. Внешние поступления могут быть скрыты."
100000005498992100,distributor,0.9688598703170028,2,0.8905693950177936,"Гипотеза распределения: 16 получателей; выход ≈2,26 млн ₸. Исходящий объём преобладает. Внешние поступления могут быть скрыты."
100000005519347100,peripheral,0.4688038304623753,5,0.7909252669039146,"Недостаточно признаков специальной роли: 2 отправителей, 1 получателей. Это не отсутствие риска. Внешние поступления могут быть скрыты."
100000005523088100,peripheral,0.31687601719326713,17,0.8367437722419929,"Недостаточно признаков специальной роли: 1 отправителей, 0 получателей. Это не отсутствие риска. Внешние поступления могут быть скрыты."
100000005543136100,peripheral,0.8786815561959653,3,0.175711743772242,"Недостаточно признаков специальной роли: 0 отправителей, 1 получателей. Это не отсутствие риска. Внешние поступления могут быть скрыты."
100000005550592100,peripheral,0.35,81,0.004448398576512456,"Недостаточно признаков специальной роли: 0 отправителей, 0 получателей. Это не отсутствие риска. Внешние поступления могут быть скрыты."
100000005560900100,peripheral,0.35,82,0.004448398576512456,"Недостаточно признаков специальной роли: 0 отправителей, 0 получателей. Это не отсутствие риска. Внешние поступления могут быть скрыты."
100000005568407100,peripheral,0.35,83,0.004448398576512456,"Недостаточно признаков специальной роли: 0 отправителей, 0 получателей. Это не отсутствие риска. Внешние поступления могут быть скрыты."
100000005668605100,peripheral,0.33068789664551224,17,0.8465302491103203,"Недостаточно признаков специальной роли: 3 отправителей, 0 получателей. Это не отсутствие риска. Внешние поступления могут быть скрыты."
100000005744674100,peripheral,0.8289913544668589,17,0.422153024911032,"Недостаточно признаков специальной роли: 0 отправителей, 1 получателей. Это не отсутствие риска. Внешние поступления могут быть скрыты."
100000006232815100,peripheral,0.37749459654178674,27,0.8852313167259787,"Недостаточно признаков специальной роли: 1 отправителей, 5 получателей. Это не отсутствие риска. Внешние поступления могут быть скрыты."
100000006249740100,peripheral,0.45318083573487034,52,0.677491103202847,"Недостаточно признаков специальной роли: 0 отправителей, 3 получателей. Это не отсутствие риска. Внешние поступления могут быть скрыты."
100000006831291100,peripheral,0.8530043227665707,52,0.24466192170818504,"Недостаточно признаков специальной роли: 0 отправителей, 1 получателей. Это не отсутствие риска. Внешние поступления могут быть скрыты."
100000006866783100,distributor,0.8228470435223959,0,0.998220640569395,"Гипотеза распределения: 67 получателей; выход ≈3,95 млн ₸. Исходящий объём преобладает. Внешние поступления могут быть скрыты."
100000007018630100,peripheral,0.6751981268011525,59,0.46930604982206403,"Недостаточно признаков специальной роли: 0 отправителей, 1 получателей. Это не отсутствие риска. Внешние поступления могут быть скрыты."
100000007747786100,distributor,0.9721181556195966,7,0.8941281138790036,"Гипотеза распределения: 31 получателей; выход ≈4,24 млн ₸. Исходящий объём преобладает. Внешние поступления могут быть скрыты."
100000007982728100,distributor,0.9426476945244957,7,0.8091637010676157,"Гипотеза распределения: 8 получателей; выход ≈1,80 млн ₸. Исходящий объём преобладает. Внешние поступления могут быть скрыты."
100000008117324100,peripheral,0.35,84,0.004448398576512456,"Недостаточно признаков специальной роли: 0 отправителей, 0 получателей. Это не отсутствие риска. Внешние поступления могут быть скрыты."
100000008205000100,peripheral,0.35,85,0.004448398576512456,"Недостаточно признаков специальной роли: 0 отправителей, 0 получателей. Это не отсутствие риска. Внешние поступления могут быть скрыты."
100000008314203100,peripheral,0.3786001095715038,38,0.905693950177936,"Недостаточно признаков специальной роли: 2 отправителей, 2 получателей. Это не отсутствие риска. Внешние поступления могут быть скрыты."
100000008418835100,peripheral,0.3726098372822899,14,0.9644128113879004,"Недостаточно признаков специальной роли: 1 отправителей, 4 получателей. Это не отсутствие риска. Внешние поступления могут быть скрыты."
100000008513251100,peripheral,0.35,86,0.004448398576512456,"Недостаточно признаков специальной роли: 0 отправителей, 0 получателей. Это не отсутствие риска. Внешние поступления могут быть скрыты."
100000008516839100,peripheral,0.34481414324569354,17,0.8981316725978647,"Недостаточно признаков специальной роли: 3 отправителей, 0 получателей. Это не отсутствие риска. Внешние поступления могут быть скрыты."
100000008522127100,peripheral,0.7536347262247839,61,0.4470640569395018,"Недостаточно признаков специальной роли: 0 отправителей, 1 получателей. Это не отсутствие риска. Внешние поступления могут быть скрыты."
100000008571433100,peripheral,0.4435193789664551,51,0.8616548042704626,"Недостаточно признаков специальной роли: 2 отправителей, 2 получателей. Это не отсутствие риска. Внешние поступления могут быть скрыты."
100000008575624100,peripheral,0.44984149855907785,47,0.5551601423487544,"Недостаточно признаков специальной роли: 0 отправителей, 3 получателей. Это не отсутствие риска. Внешние поступления могут быть скрыты."
100000008601794100,peripheral,0.42107037624660015,54,0.8220640569395018,"Недостаточно признаков специальной роли: 2 отправителей, 1 получателей. Это не отсутствие риска. Внешние поступления могут быть скрыты."
100000008637537100,peripheral,0.32897694524495674,38,0.9853202846975089,"Недостаточно признаков специальной роли: 3 отправителей, 3 получателей. Это не отсутствие риска. Внешние поступления могут быть скрыты."
100000008650785100,peripheral,0.4504817667208568,5,0.8758896797153025,"Недостаточно признаков специальной роли: 2 отправителей, 2 получателей. Это не отсутствие риска. Внешние поступления могут быть скрыты."
100000008654653100,peripheral,0.8530043227665707,5,0.31005338078291816,"Недостаточно признаков специальной роли: 0 отправителей, 1 получателей. Это не отсутствие риска. Внешние поступления могут быть скрыты."
100000008659445100,peripheral,0.34372838616714696,41,0.9052491103202847,"Недостаточно признаков специальной роли: 3 отправителей, 4 получателей. Это не отсутствие риска. Внешние поступления могут быть скрыты."
100000008669037100,peripheral,0.35,87,0.004448398576512456,"Недостаточно признаков специальной роли: 0 отправителей, 0 получателей. Это не отсутствие риска. Внешние поступления могут быть скрыты."
100000008673001100,peripheral,0.4061287285694185,17,0.673932384341637,"Недостаточно признаков специальной роли: 1 отправителей, 0 получателей. Это не отсутствие риска. Внешние поступления могут быть скрыты."
100000008680731100,distributor,0.9714373198847263,9,0.8847864768683275,"Гипотеза распределения: 27 получателей; выход ≈1,46 млн ₸. Исходящий объём преобладает. Внешние поступления могут быть скрыты."
100000008701222100,peripheral,0.35,88,0.004448398576512456,"Недостаточно признаков специальной роли: 0 отправителей, 0 получателей. Это не отсутствие риска. Внешние поступления могут быть скрыты."
100000008738325100,peripheral,0.8416701458331857,17,0.6917259786476868,"Недостаточно признаков специальной роли: 1 отправителей, 1 получателей. Это не отсутствие риска. Внешние поступления могут быть скрыты."
100000003134937100,peripheral,0.4192448747793862,5,0.5324733096085409,"Недостаточно признаков специальной роли: 1 отправителей, 0 получателей. Это не отсутствие риска. Выборка неполная."
100000005074393100,transit,0.7696384918464119,12,0.983540925266904,"Гипотеза транзита: 4 отправ., 6 получ. Объёмы близки; быстрое прохождение не подтверждено. Выборка неполная."
100000001924185100,terminal,0.9275938270761753,10,0.8376334519572953,"Возможный конечный получатель: вход ≈151,0 тыс. ₸, наблюдаемых выходов 0. Это не полный баланс. Выборка неполная."
100000004070318100,transit,0.897712127904438,0,0.9991103202846975,"Гипотеза транзита: 4 отправ., 19 получ. Есть совпадение сумм в тот же/следующий день. Выборка неполная."
100000005807278100,peripheral,0.4627295961260838,44,0.2713523131672598,"Недостаточно признаков специальной роли: 1 отправителей, 0 получателей. Это не отсутствие риска. Выборка неполная."
100000003377795100,peripheral,0.4421778987779421,7,0.35320284697508897,"Недостаточно признаков специальной роли: 1 отправителей, 0 получателей. Это не отсутствие риска. Выборка неполная."
100000004330371100,peripheral,0.3241957569792915,5,0.9648576512455516,"Недостаточно признаков специальной роли: 2 отправителей, 2 получателей. Это не отсутствие риска. Выборка неполная."
100000008165763100,transit,0.8458364204674503,3,0.9973309608540926,"Гипотеза транзита: 15 отправ., 17 получ. Объёмы близки; быстрое прохождение не подтверждено. Выборка неполная."
100000001684867100,peripheral,0.38837173909893874,5,0.62144128113879,"Недостаточно признаков специальной роли: 1 отправителей, 0 получателей. Это не отсутствие риска. Выборка неполная."
100000003900547100,peripheral,0.39821574884399547,5,0.5903024911032029,"Недостаточно признаков специальной роли: 1 отправителей, 0 получателей. Это не отсутствие риска. Выборка неполная."
100000006656003100,peripheral,0.46073755047106313,1,0.5453736654804271,"Недостаточно признаков специальной роли: 1 отправителей, 1 получателей. Это не отсутствие риска. Выборка неполная."
100000008237827100,peripheral,0.37938405640135986,3,0.6766014234875445,"Недостаточно признаков специальной роли: 1 отправителей, 0 получателей. Это не отсутствие риска. Выборка неполная."
100000003014659100,terminal,0.914228291644932,10,0.724644128113879,"Возможный конечный получатель: вход ≈280,0 тыс. ₸, наблюдаемых выходов 0. Это не полный баланс. Выборка неполная."
100000007939160100,peripheral,0.34114201892019197,42,0.8451957295373665,"Недостаточно признаков специальной роли: 1 отправителей, 2 получателей. Это не отсутствие риска. Выборка неполная."
100000007274584100,peripheral,0.38112917508691757,3,0.6730427046263345,"Недостаточно признаков специальной роли: 1 отправителей, 0 получателей. Это не отсутствие риска. Выборка неполная."
100000001524952100,terminal,0.9020501239042726,0,0.6530249110320284,"Возможный конечный получатель: вход ≈103,8 тыс. ₸, наблюдаемых выходов 0. Это не полный баланс. Выборка неполная."
100000003131693100,terminal,0.9231404584574381,3,0.7348754448398577,"Возможный конечный получатель: вход ≈353,3 тыс. ₸, наблюдаемых выходов 0. Это не полный баланс. Выборка неполная."
100000008383405100,peripheral,0.4173486628422003,21,0.5951957295373665,"Недостаточно признаков специальной роли: 1 отправителей, 0 получателей. Это не отсутствие риска. Выборка неполная."
100000008736173100,peripheral,0.4193354225823564,1,0.38434163701067614,"Недостаточно признаков специальной роли: 1 отправителей, 0 получателей. Это не отсутствие риска. Выборка неполная."
100000002861485100,peripheral,0.39076777178311684,5,0.6134341637010676,"Недостаточно признаков специальной роли: 1 отправителей, 0 получателей. Это не отсутствие риска. Выборка неполная."
100000008745474100,peripheral,0.41205326470915415,1,0.4150355871886121,"Недостаточно признаков специальной роли: 1 отправителей, 0 получателей. Это не отсутствие риска. Выборка неполная."
100000008691330100,peripheral,0.43281481860873217,1,0.32829181494661924,"Недостаточно признаков специальной роли: 1 отправителей, 0 получателей. Это не отсутствие риска. Выборка неполная."
100000007639767100,distributor,0.9528440201729107,30,0.9795373665480427,"Гипотеза распределения: 10 получателей; выход ≈822,2 тыс. ₸. Исходящий объём преобладает. Выборка неполная."
100000002921047100,transit,0.8187028059043364,7,0.9096975088967971,"Гипотеза транзита: 2 отправ., 1 получ. Есть совпадение сумм в тот же/следующий день. Выборка неполная."
100000004783447100,peripheral,0.4247919359642879,1,0.3643238434163701,"Недостаточно признаков специальной роли: 1 отправителей, 0 получателей. Это не отсутствие риска. Выборка неполная."
100000008696919100,peripheral,0.418688086074656,1,0.38923487544483987,"Недостаточно признаков специальной роли: 1 отправителей, 0 получателей. Это не отсутствие риска. Выборка неполная."
100000008736940100,transit,0.783120897099574,41,0.8972419928825622,"Гипотеза транзита: 3 отправ., 3 получ. Есть совпадение сумм в тот же/следующий день. Выборка неполная."
100000005940652100,peripheral,0.444393708415736,38,0.4862099644128114,"Недостаточно признаков специальной роли: 1 отправителей, 0 получателей. Это не отсутствие риска. Выборка неполная."
100000004180097100,peripheral,0.34190336436550267,0,0.9590747330960854,"Недостаточно признаков специальной роли: 3 отправителей, 3 получателей. Это не отсутствие риска. Выборка неполная."
100000005539201100,peripheral,0.464993030356314,5,0.7815836298932385,"Недостаточно признаков специальной роли: 1 отправителей, 1 получателей. Это не отсутствие риска. Выборка неполная."
100000005620225100,peripheral,0.3410760426110607,0,0.7077402135231317,"Недостаточно признаков специальной роли: 2 отправителей, 0 получателей. Это не отсутствие риска. Выборка неполная."
100000004388353100,terminal,0.8971576119718598,10,0.8096085409252669,"Возможный конечный получатель: вход ≈63,0 тыс. ₸, наблюдаемых выходов 0. Это не полный баланс. Выборка неполная."
100000007442518100,distributor,0.9377845821325648,28,0.9839857651245552,"Гипотеза распределения: 9 получателей; выход ≈4,42 млн ₸. Исходящий объём преобладает. Выборка неполная."
100000000267734100,peripheral,0.362078530259366,7,0.9181494661921709,"Недостаточно признаков специальной роли: 2 отправителей, 7 получателей. Это не отсутствие риска. Выборка неполная."
100000001987030100,peripheral,0.41438044252984574,14,0.8865658362989324,"Недостаточно признаков специальной роли: 2 отправителей, 1 получателей. Это не отсутствие риска. Выборка неполная."
100000002603478100,peripheral,0.41311820205529437,9,0.46307829181494664,"Недостаточно признаков специальной роли: 1 отправителей, 0 получателей. Это не отсутствие риска. Выборка неполная."
100000001380054100,peripheral,0.3960878962536023,27,0.891459074733096,"Недостаточно признаков специальной роли: 2 отправителей, 3 получателей. Это не отсутствие риска. Выборка неполная."
100000002992171100,peripheral,0.4466374242446962,1,0.2655693950177936,"Недостаточно признаков специальной роли: 1 отправителей, 0 получателей. Это не отсутствие риска. Выборка неполная."
100000002781227100,transit,0.7967950252556374,61,0.9483985765124555,"Гипотеза транзита: 2 отправ., 3 получ. Объёмы близки; быстрое прохождение не подтверждено. Выборка неполная."
100000008745643100,peripheral,0.43392551893990755,1,0.3211743772241993,"Недостаточно признаков специальной роли: 1 отправителей, 0 получателей. Это не отсутствие риска. Выборка неполная."
100000002836736100,terminal,0.9355436475374979,7,0.7784697508896797,"Возможный конечный получатель: вход ≈509,0 тыс. ₸, наблюдаемых выходов 0. Это не полный баланс. Выборка неполная."
100000004188160100,peripheral,0.403917507204611,5,0.9568505338078291,"Недостаточно признаков специальной роли: 2 отправителей, 5 получателей. Это не отсутствие риска. Выборка неполная."
100000004841728100,terminal,0.8470507462421856,1,0.4181494661921708,"Возможный конечный получатель: вход ≈52,2 тыс. ₸, наблюдаемых выходов 0. Это не полный баланс. Выборка неполная."
100000001554432100,terminal,0.8810416450514953,3,0.6677046263345195,"Возможный конечный получатель: вход ≈53,9 тыс. ₸, наблюдаемых выходов 0. Это не полный баланс. Выборка неполная."
100000008768896100,peripheral,0.4077944748615715,1,0.43416370106761565,"Недостаточно признаков специальной роли: 1 отправителей, 0 получателей. Это не отсутствие риска. Выборка неполная."
100000008232832100,peripheral,0.3788053296258962,38,0.8020462633451957,"Недостаточно признаков специальной роли: 1 отправителей, 1 получателей. Это не отсутствие риска. Выборка неполная."
100000002864256100,terminal,0.902983362619453,3,0.7068505338078291,"Возможный конечный получатель: вход ≈135,8 тыс. ₸, наблюдаемых выходов 0. Это не полный баланс. Выборка неполная."
100000001929088100,terminal,0.932380449137141,7,0.847864768683274,"Возможный конечный получатель: вход ≈396,0 тыс. ₸, наблюдаемых выходов 0. Это не полный баланс. Выборка неполная."
100000002794197100,peripheral,0.4046144951171564,7,0.4875444839857651,"Недостаточно признаков специальной роли: 1 отправителей, 0 получателей. Это не отсутствие риска. Выборка неполная."
100000005669845100,peripheral,0.44160529959294686,27,0.4524021352313167,"Недостаточно признаков специальной роли: 1 отправителей, 0 получателей. Это не отсутствие риска. Выборка неполная."
100000002211413100,peripheral,0.41491315424570474,1,0.40480427046263345,"Недостаточно признаков специальной роли: 1 отправителей, 0 получателей. Это не отсутствие риска. Выборка неполная."
100000002784085100,terminal,0.8994391748956162,2,0.6098754448398577,"Возможный конечный получатель: вход ≈200,0 тыс. ₸, наблюдаемых выходов 0. Это не полный баланс. Выборка неполная."
100000008782421100,peripheral,0.4060723111279241,1,0.4417259786476868,"Недостаточно признаков специальной роли: 1 отправителей, 0 получателей. Это не отсутствие риска. Выборка неполная."
100000003739818100,terminal,0.8825175021568832,3,0.6708185053380783,"Возможный конечный получатель: вход ≈57,3 тыс. ₸, наблюдаемых выходов 0. Это не полный баланс. Выборка неполная."
100000002214570100,peripheral,0.4243485643509698,1,0.3669928825622776,"Недостаточно признаков специальной роли: 1 отправителей, 0 получателей. Это не отсутствие риска. Выборка неполная."
100000006443391100,peripheral,0.38304652306986653,2,0.8807829181494662,"Недостаточно признаков специальной роли: 3 отправителей, 2 получателей. Это не отсутствие риска. Выборка неполная."
100000005473151100,consolidator,0.9384628360804363,8,0.9750889679715302,"Гипотеза сбора: 3 отправителей; вход ≈1,22 млн ₸, выход ≈225,0 тыс. ₸. Входящий объём преобладает. Выборка неполная."
100000005124479100,peripheral,0.3364990059722567,0,0.9426156583629893,"Недостаточно признаков специальной роли: 2 отправителей, 2 получателей. Это не отсутствие риска. Выборка неполная."
100000005527892100,peripheral,0.34162103746397693,4,0.9893238434163701,"Недостаточно признаков специальной роли: 3 отправителей, 8 получателей. Это не отсутствие риска. Выборка неполная."
100000008028628100,terminal,0.8496177678283245,1,0.42838078291814946,"Возможный конечный получатель: вход ≈57,2 тыс. ₸, наблюдаемых выходов 0. Это не полный баланс. Выборка неполная."
100000001953577100,peripheral,0.4435490573802945,1,0.27891459074733094,"Недостаточно признаков специальной роли: 1 отправителей, 0 получателей. Это не отсутствие риска. Выборка неполная."
100000008193577100,peripheral,0.3368713976945245,41,0.9025800711743772,"Недостаточно признаков специальной роли: 2 отправителей, 5 получателей. Это не отсутствие риска. Выборка неполная."
100000008753193100,peripheral,0.4159927770481481,1,0.3999110320284697,"Недостаточно признаков специальной роли: 1 отправителей, 0 получателей. Это не отсутствие риска. Выборка неполная."
100000008746025100,peripheral,0.43225603098286347,1,0.32962633451957296,"Недостаточно признаков специальной роли: 1 отправителей, 0 получателей. Это не отсутствие риска. Выборка неполная."
100000002934441100,terminal,0.9128800029041639,0,0.7157473309608541,"Возможный конечный получатель: вход ≈60,8 тыс. ₸, наблюдаемых выходов 0. Это не полный баланс. Выборка неполная."
100000003701161100,consolidator,0.9619956727087073,20,0.9911032028469751,"Гипотеза сбора: 4 отправителей; вход ≈1,53 млн ₸, выход ≈349,0 тыс. ₸. Входящий объём преобладает. Выборка неполная."
100000006707582100,distributor,0.958306916426513,8,0.972864768683274,"Гипотеза распределения: 14 получателей; выход ≈961,1 тыс. ₸. Исходящий объём преобладает. Выборка неполная."
100000003239379100,terminal,0.8772587264373031,9,0.5462633451957295,"Возможный конечный получатель: вход ≈92,5 тыс. ₸, наблюдаемых выходов 0. Это не полный баланс. Выборка неполная."
100000000979923100,terminal,0.8902148447571985,10,0.6908362989323843,"Возможный конечный получатель: вход ≈97,9 тыс. ₸, наблюдаемых выходов 0. Это не полный баланс. Выборка неполная."
100000001111763100,peripheral,0.44134860767811446,1,0.28870106761565834,"Недостаточно признаков специальной роли: 1 отправителей, 0 получателей. Это не отсутствие риска. Выборка неполная."
100000003865939100,terminal,0.8383746118580127,67,0.5662811387900356,"Возможный конечный получатель: вход ≈81,5 тыс. ₸, наблюдаемых выходов 0. Это не полный баланс. Выборка неполная."
100000002858835100,peripheral,0.4287457183241546,1,0.34830960854092524,"Недостаточно признаков специальной роли: 1 отправителей, 0 получателей. Это не отсутствие риска. Выборка неполная."
100000003404627100,consolidator,0.6336131103299477,38,0.8910142348754448,"Гипотеза сбора: 4 отправителей; вход ≈877,7 тыс. ₸, выход 0,00 ₸. Входящий объём преобладает. Выборка неполная."
100000008691027100,peripheral,0.44012275811251367,1,0.2944839857651246,"Недостаточно признаков специальной роли: 1 отправителей, 0 получателей. Это не отсутствие риска. Выборка неполная."
100000004071080100,consolidator,0.9647437292866593,0,0.9555160142348754,"Гипотеза сбора: 9 отправителей; вход ≈238,6 тыс. ₸, выход ≈46,5 тыс. ₸. Входящий объём преобладает. Выборка неполная."
100000002864680100,terminal,0.865764397890447,9,0.5142348754448398,"Возможный конечный получатель: вход ≈55,9 тыс. ₸, наблюдаемых выходов 0. Это не полный баланс. Выборка неполная."
100000001330685100,consolidator,0.9836599018785259,6,0.9172597864768683,"Гипотеза сбора: 3 отправителей; вход ≈2,44 млн ₸, выход ≈100,5 тыс. ₸. Входящий объём преобладает. Выборка неполная."
100000008745725100,peripheral,0.4078390841059911,1,0.4337188612099644,"Недостаточно признаков специальной роли: 1 отправителей, 0 получателей. Это не отсутствие риска. Выборка неполная."
100000002621949100,terminal,0.9075930955968654,3,0.7144128113879004,"Возможный конечный получатель: вход ≈164,6 тыс. ₸, наблюдаемых выходов 0. Это не полный баланс. Выборка неполная."
100000007908818100,peripheral,0.3137124033144799,3,0.9933274021352313,"Недостаточно признаков специальной роли: 4 отправителей, 6 получателей. Это не отсутствие риска. Выборка неполная."
100000008691495100,peripheral,0.423875644216908,1,0.36877224199288255,"Недостаточно признаков специальной роли: 1 отправителей, 0 получателей. Это не отсутствие риска. Выборка неполная."
100000003832231100,peripheral,0.38319035365737814,3,0.6681494661921709,"Недостаточно признаков специальной роли: 1 отправителей, 0 получателей. Это не отсутствие риска. Выборка неполная."
100000002371751100,peripheral,0.7146561081869613,59,0.7611209964412812,"Недостаточно признаков специальной роли: 1 отправителей, 1 получателей. Это не отсутствие риска. Выборка неполная."
100000002894076100,consolidator,0.6623876830881519,7,0.927491103202847,"Гипотеза сбора: 4 отправителей; вход ≈1,12 млн ₸, выход 0,00 ₸. Входящий объём преобладает. Выборка неполная."
100000001362940100,terminal,0.8903571281980631,3,0.6859430604982206,"Возможный конечный получатель: вход ≈81,0 тыс. ₸, наблюдаемых выходов 0. Это не полный баланс. Выборка неполная."
100000008741372100,peripheral,0.41555181631181043,1,0.4025800711743772,"Недостаточно признаков специальной роли: 1 отправителей, 0 получателей. Это не отсутствие риска. Выборка неполная."
100000002618492100,terminal,0.9328146485755053,10,0.8322953736654805,"Возможный конечный получатель: вход ≈296,5 тыс. ₸, наблюдаемых выходов 0. Это не полный баланс. Выборка неполная."
100000002750332100,peripheral,0.42915310029072934,2,0.41548042704626337,"Недостаточно признаков специальной роли: 1 отправителей, 0 получателей. Это не отсутствие риска. Выборка неполная."
100000004948177100,consolidator,0.7407751959011417,5,0.8064946619217082,"Гипотеза сбора: 3 отправителей; вход ≈437,2 тыс. ₸, выход 0,00 ₸. Входящий объём преобладает. Выборка неполная."
100000002511825100,terminal,0.889641040190168,0,0.6209964412811388,"Возможный конечный получатель: вход ≈65,0 тыс. ₸, наблюдаемых выходов 0. Это не полный баланс. Выборка неполная."
100000008566737100,terminal,0.9394068890524716,0,0.8514234875444839,"Возможный конечный получатель: вход ≈230,0 тыс. ₸, наблюдаемых выходов 0. Это не полный баланс. Выборка неполная."
100000008661585100,peripheral,0.41110749965933335,1,0.4194839857651246,"Недостаточно признаков специальной роли: 1 отправителей, 0 получателей. Это не отсутствие риска. Выборка неполная."
100000004759121100,peripheral,0.29752017066132064,0,0.9848754448398577,"Недостаточно признаков специальной роли: 6 отправителей, 2 получателей. Это не отсутствие риска. Выборка неполная."
100000004360785100,terminal,0.8921139283838906,5,0.6610320284697508,"Возможный конечный получатель: вход ≈94,7 тыс. ₸, наблюдаемых выходов 0. Это не полный баланс. Выборка неполная."
100000005092518100,peripheral,0.42550557423963214,1,0.36165480427046265,"Недостаточно признаков специальной роли: 1 отправителей, 0 получателей. Это не отсутствие риска. Выборка неполная."
100000008737958100,terminal,0.8622267968948369,1,0.5155693950177936,"Возможный конечный получатель: вход ≈53,4 тыс. ₸, наблюдаемых выходов 0. Это не полный баланс. Выборка неполная."
100000003044518100,peripheral,0.4019437135210283,7,0.49644128113879005,"Недостаточно признаков специальной роли: 1 отправителей, 0 получателей. Это не отсутствие риска. Выборка неполная."
100000004159526100,consolidator,0.928632967882874,13,0.974644128113879,"Гипотеза сбора: 4 отправителей; вход ≈275,0 тыс. ₸, выход ≈68,0 тыс. ₸. Входящий объём преобладает. Выборка неполная."
100000007544358100,transit,0.4631306946460154,5,0.844306049822064,"Гипотеза транзита: 2 отправ., 1 получ. Объёмы близки; быстрое прохождение не подтверждено. Выборка неполная."
100000005901606100,peripheral,0.41575708784135945,1,0.4012455516014235,"Недостаточно признаков специальной роли: 1 отправителей, 0 получателей. Это не отсутствие риска. Выборка неполная."
100000006658598100,peripheral,0.42411355792110517,5,0.5195729537366548,"Недостаточно признаков специальной роли: 1 отправителей, 0 получателей. Это не отсутствие риска. Выборка неполная."
100000002793851100,peripheral,0.4185315872124626,5,0.5364768683274022,"Недостаточно признаков специальной роли: 1 отправителей, 0 получателей. Это не отсутствие риска. Выборка неполная."
100000005612411100,distributor,0.7554584846563613,3,0.9737544483985765,"Гипотеза распределения: 8 получателей; выход ≈507,0 тыс. ₸. Исходящий объём преобладает. Выборка неполная."
100000007511163100,peripheral,0.4052026744568345,5,0.9185943060498221,"Недостаточно признаков специальной роли: 2 отправителей, 3 получателей. Это не отсутствие риска. Выборка неполная."
100000002648315100,peripheral,0.4568579051614106,7,0.7473309608540926,"Недостаточно признаков специальной роли: 1 отправителей, 2 получателей. Это не отсутствие риска. Выборка неполная."
100000004739664100,peripheral,0.8729847665579915,1,0.40658362989323843,"Недостаточно признаков специальной роли: 1 отправителей, 1 получателей. Это не отсутствие риска. Выборка неполная."
100000003713616100,peripheral,0.4108897611693501,5,0.5587188612099644,"Недостаточно признаков специальной роли: 1 отправителей, 0 получателей. Это не отсутствие риска. Выборка неполная."
100000003476560100,terminal,0.8777339542305771,3,0.6637010676156584,"Возможный конечный получатель: вход ≈50,0 тыс. ₸, наблюдаемых выходов 0. Это не полный баланс. Выборка неполная."
100000008782800100,peripheral,0.41074569612362655,1,0.42037366548042704,"Недостаточно признаков специальной роли: 1 отправителей, 0 получателей. Это не отсутствие риска. Выборка неполная."
100000004218576100,peripheral,0.4254590785298451,1,0.3620996441281139,"Недостаточно признаков специальной роли: 1 отправителей, 0 получателей. Это не отсутствие риска. Выборка неполная."
100000003299365100,transit,0.7340124495289369,3,0.8176156583629893,"Гипотеза транзита: 1 отправ., 1 получ. Есть совпадение сумм в тот же/следующий день. Выборка неполная."
100000008730021100,terminal,0.896475134484346,14,0.7268683274021353,"Возможный конечный получатель: вход ≈75,6 тыс. ₸, наблюдаемых выходов 0. Это не полный баланс. Выборка неполная."
100000002757797100,terminal,0.8799670855761913,9,0.5529359430604982,"Возможный конечный получатель: вход ≈100,0 тыс. ₸, наблюдаемых выходов 0. Это не полный баланс. Выборка неполная."
100000002845605100,terminal,0.8871112685400719,0,0.6116548042704626,"Возможный конечный получатель: вход ≈57,6 тыс. ₸, наблюдаемых выходов 0. Это не полный баланс. Выборка неполная."
100000000817146100,terminal,0.8478848570925892,5,0.672153024911032,"Возможный конечный получатель: вход ≈70,0 тыс. ₸, наблюдаемых выходов 0. Это не полный баланс. Выборка неполная."
100000002957306100,terminal,0.9467146580440753,10,0.8781138790035588,"Возможный конечный получатель: вход ≈398,5 тыс. ₸, наблюдаемых выходов 0. Это не полный баланс. Выборка неполная."
100000008188026100,peripheral,0.3864265129682997,14,0.952846975088968,"Недостаточно признаков специальной роли: 2 отправителей, 4 получателей. Это не отсутствие риска. Выборка неполная."
100000004790991100,terminal,0.9379703686895571,5,0.7713523131672598,"Возможный конечный получатель: вход ≈239,4 тыс. ₸, наблюдаемых выходов 0. Это не полный баланс. Выборка неполная."
100000002973903100,consolidator,0.688096886970859,9,0.8407473309608541,"Гипотеза сбора: 3 отправителей; вход ≈92,9 тыс. ₸, выход 0,00 ₸. Входящий объём преобладает. Выборка неполная."
100000004325327100,transit,0.502496965711024,0,0.8856761565836299,"Гипотеза транзита: 2 отправ., 1 получ. Объёмы близки; быстрое прохождение не подтверждено. Выборка неполная."
100000001477796100,terminal,0.9027889799011175,3,0.6321174377224199,"Возможный конечный получатель: вход ≈182,0 тыс. ₸, наблюдаемых выходов 0. Это не полный баланс. Выборка неполная."
100000007536804100,peripheral,0.4587212173276525,7,0.7642348754448398,"Недостаточно признаков специальной роли: 1 отправителей, 2 получателей. Это не отсутствие риска. Выборка неполная."
100000008665380100,transit,0.783454307769817,0,0.8265124555160143,"Гипотеза транзита: 2 отправ., 1 получ. Есть совпадение сумм в тот же/следующий день. Выборка неполная."
100000001870116100,peripheral,0.42921194464837853,1,0.3447508896797153,"Недостаточно признаков специальной роли: 1 отправителей, 0 получателей. Это не отсутствие риска. Выборка неполная."
100000001074553100,peripheral,0.37118483680870346,2,0.8131672597864769,"Недостаточно признаков специальной роли: 2 отправителей, 0 получателей. Это не отсутствие риска. Выборка неполная."
100000000978041100,peripheral,0.41032676837158566,1,0.4228202846975089,"Недостаточно признаков специальной роли: 1 отправителей, 0 получателей. Это не отсутствие риска. Выборка неполная."
100000002603769100,consolidator,0.6735712483712009,0,0.8149466192170819,"Гипотеза сбора: 3 отправителей; вход ≈1,19 млн ₸, выход 0,00 ₸. Входящий объём преобладает. Выборка неполная."
100000005034574100,terminal,0.8952211140593198,63,0.7411032028469751,"Возможный конечный получатель: вход ≈258,8 тыс. ₸, наблюдаемых выходов 0. Это не полный баланс. Выборка неполная."
100000002958286100,terminal,0.9046315173260364,2,0.6254448398576512,"Возможный конечный получатель: вход ≈257,0 тыс. ₸, наблюдаемых выходов 0. Это не полный баланс. Выборка неполная."
100000005634552100,peripheral,0.39213256484149855,0,0.876779359430605,"Недостаточно признаков специальной роли: 1 отправителей, 3 получателей. Это не отсутствие риска. Выборка неполная."
100000008736760100,terminal,0.8485950745988896,1,0.42437722419928825,"Возможный конечный получатель: вход ≈54,8 тыс. ₸, наблюдаемых выходов 0. Это не полный баланс. Выборка неполная."
100000008701944100,terminal,0.857878895310762,14,0.6005338078291815,"Возможный конечный получатель: вход ≈52,1 тыс. ₸, наблюдаемых выходов 0. Это не полный баланс. Выборка неполная."
100000008748408100,distributor,0.9704971181556197,7,0.947508896797153,"Гипотеза распределения: 21 получателей; выход ≈1,50 млн ₸. Исходящий объём преобладает. Выборка неполная."
100000008486520100,peripheral,0.41604538923633033,5,0.7984875444839857,"Недостаточно признаков специальной роли: 1 отправителей, 1 получателей. Это не отсутствие риска. Выборка неполная."
100000003163256100,peripheral,0.852350225656489,5,0.6841637010676157,"Недостаточно признаков специальной роли: 1 отправителей, 1 получателей. Это не отсутствие риска. Выборка неполная."
100000003102157100,terminal,0.9285685059355264,0,0.7237544483985765,"Возможный конечный получатель: вход ≈96,7 тыс. ₸, наблюдаемых выходов 0. Это не полный баланс. Выборка неполная."
100000004741837100,peripheral,0.3946241338835062,5,0.5991992882562278,"Недостаточно признаков специальной роли: 1 отправителей, 0 получателей. Это не отсутствие риска. Выборка неполная."
100000008443341100,peripheral,0.37894194843062445,0,0.9399466192170819,"Недостаточно признаков специальной роли: 2 отправителей, 3 получателей. Это не отсутствие риска. Выборка неполная."
100000004792397100,terminal,0.8555366932167654,1,0.46441281138790036,"Возможный конечный получатель: вход ≈73,5 тыс. ₸, наблюдаемых выходов 0. Это не полный баланс. Выборка неполная."
100000003809101100,peripheral,0.34950448794492484,10,0.9368327402135231,"Недостаточно признаков специальной роли: 2 отправителей, 2 получателей. Это не отсутствие риска. Выборка неполная."
100000002838861100,consolidator,0.9608123896871325,2,0.9595195729537367,"Гипотеза сбора: 5 отправителей; вход ≈554,5 тыс. ₸, выход ≈10,0 тыс. ₸. Входящий объём преобладает. Выборка неполная."
100000008560717100,consolidator,0.985751224963024,6,0.9501779359430605,"Гипотеза сбора: 7 отправителей; вход ≈529,0 тыс. ₸, выход ≈25,0 тыс. ₸. Входящий объём преобладает. Выборка неполная."
100000008693069100,peripheral,0.43570632460122805,1,0.3136120996441281,"Недостаточно признаков специальной роли: 1 отправителей, 0 получателей. Это не отсутствие риска. Выборка неполная."
100000008672162100,peripheral,0.4438448525152393,1,0.27846975088967973,"Недостаточно признаков специальной роли: 1 отправителей, 0 получателей. Это не отсутствие риска. Выборка неполная."
100000007311010100,peripheral,0.3690528721015772,3,0.8434163701067615,"Недостаточно признаков специальной роли: 2 отправителей, 1 получателей. Это не отсутствие риска. Выборка неполная."
100000005505655100,peripheral,0.4078692593095472,23,0.9479537366548043,"Недостаточно признаков специальной роли: 2 отправителей, 1 получателей. Это не отсутствие риска. Выборка неполная."
100000004707703100,transit,0.8746622127412734,5,0.9448398576512456,"Гипотеза транзита: 2 отправ., 5 получ. Объёмы близки; быстрое прохождение не подтверждено. Выборка неполная."
100000004005964100,peripheral,0.4070569435479614,22,0.8300711743772242,"Недостаточно признаков специальной роли: 3 отправителей, 3 получателей. Это не отсутствие риска. Выборка неполная."
100000008244300100,consolidator,0.7648837347070844,6,0.8540925266903915,"Гипотеза сбора: 5 отправителей; вход ≈65,4 тыс. ₸, выход 0,00 ₸. Входящий объём преобладает. Выборка неполная."
100000002692044100,terminal,0.8785706859753883,9,0.5511565836298933,"Возможный конечный получатель: вход ≈97,0 тыс. ₸, наблюдаемых выходов 0. Это не полный баланс. Выборка неполная."
100000001103905100,peripheral,0.43890532419279926,1,0.30071174377224197,"Недостаточно признаков специальной роли: 1 отправителей, 0 получателей. Это не отсутствие риска. Выборка неполная."
100000008755361100,peripheral,0.44657383979466403,1,0.2664590747330961,"Недостаточно признаков специальной роли: 1 отправителей, 0 получателей. Это не отсутствие риска. Выборка неполная."
100000002810870100,peripheral,0.41783449563948805,1,0.39412811387900354,"Недостаточно признаков специальной роли: 1 отправителей, 0 получателей. Это не отсутствие риска. Выборка неполная."
100000005897462100,terminal,0.8904393408780009,10,0.6912811387900356,"Возможный конечный получатель: вход ≈98,4 тыс. ₸, наблюдаемых выходов 0. Это не полный баланс. Выборка неполная."
100000000941942100,terminal,0.9021523152057447,3,0.7055160142348754,"Возможный конечный получатель: вход ≈130,0 тыс. ₸, наблюдаемых выходов 0. Это не полный баланс. Выборка неполная."
100000008723830100,transit,0.8570804691488607,5,0.8718861209964412,"Гипотеза транзита: 2 отправ., 1 получ. Есть совпадение сумм в тот же/следующий день. Выборка неполная."
100000008776576100,peripheral,0.4463052258163512,1,0.26734875444839856,"Недостаточно признаков специальной роли: 1 отправителей, 0 получателей. Это не отсутствие риска. Выборка неполная."
100000005432267100,terminal,0.9479793379522196,3,0.8447508896797153,"Возможный конечный получатель: вход ≈350,0 тыс. ₸, наблюдаемых выходов 0. Это не полный баланс. Выборка неполная."
100000006745291100,terminal,0.8858309040170438,10,0.6814946619217082,"Возможный конечный получатель: вход ≈82,5 тыс. ₸, наблюдаемых выходов 0. Это не полный баланс. Выборка неполная."
100000008670667100,peripheral,0.4440751089401735,1,0.27669039145907476,"Недостаточно признаков специальной роли: 1 отправителей, 0 получателей. Это не отсутствие риска. Выборка неполная."
100000002480800100,terminal,0.9542039019760611,3,0.8056049822064056,"Возможный конечный получатель: вход ≈569,3 тыс. ₸, наблюдаемых выходов 0. Это не полный баланс. Выборка неполная."
100000002182176100,peripheral,0.37368696568697296,0,0.6281138790035588,"Недостаточно признаков специальной роли: 1 отправителей, 0 получателей. Это не отсутствие риска. Выборка неполная."
100000008219168100,terminal,0.884252232052212,7,0.6138790035587188,"Возможный конечный получатель: вход ≈53,2 тыс. ₸, наблюдаемых выходов 0. Это не полный баланс. Выборка неполная."
100000004226848100,terminal,0.9209775606641726,3,0.7308718861209964,"Возможный конечный получатель: вход ≈301,9 тыс. ₸, наблюдаемых выходов 0. Это не полный баланс. Выборка неполная."
100000006326645100,peripheral,0.42650587505328574,1,0.3545373665480427,"Недостаточно признаков специальной роли: 1 отправителей, 0 получателей. Это не отсутствие риска. Выборка неполная."
100000003589877100,transit,0.8507399311078833,2,0.9564056939501779,"Гипотеза транзита: 2 отправ., 6 получ. Есть совпадение сумм в тот же/следующий день. Выборка неполная."
100000003942602100,transit,0.7340124495289369,1,0.6494661921708185,"Гипотеза транзита: 1 отправ., 1 получ. Есть совпадение сумм в тот же/следующий день. Выборка неполная."
100000000922570100,peripheral,0.8428314823209428,9,0.5622775800711743,"Недостаточно признаков специальной роли: 1 отправителей, 1 получателей. Это не отсутствие риска. Выборка неполная."
100000005079754100,peripheral,0.5818739862447165,3,0.902135231316726,"Недостаточно признаков специальной роли: 1 отправителей, 2 получателей. Это не отсутствие риска. Выборка неполная."
100000003187359100,peripheral,0.43751071494247484,1,0.3087188612099644,"Недостаточно признаков специальной роли: 1 отправителей, 0 получателей. Это не отсутствие риска. Выборка неполная."
100000000998559100,terminal,0.8963697484265307,3,0.6979537366548043,"Возможный конечный получатель: вход ≈100,0 тыс. ₸, наблюдаемых выходов 0. Это не полный баланс. Выборка неполная."
100000008690932100,peripheral,0.4314529029326287,1,0.33407473309608543,"Недостаточно признаков специальной роли: 1 отправителей, 0 получателей. Это не отсутствие риска. Выборка неполная."
100000008773876100,peripheral,0.42545893257660267,1,0.3612099644128114,"Недостаточно признаков специальной роли: 1 отправителей, 0 получателей. Это не отсутствие риска. Выборка неполная."
100000006789108100,peripheral,0.38651358321536977,10,0.6659252669039146,"Недостаточно признаков специальной роли: 1 отправителей, 0 получателей. Это не отсутствие риска. Выборка неполная."
100000004058740100,peripheral,0.4210280816811107,1,0.3798932384341637,"Недостаточно признаков специальной роли: 1 отправителей, 0 получателей. Это не отсутствие риска. Выборка неполная."
100000007641801100,terminal,0.8937934712325013,7,0.5805160142348754,"Возможный конечный получатель: вход ≈200,0 тыс. ₸, наблюдаемых выходов 0. Это не полный баланс. Выборка неполная."
100000000555721100,terminal,0.9305957609334583,0,0.7922597864768683,"Возможный конечный получатель: вход ≈113,0 тыс. ₸, наблюдаемых выходов 0. Это не полный баланс. Выборка неполная."
100000008729801100,peripheral,0.4400516469071793,1,0.29537366548042704,"Недостаточно признаков специальной роли: 1 отправителей, 0 получателей. Это не отсутствие риска. Выборка неполная."
100000004664905100,terminal,0.9376235616825132,5,0.7793594306049823,"Возможный конечный получатель: вход ≈329,0 тыс. ₸, наблюдаемых выходов 0. Это не полный баланс. Выборка неполная."
100000003057225100,terminal,0.9131364883337124,5,0.6983985765124555,"Возможный конечный получатель: вход ≈236,0 тыс. ₸, наблюдаемых выходов 0. Это не полный баланс. Выборка неполная."
100000000703902100,peripheral,0.4261521556068304,1,0.3580960854092527,"Недостаточно признаков специальной роли: 1 отправителей, 0 получателей. Это не отсутствие риска. Выборка неполная."
100000008720798100,peripheral,0.44393977189149714,1,0.2780249110320285,"Недостаточно признаков специальной роли: 1 отправителей, 0 получателей. Это не отсутствие риска. Выборка неполная."
100000001411870100,terminal,0.950532054481294,7,0.7869217081850534,"Возможный конечный получатель: вход ≈900,0 тыс. ₸, наблюдаемых выходов 0. Это не полный баланс. Выборка неполная."
100000008556318100,terminal,0.9258727456210816,3,0.7606761565836299,"Возможный конечный получатель: вход ≈180,1 тыс. ₸, наблюдаемых выходов 0. Это не полный баланс. Выборка неполная."
100000002720627100,terminal,0.9069904831203865,10,0.7161921708185054,"Возможный конечный получатель: вход ≈199,3 тыс. ₸, наблюдаемых выходов 0. Это не полный баланс. Выборка неполная."
100000003022835100,terminal,0.9014264910833957,3,0.7041814946619217,"Возможный конечный получатель: вход ≈125,0 тыс. ₸, наблюдаемых выходов 0. Это не полный баланс. Выборка неполная."
100000008304115100,terminal,0.8628676164631497,9,0.5071174377224199,"Возможный конечный получатель: вход ≈51,0 тыс. ₸, наблюдаемых выходов 0. Это не полный баланс. Выборка неполная."
100000003886323100,peripheral,0.33159637005420506,5,0.8625444839857651,"Недостаточно признаков специальной роли: 2 отправителей, 1 получателей. Это не отсутствие риска. Выборка неполная."
100000000607731100,peripheral,0.8690294902922187,27,0.5667259786476868,"Недостаточно признаков специальной роли: 1 отправителей, 1 получателей. Это не отсутствие риска. Выборка неполная."
100000005961971100,peripheral,0.40749268884032297,1,0.4372775800711744,"Недостаточно признаков специальной роли: 1 отправителей, 0 получателей. Это не отсутствие риска. Выборка неполная."
100000000440392100,terminal,0.9202279114608176,5,0.751779359430605,"Возможный конечный получатель: вход ≈105,7 тыс. ₸, наблюдаемых выходов 0. Это не полный баланс. Выборка неполная."
100000004105288100,terminal,0.9255710763996192,3,0.7887010676156584,"Возможный конечный получатель: вход ≈215,0 тыс. ₸, наблюдаемых выходов 0. Это не полный баланс. Выборка неполная."
100000008169544100,peripheral,0.3686389446883633,5,0.9199288256227758,"Недостаточно признаков специальной роли: 1 отправителей, 4 получателей. Это не отсутствие риска. Выборка неполная."
100000004186824100,peripheral,0.2899333756217822,5,0.8340747330960854,"Недостаточно признаков специальной роли: 2 отправителей, 1 получателей. Это не отсутствие риска. Выборка неполная."
100000008672200100,peripheral,0.4572909366142359,1,0.2313167259786477,"Недостаточно признаков специальной роли: 1 отправителей, 0 получателей. Это не отсутствие риска. Выборка неполная."
100000002188829100,terminal,0.9252124414005146,3,0.7379893238434164,"Возможный конечный получатель: вход ≈400,0 тыс. ₸, наблюдаемых выходов 0. Это не полный баланс. Выборка неполная."
100000008717341100,peripheral,0.44664539250533947,1,0.26512455516014233,"Недостаточно признаков специальной роли: 1 отправителей, 0 получателей. Это не отсутствие риска. Выборка неполная."
100000002214301100,peripheral,0.4529347320015236,0,0.895017793594306,"Недостаточно признаков специальной роли: 1 отправителей, 1 получателей. Это не отсутствие риска. Выборка неполная."
100000002565277100,terminal,0.9279752196283673,3,0.7428825622775801,"Возможный конечный получатель: вход ≈483,3 тыс. ₸, наблюдаемых выходов 0. Это не полный баланс. Выборка неполная."
100000005546031100,consolidator,0.8838611761065358,47,0.798932384341637,"Гипотеза сбора: 3 отправителей; вход ≈66,8 тыс. ₸, выход ≈8,0 тыс. ₸. Входящий объём преобладает. Выборка неполная."
100000003449074100,peripheral,0.4141643617623265,0,0.5146797153024911,"Недостаточно признаков специальной роли: 1 отправителей, 0 получателей. Это не отсутствие риска. Выборка неполная."
100000008748914100,distributor,0.9801747118155619,3,0.9902135231316725,"Гипотеза распределения: 13 получателей; выход ≈4,47 млн ₸. Исходящий объём преобладает. Выборка неполная."
100000004744306100,peripheral,0.5208915706051872,17,0.875,"Недостаточно признаков специальной роли: 1 отправителей, 2 получателей. Это не отсутствие риска. Выборка неполная."
100000003158727100,consolidator,0.6185072289039386,7,0.8580960854092526,"Гипотеза сбора: 3 отправителей; вход ≈367,9 тыс. ₸, выход 0,00 ₸. Входящий объём преобладает. Выборка неполная."
100000001389255100,peripheral,0.4425301782700072,1,0.2842526690391459,"Недостаточно признаков специальной роли: 1 отправителей, 0 получателей. Это не отсутствие риска. Выборка неполная."
100000008695495100,peripheral,0.4333270262311098,1,0.326067615658363,"Недостаточно признаков специальной роли: 1 отправителей, 0 получателей. Это не отсутствие риска. Выборка неполная."
100000004015047100,consolidator,0.9676644881860741,7,0.9719750889679716,"Гипотеза сбора: 9 отправителей; вход ≈919,1 тыс. ₸, выход ≈69,2 тыс. ₸. Входящий объём преобладает. Выборка неполная."
100000005183943100,terminal,0.9033550376043562,42,0.7709074733096085,"Возможный конечный получатель: вход ≈680,9 тыс. ₸, наблюдаемых выходов 0. Это не полный баланс. Выборка неполная."
100000003004487100,peripheral,0.36879816409791477,29,0.9777580071174378,"Недостаточно признаков специальной роли: 4 отправителей, 2 получателей. Это не отсутствие риска. Выборка неполная."
100000003042994100,terminal,0.9435199617048232,5,0.7691281138790036,"Возможный конечный получатель: вход ≈286,1 тыс. ₸, наблюдаемых выходов 0. Это не полный баланс. Выборка неполная."
100000001899164100,peripheral,0.3157032946157503,9,0.9804270462633452,"Недостаточно признаков специальной роли: 4 отправителей, 3 получателей. Это не отсутствие риска. Выборка неполная."
100000003946524100,transit,0.5389954496101556,3,0.925711743772242,"Гипотеза транзита: 2 отправ., 2 получ. Объёмы близки; быстрое прохождение не подтверждено. Выборка неполная."
100000008717340100,peripheral,0.41165123595774794,1,0.4168149466192171,"Недостаточно признаков специальной роли: 1 отправителей, 0 получателей. Это не отсутствие риска. Выборка неполная."
100000003831324100,terminal,0.9183666780807118,7,0.7940391459074733,"Возможный конечный получатель: вход ≈300,0 тыс. ₸, наблюдаемых выходов 0. Это не полный баланс. Выборка неполная."
100000008129393100,peripheral,0.46304723997278924,52,0.34653024911032027,"Недостаточно признаков специальной роли: 1 отправителей, 0 получателей. Это не отсутствие риска. Выборка неполная."
100000004388209100,peripheral,0.45057167303846624,1,0.24866548042704625,"Недостаточно признаков специальной роли: 1 отправителей, 0 получателей. Это не отсутствие риска. Выборка неполная."
100000000706545100,consolidator,0.9710036926717236,5,0.8892348754448398,"Гипотеза сбора: 3 отправителей; вход ≈1,07 млн ₸, выход ≈75,8 тыс. ₸. Входящий объём преобладает. Выборка неполная."
100000004497606100,peripheral,0.44397944221105157,1,0.2773576512455516,"Недостаточно признаков специальной роли: 1 отправителей, 0 получателей. Это не отсутствие риска. Выборка неполная."
100000008470470100,peripheral,0.41781177750738097,1,0.3932384341637011,"Недостаточно признаков специальной роли: 1 отправителей, 0 получателей. Это не отсутствие риска. Выборка неполная."
100000004318918100,terminal,0.8839584381506718,10,0.6779359430604982,"Возможный конечный получатель: вход ≈75,6 тыс. ₸, наблюдаемых выходов 0. Это не полный баланс. Выборка неполная."
100000005228059100,peripheral,0.4258332966005376,1,0.3594306049822064,"Недостаточно признаков специальной роли: 1 отправителей, 0 получателей. Это не отсутствие риска. Выборка неполная."
100000001609499100,consolidator,0.9561497301174394,0,0.9234875444839857,"Гипотеза сбора: 3 отправителей; вход ≈263,1 тыс. ₸, выход ≈21,0 тыс. ₸. Входящий объём преобладает. Выборка неполная."
100000002824176100,terminal,0.8814865714033158,7,0.6347864768683275,"Возможный конечный получатель: вход ≈144,0 тыс. ₸, наблюдаемых выходов 0. Это не полный баланс. Выборка неполная."
100000001363952100,peripheral,0.35657117570664465,4,0.8741103202846975,"Недостаточно признаков специальной роли: 2 отправителей, 1 получателей. Это не отсутствие риска. Выборка неполная."
100000001049200100,peripheral,0.37767289937159093,16,0.9470640569395018,"Недостаточно признаков специальной роли: 2 отправителей, 4 получателей. Это не отсутствие риска. Выборка неполная."
100000002662768100,terminal,0.8845051254627787,3,0.5787366548042705,"Возможный конечный получатель: вход ≈84,3 тыс. ₸, наблюдаемых выходов 0. Это не полный баланс. Выборка неполная."
100000004737477100,transit,0.6040110737258633,0,0.8371886120996441,"Гипотеза транзита: 2 отправ., 1 получ. Объёмы близки; быстрое прохождение не подтверждено. Выборка неполная."
100000008680451100,peripheral,0.4305161499325295,1,0.33852313167259784,"Недостаточно признаков специальной роли: 1 отправителей, 0 получателей. Это не отсутствие риска. Выборка неполная."
100000001952325100,terminal,0.8783659307275398,1,0.576067615658363,"Возможный конечный получатель: вход ≈77,9 тыс. ₸, наблюдаемых выходов 0. Это не полный баланс. Выборка неполная."
100000008751429100,consolidator,0.9113281318592061,41,0.8687722419928826,"Гипотеза сбора: 3 отправителей; вход ≈386,2 тыс. ₸, выход ≈72,6 тыс. ₸. Входящий объём преобладает. Выборка неполная."
100000001960517100,terminal,0.8891234154385557,7,0.6623665480427047,"Возможный конечный получатель: вход ≈200,0 тыс. ₸, наблюдаемых выходов 0. Это не полный баланс. Выборка неполная."
100000008686234100,peripheral,0.37572995444740076,0,0.6236654804270463,"Недостаточно признаков специальной роли: 1 отправителей, 0 получателей. Это не отсутствие риска. Выборка неполная."
100000004213658100,peripheral,0.42639411545853245,1,0.35587188612099646,"Недостаточно признаков специальной роли: 1 отправителей, 0 получателей. Это не отсутствие риска. Выборка неполная."
100000001194266100,terminal,0.8777930211539691,3,0.6641459074733096,"Возможный конечный получатель: вход ≈50,0 тыс. ₸, наблюдаемых выходов 0. Это не полный баланс. Выборка неполная."
100000002243354100,peripheral,0.43359297814214476,1,0.3233985765124555,"Недостаточно признаков специальной роли: 1 отправителей, 0 получателей. Это не отсутствие риска. Выборка неполная."
100000006069103100,transit,0.6826025705053724,5,0.9314946619217082,"Гипотеза транзита: 3 отправ., 3 получ. Объёмы близки; быстрое прохождение не подтверждено. Выборка неполная."
100000002760175100,terminal,0.905468195742476,10,0.7139679715302492,"Возможный конечный получатель: вход ≈187,4 тыс. ₸, наблюдаемых выходов 0. Это не полный баланс. Выборка неполная."
100000003567087100,terminal,0.8513732240909659,1,0.4395017793594306,"Возможный конечный получатель: вход ≈62,1 тыс. ₸, наблюдаемых выходов 0. Это не полный баланс. Выборка неполная."
100000008229700100,peripheral,0.4613812950242536,9,0.5814056939501779,"Недостаточно признаков специальной роли: 1 отправителей, 1 получателей. Это не отсутствие риска. Выборка неполная."
100000004076740100,peripheral,0.36699027377521615,32,0.9808718861209964,"Недостаточно признаков специальной роли: 3 отправителей, 6 получателей. Это не отсутствие риска. Выборка неполная."
100000003284932100,terminal,0.8864431781559621,3,0.6792704626334519,"Возможный конечный получатель: вход ≈69,9 тыс. ₸, наблюдаемых выходов 0. Это не полный баланс. Выборка неполная."
100000008071620100,peripheral,0.37086595733136385,0,0.6374555160142349,"Недостаточно признаков специальной роли: 1 отправителей, 0 получателей. Это не отсутствие риска. Выборка неполная."
100000003235780100,terminal,0.9100966388222596,0,0.7255338078291815,"Возможный конечный получатель: вход ≈65,0 тыс. ₸, наблюдаемых выходов 0. Это не полный баланс. Выборка неполная."
100000005363908100,transit,0.7340124495289369,47,0.574288256227758,"Гипотеза транзита: 1 отправ., 1 получ. Есть совпадение сумм в тот же/следующий день. Выборка неполная."
100000001851289100,terminal,0.9341525453326942,5,0.7508896797153025,"Возможный конечный получатель: вход ≈109,5 тыс. ₸, наблюдаемых выходов 0. Это не полный баланс. Выборка неполная."
100000002870937100,terminal,0.872573930573862,7,0.5262455516014235,"Возможный конечный получатель: вход ≈83,7 тыс. ₸, наблюдаемых выходов 0. Это не полный баланс. Выборка неполная."
100000002152857100,peripheral,0.3425774495677234,25,0.9541814946619217,"Недостаточно признаков специальной роли: 1 отправителей, 5 получателей. Это не отсутствие риска. Выборка неполная."
100000002600345100,terminal,0.8934589350053419,5,0.6886120996441281,"Возможный конечный получатель: вход ≈52,4 тыс. ₸, наблюдаемых выходов 0. Это не полный баланс. Выборка неполная."
100000002580377100,peripheral,0.3807223311095903,5,0.8038256227758007,"Недостаточно признаков специальной роли: 1 отправителей, 1 получателей. Это не отсутствие риска. Выборка неполная."
100000004094958100,transit,0.7254719653887031,47,0.6654804270462633,"Гипотеза транзита: 1 отправ., 1 получ. Есть совпадение сумм в тот же/следующий день. Выборка неполная."
100000002609774100,peripheral,0.4600924490599584,8,0.8425266903914591,"Недостаточно признаков специальной роли: 1 отправителей, 1 получателей. Это не отсутствие риска. Выборка неполная."
100000002596035100,terminal,0.9103686104840957,10,0.7206405693950177,"Возможный конечный получатель: вход ≈231,6 тыс. ₸, наблюдаемых выходов 0. Это не полный баланс. Выборка неполная."
100000004664515100,peripheral,0.376709101796596,0,0.619661921708185,"Недостаточно признаков специальной роли: 1 отправителей, 0 получателей. Это не отсутствие риска. Выборка неполная."
100000000661912100,transit,0.8755431656862179,4,0.9764234875444839,"Гипотеза транзита: 5 отправ., 2 получ. Объёмы близки; быстрое прохождение не подтверждено. Выборка неполная."
100000004144536100,consolidator,0.7171406693401702,22,0.7891459074733096,"Гипотеза сбора: 4 отправителей; вход ≈168,0 тыс. ₸, выход 0,00 ₸. Входящий объём преобладает. Выборка неполная."
100000006177176100,peripheral,0.42443072678823157,5,0.5191281138790036,"Недостаточно признаков специальной роли: 1 отправителей, 0 получателей. Это не отсутствие риска. Выборка неполная."
100000002158488100,peripheral,0.4186753685676168,1,0.38834519572953735,"Недостаточно признаков специальной роли: 1 отправителей, 0 получателей. Это не отсутствие риска. Выборка неполная."
100000000041368100,terminal,0.9070752625394436,3,0.7126334519572953,"Возможный конечный получатель: вход ≈160,0 тыс. ₸, наблюдаемых выходов 0. Это не полный баланс. Выборка неполная."
100000008722328100,peripheral,0.429990192867589,1,0.34208185053380785,"Недостаточно признаков специальной роли: 1 отправителей, 0 получателей. Это не отсутствие риска. Выборка неполная."
100000008735384100,peripheral,0.41369853759470054,1,0.4101423487544484,"Недостаточно признаков специальной роли: 1 отправителей, 0 получателей. Это не отсутствие риска. Выборка неполная."
100000004480280100,peripheral,0.3951314841498559,3,0.9034697508896797,"Недостаточно признаков специальной роли: 1 отправителей, 2 получателей. Это не отсутствие риска. Выборка неполная."
100000004286573100,peripheral,0.42377434438335526,9,0.42526690391459077,"Недостаточно признаков специальной роли: 1 отправителей, 0 получателей. Это не отсутствие риска. Выборка неполная."
100000001746925100,peripheral,0.37660204578824374,3,0.9154804270462633,"Недостаточно признаков специальной роли: 1 отправителей, 1 получателей. Это не отсутствие риска. Выборка неполная."
100000001660397100,transit,0.8798114933399165,0,0.9390569395017794,"Гипотеза транзита: 2 отправ., 3 получ. Объёмы близки; быстрое прохождение не подтверждено. Выборка неполная."
100000002591469100,terminal,0.8971345959155415,7,0.5925266903914591,"Возможный конечный получатель: вход ≈235,7 тыс. ₸, наблюдаемых выходов 0. Это не полный баланс. Выборка неполная."
100000002731501100,peripheral,0.3322190201729107,22,0.8963523131672598,"Недостаточно признаков специальной роли: 3 отправителей, 7 получателей. Это не отсутствие риска. Выборка неполная."
100000000089154100,distributor,0.9565075648414986,0,0.9710854092526691,"Гипотеза распределения: 15 получателей; выход ≈425,5 тыс. ₸. Исходящий объём преобладает. Выборка неполная."
100000008732098100,peripheral,0.4433878734874701,1,0.28069395017793597,"Недостаточно признаков специальной роли: 1 отправителей, 0 получателей. Это не отсутствие риска. Выборка неполная."
100000005456919100,peripheral,0.3259188986637037,41,0.8647686832740213,"Недостаточно признаков специальной роли: 2 отправителей, 1 получателей. Это не отсутствие риска. Выборка неполная."
100000000507799100,peripheral,0.4504244035610556,36,0.9043594306049823,"Недостаточно признаков специальной роли: 1 отправителей, 1 получателей. Это не отсутствие риска. Выборка неполная."
100000008716439100,peripheral,0.4497347513684757,1,0.2531138790035587,"Недостаточно признаков специальной роли: 1 отправителей, 0 получателей. Это не отсутствие риска. Выборка неполная."
100000002981527100,terminal,0.8950072664138393,2,0.5960854092526691,"Возможный конечный получатель: вход ≈168,0 тыс. ₸, наблюдаемых выходов 0. Это не полный баланс. Выборка неполная."
100000002844652100,terminal,0.8656106162544251,7,0.5097864768683275,"Возможный конечный получатель: вход ≈61,4 тыс. ₸, наблюдаемых выходов 0. Это не полный баланс. Выборка неполная."
100000002605548100,terminal,0.9126628575575801,10,0.7913701067615658,"Возможный конечный получатель: вход ≈116,7 тыс. ₸, наблюдаемых выходов 0. Это не полный баланс. Выборка неполная."
100000002750956100,peripheral,0.3700878077449127,0,0.6410142348754448,"Недостаточно признаков специальной роли: 1 отправителей, 0 получателей. Это не отсутствие риска. Выборка неполная."
100000002982252100,peripheral,0.4338514757738867,1,0.322508896797153,"Недостаточно признаков специальной роли: 1 отправителей, 0 получателей. Это не отсутствие риска. Выборка неполная."
100000000961900100,peripheral,0.33757762919310974,0,0.7304270462633452,"Недостаточно признаков специальной роли: 2 отправителей, 0 получателей. Это не отсутствие риска. Выборка неполная."
100000007175718100,peripheral,0.4419628601585054,44,0.35987544483985767,"Недостаточно признаков специальной роли: 1 отправителей, 0 получателей. Это не отсутствие риска. Выборка неполная."
100000002306369100,peripheral,0.33456952449567723,3,0.9519572953736655,"Недостаточно признаков специальной роли: 1 отправителей, 6 получателей. Это не отсутствие риска. Выборка неполная."
100000000667713100,peripheral,0.3640075648414986,5,0.9657473309608541,"Недостаточно признаков специальной роли: 2 отправителей, 6 получателей. Это не отсутствие риска. Выборка неполная."
100000001072022100,consolidator,0.6566863684119063,3,0.9266014234875445,"Гипотеза сбора: 3 отправителей; вход ≈1,68 млн ₸, выход 0,00 ₸. Входящий объём преобладает. Выборка неполная."
100000008116374100,peripheral,0.38780118357363824,5,0.6241103202846975,"Недостаточно признаков специальной роли: 1 отправителей, 0 получателей. Это не отсутствие риска. Выборка неполная."
100000000703894100,peripheral,0.43608704141002785,27,0.7210854092526691,"Недостаточно признаков специальной роли: 1 отправителей, 1 получателей. Это не отсутствие риска. Выборка неполная."
100000008066326100,peripheral,0.3985663983032701,0,0.5578291814946619,"Недостаточно признаков специальной роли: 1 отправителей, 0 получателей. Это не отсутствие риска. Выборка неполная."
100000004662806100,peripheral,0.38372021563519143,9,0.8932384341637011,"Недостаточно признаков специальной роли: 2 отправителей, 2 получателей. Это не отсутствие риска. Выборка неполная."
100000005778283100,consolidator,0.612175470532752,7,0.8247330960854092,"Гипотеза сбора: 3 отправителей; вход ≈615,8 тыс. ₸, выход 0,00 ₸. Входящий объём преобладает. Выборка неполная."
100000004408683100,terminal,0.9162784719716672,5,0.7504448398576512,"Возможный конечный получатель: вход ≈112,9 тыс. ₸, наблюдаемых выходов 0. Это не полный баланс. Выборка неполная."
100000002704875100,consolidator,0.7137260662225423,4,0.8945729537366548,"Гипотеза сбора: 3 отправителей; вход ≈244,9 тыс. ₸, выход 0,00 ₸. Входящий объём преобладает. Выборка неполная."
100000008349675100,peripheral,0.7039021130998632,7,0.6401245551601423,"Недостаточно признаков специальной роли: 1 отправителей, 1 получателей. Это не отсутствие риска. Выборка неполная."
100000006889963100,transit,0.8186350431674054,6,0.9906583629893239,"Гипотеза транзита: 4 отправ., 1 получ. Есть совпадение сумм в тот же/следующий день. Выборка неполная."
100000008771819100,peripheral,0.41388629312093833,1,0.40791814946619215,"Недостаточно признаков специальной роли: 1 отправителей, 0 получателей. Это не отсутствие риска. Выборка неполная."
100000008586731100,peripheral,0.4316697973140011,9,0.3954626334519573,"Недостаточно признаков специальной роли: 1 отправителей, 0 получателей. Это не отсутствие риска. Выборка неполная."
100000005844459100,terminal,0.9396836640266732,0,0.7571174377224199,"Возможный конечный получатель: вход ≈243,4 тыс. ₸, наблюдаемых выходов 0. Это не полный баланс. Выборка неполная."
100000008172352100,peripheral,0.3617219020172911,31,0.969306049822064,"Недостаточно признаков специальной роли: 3 отправителей, 7 получателей. Это не отсутствие риска. Выборка неполная."
100000001162560100,distributor,0.9492291066282421,2,0.9039145907473309,"Гипотеза распределения: 12 получателей; выход ≈2,90 млн ₸. Исходящий объём преобладает. Выборка неполная."
100000008779584100,peripheral,0.41891503861191565,1,0.3861209964412811,"Недостаточно признаков специальной роли: 1 отправителей, 0 получателей. Это не отсутствие риска. Выборка неполная."
100000007631637100,peripheral,0.44440644857295986,1,0.275355871886121,"Недостаточно признаков специальной роли: 1 отправителей, 0 получателей. Это не отсутствие риска. Выборка неполная."
100000007347733100,peripheral,0.441710949485811,52,0.4501779359430605,"Недостаточно признаков специальной роли: 1 отправителей, 0 получателей. Это не отсутствие риска. Выборка неполная."
100000001463701100,terminal,0.9505086952855244,10,0.8073843416370107,"Возможный конечный получатель: вход ≈621,0 тыс. ₸, наблюдаемых выходов 0. Это не полный баланс. Выборка неполная."
100000008664469100,peripheral,0.39377455559815266,3,0.6481316725978647,"Недостаточно признаков специальной роли: 1 отправителей, 0 получателей. Это не отсутствие риска. Выборка неполная."
100000003923946100,peripheral,0.3609762247838617,7,0.8745551601423488,"Недостаточно признаков специальной роли: 1 отправителей, 4 получателей. Это не отсутствие риска. Выборка неполная."
100000006562026100,terminal,0.8595520134542038,52,0.8282918149466192,"Возможный конечный получатель: вход ≈75,0 тыс. ₸, наблюдаемых выходов 0. Это не полный баланс. Выборка неполная."
100000008776298100,peripheral,0.41102770257766674,1,0.4190391459074733,"Недостаточно признаков специальной роли: 1 отправителей, 0 получателей. Это не отсутствие риска. Выборка неполная."
100000006446271100,terminal,0.9146446462995499,3,0.7548932384341637,"Возможный конечный получатель: вход ≈80,0 тыс. ₸, наблюдаемых выходов 0. Это не полный баланс. Выборка неполная."
100000004588479100,terminal,0.9300776961058601,5,0.7486654804270463,"Возможный конечный получатель: вход ≈177,6 тыс. ₸, наблюдаемых выходов 0. Это не полный баланс. Выборка неполная."
100000002324543100,peripheral,0.3993823063362031,2,0.5115658362989324,"Недостаточно признаков специальной роли: 1 отправителей, 0 получателей. Это не отсутствие риска. Выборка неполная."
100000007129492100,peripheral,0.41059534087710653,10,0.922153024911032,"Недостаточно признаков специальной роли: 2 отправителей, 1 получателей. Это не отсутствие риска. Выборка неполная."
100000003877908100,peripheral,0.37977147005277667,3,0.675711743772242,"Недостаточно признаков специальной роли: 1 отправителей, 0 получателей. Это не отсутствие риска. Выборка неполная."
100000002748180100,distributor,0.9217038904899135,11,0.9105871886120996,"Гипотеза распределения: 8 получателей; выход ≈679,7 тыс. ₸. Исходящий объём преобладает. Выборка неполная."
100000000945428100,terminal,0.8969950826608499,0,0.641459074733096,"Возможный конечный получатель: вход ≈89,6 тыс. ₸, наблюдаемых выходов 0. Это не полный баланс. Выборка неполная."
100000003115284100,consolidator,0.7420565676229957,10,1.0,"Гипотеза сбора: 8 отправителей; вход ≈2,16 млн ₸, выход ≈517,0 тыс. ₸. Входящий объём преобладает. Выборка неполная."
100000005394708100,peripheral,0.5272780346112969,17,0.7451067615658363,"Недостаточно признаков специальной роли: 1 отправителей, 1 получателей. Это не отсутствие риска. Выборка неполная."
100000008747113100,terminal,0.9458781448149968,6,0.8709964412811388,"Возможный конечный получатель: вход ≈197,8 тыс. ₸, наблюдаемых выходов 0. Это не полный баланс. Выборка неполная."
100000004491881100,peripheral,0.44127733069576836,1,0.2891459074733096,"Недостаточно признаков специальной роли: 1 отправителей, 0 получателей. Это не отсутствие риска. Выборка неполная."
100000006008169100,terminal,0.8703838754785737,9,0.5249110320284698,"Возможный конечный получатель: вход ≈70,0 тыс. ₸, наблюдаемых выходов 0. Это не полный баланс. Выборка неполная."
100000002681449100,peripheral,0.41674580689029916,38,0.8518683274021353,"Недостаточно признаков специальной роли: 2 отправителей, 2 получателей. Это не отсутствие риска. Выборка неполная."
100000002645609100,consolidator,0.7394317079769801,0,0.8411921708185054,"Гипотеза сбора: 4 отправителей; вход ≈546,8 тыс. ₸, выход 0,00 ₸. Входящий объём преобладает. Выборка неполная."
100000006369769100,peripheral,0.41289808247008297,1,0.4123665480427046,"Недостаточно признаков специальной роли: 1 отправителей, 0 получателей. Это не отсутствие риска. Выборка неполная."
100000002173161100,consolidator,0.6978894597906623,5,0.9088078291814946,"Гипотеза сбора: 3 отправителей; вход ≈1,43 млн ₸, выход 0,00 ₸. Входящий объём преобладает. Выборка неполная."
100000008686313100,consolidator,0.9812490009874497,0,0.9897686832740213,"Гипотеза сбора: 6 отправителей; вход ≈1,91 млн ₸, выход ≈333,8 тыс. ₸. Входящий объём преобладает. Выборка неполная."
100000004692798100,peripheral,0.3245304852954606,9,0.8362989323843416,"Недостаточно признаков специальной роли: 2 отправителей, 1 получателей. Это не отсутствие риска. Выборка неполная."
100000002939838100,consolidator,0.6657321057074713,5,0.8701067615658363,"Гипотеза сбора: 3 отправителей; вход ≈571,2 тыс. ₸, выход 0,00 ₸. Входящий объём преобладает. Выборка неполная."
100000003119550100,peripheral,0.4331943742437139,1,0.3265124555160142,"Недостаточно признаков специальной роли: 1 отправителей, 0 получателей. Это не отсутствие риска. Выборка неполная."
100000004315838100,peripheral,0.3699062330009066,3,0.9101423487544484,"Недостаточно признаков специальной роли: 2 отправителей, 1 получателей. Это не отсутствие риска. Выборка неполная."
100000002671806100,peripheral,0.4307532515092869,9,0.39902135231316727,"Недостаточно признаков специальной роли: 1 отправителей, 0 получателей. Это не отсутствие риска. Выборка неполная."
100000008716222100,peripheral,0.43892895447005786,1,0.30026690391459077,"Недостаточно признаков специальной роли: 1 отправителей, 0 получателей. Это не отсутствие риска. Выборка неполная."
100000005496254100,peripheral,0.40926203360470026,0,0.5258007117437722,"Недостаточно признаков специальной роли: 1 отправителей, 0 получателей. Это не отсутствие риска. Выборка неполная."
100000004622227100,peripheral,0.4256880403458213,0,0.8460854092526691,"Недостаточно признаков специальной роли: 1 отправителей, 3 получателей. Это не отсутствие риска. Выборка неполная."
100000000274067100,peripheral,0.3944293970988214,7,0.8936832740213523,"Недостаточно признаков специальной роли: 2 отправителей, 3 получателей. Это не отсутствие риска. Выборка неполная."
100000008782056100,peripheral,0.4221440514520852,1,0.37544483985765126,"Недостаточно признаков специальной роли: 1 отправителей, 0 получателей. Это не отсутствие риска. Выборка неполная."
100000006788200100,consolidator,0.9485564118330294,7,0.9635231316725978,"Гипотеза сбора: 4 отправителей; вход ≈272,2 тыс. ₸, выход ≈64,5 тыс. ₸. Входящий объём преобладает. Выборка неполная."
100000001164648100,peripheral,0.3812720988213961,8,0.7695729537366548,"Недостаточно признаков специальной роли: 2 отправителей, 0 получателей. Это не отсутствие риска. Выборка неполная."
100000005133757100,terminal,0.9021448335432793,4,0.8047153024911032,"Возможный конечный получатель: вход ≈65,0 тыс. ₸, наблюдаемых выходов 0. Это не полный баланс. Выборка неполная."
100000006445501100,terminal,0.888332400398631,10,0.6881672597864769,"Возможный конечный получатель: вход ≈91,0 тыс. ₸, наблюдаемых выходов 0. Это не полный баланс. Выборка неполная."
100000004390333100,distributor,0.9128109376897445,0,0.9733096085409253,"Гипотеза распределения: 9 получателей; выход ≈506,5 тыс. ₸. Исходящий объём преобладает. Выборка неполная."
100000001641789100,peripheral,0.4268102429149292,7,0.626779359430605,"Недостаточно признаков специальной роли: 1 отправителей, 0 получателей. Это не отсутствие риска. Выборка неполная."
100000000968253100,peripheral,0.44537319116845986,1,0.2704626334519573,"Недостаточно признаков специальной роли: 1 отправителей, 0 получателей. Это не отсутствие риска. Выборка неполная."
100000001527186100,terminal,0.9599419353726464,3,0.7967081850533808,"Возможный конечный получатель: вход ≈678,0 тыс. ₸, наблюдаемых выходов 0. Это не полный баланс. Выборка неполная."
100000005852946100,peripheral,0.3960024998922521,3,0.6441281138790036,"Недостаточно признаков специальной роли: 1 отправителей, 0 получателей. Это не отсутствие риска. Выборка неполная."
100000001530983100,peripheral,0.2914337175792507,5,0.9924377224199288,"Недостаточно признаков специальной роли: 4 отправителей, 11 получателей. Это не отсутствие риска. Выборка неполная."
100000008221543100,terminal,0.9499644993727994,15,0.7531138790035588,"Возможный конечный получатель: вход ≈542,0 тыс. ₸, наблюдаемых выходов 0. Это не полный баланс. Выборка неполная."
100000001937767100,transit,0.8042569067566938,13,0.943950177935943,"Гипотеза транзита: 1 отправ., 4 получ. Есть совпадение сумм в тот же/следующий день. Выборка неполная."
100000002462183100,terminal,0.8795857396614579,44,0.6823843416370107,"Возможный конечный получатель: вход ≈107,5 тыс. ₸, наблюдаемых выходов 0. Это не полный баланс. Выборка неполная."
100000001805543100,terminal,0.8807510952817377,5,0.6361209964412812,"Возможный конечный получатель: вход ≈59,0 тыс. ₸, наблюдаемых выходов 0. Это не полный баланс. Выборка неполная."
100000002606567100,peripheral,0.8508380553037171,0,0.7006227758007118,"Недостаточно признаков специальной роли: 1 отправителей, 1 получателей. Это не отсутствие риска. Выборка неполная."
100000007281639100,terminal,0.9318398690615364,5,0.853202846975089,"Возможный конечный получатель: вход ≈216,8 тыс. ₸, наблюдаемых выходов 0. Это не полный баланс. Выборка неполная."
100000002991079100,transit,0.7812147906702658,5,0.849644128113879,"Гипотеза транзита: 2 отправ., 1 получ. Есть совпадение сумм в тот же/следующий день. Выборка неполная."
100000002847207100,peripheral,0.37593194756871706,3,0.6850533807829181,"Недостаточно признаков специальной роли: 1 отправителей, 0 получателей. Это не отсутствие риска. Выборка неполная."
100000000011452100,consolidator,0.9437863063545702,0,0.8861209964412812,"Гипотеза сбора: 3 отправителей; вход ≈110,0 тыс. ₸, выход ≈16,7 тыс. ₸. Входящий объём преобладает. Выборка неполная."
100000003148220100,peripheral,0.6270479106628242,57,0.7224199288256228,"Недостаточно признаков специальной роли: 1 отправителей, 2 получателей. Это не отсутствие риска. Выборка неполная."
100000002479804100,peripheral,0.5139274943486378,3,0.8563167259786477,"Недостаточно признаков специальной роли: 1 отправителей, 2 получателей. Это не отсутствие риска. Выборка неполная."
100000008745489100,terminal,0.8492111930871158,1,0.4261565836298932,"Возможный конечный получатель: вход ≈55,5 тыс. ₸, наблюдаемых выходов 0. Это не полный баланс. Выборка неполная."
100000002289937100,peripheral,0.43576149856726626,1,0.31316725978647686,"Недостаточно признаков специальной роли: 1 отправителей, 0 получателей. Это не отсутствие риска. Выборка неполная."
100000004679953100,consolidator,0.9579386572787958,4,0.9862099644128114,"Гипотеза сбора: 3 отправителей; вход ≈343,5 тыс. ₸, выход ≈34,1 тыс. ₸. Входящий объём преобладает. Выборка неполная."
100000003066385100,peripheral,0.3630864687216681,0,0.6570284697508897,"Недостаточно признаков специальной роли: 2 отправителей, 0 получателей. Это не отсутствие риска. Выборка неполная."
100000008744849100,peripheral,0.41032676837158566,1,0.4228202846975089,"Недостаточно признаков специальной роли: 1 отправителей, 0 получателей. Это не отсутствие риска. Выборка неполная."
100000005093521100,peripheral,0.4096210085452796,3,0.6000889679715302,"Недостаточно признаков специальной роли: 1 отправителей, 0 получателей. Это не отсутствие риска. Выборка неполная."
100000006518161100,transit,0.8553236231101781,5,0.9653024911032029,"Гипотеза транзита: 3 отправ., 2 получ. Объёмы близки; быстрое прохождение не подтверждено. Выборка неполная."
100000001126374100,consolidator,0.9558634859474161,0,0.9381672597864769,"Гипотеза сбора: 4 отправителей; вход ≈182,5 тыс. ₸, выход ≈29,2 тыс. ₸. Входящий объём преобладает. Выборка неполная."
100000004509286100,peripheral,0.37981130393648155,3,0.6752669039145908,"Недостаточно признаков специальной роли: 1 отправителей, 0 получателей. Это не отсутствие риска. Выборка неполная."
100000005056870100,peripheral,0.4419080323803712,44,0.3603202846975089,"Недостаточно признаков специальной роли: 1 отправителей, 0 получателей. Это не отсутствие риска. Выборка неполная."
100000008708368100,peripheral,0.43001350487283274,1,0.3416370106761566,"Недостаточно признаков специальной роли: 1 отправителей, 0 получателей. Это не отсутствие риска. Выборка неполная."
100000005895525100,terminal,0.8816651652819586,44,0.6890569395017794,"Возможный конечный получатель: вход ≈120,0 тыс. ₸, наблюдаемых выходов 0. Это не полный баланс. Выборка неполная."
100000008716773100,peripheral,0.4434116776286267,1,0.2802491103202847,"Недостаточно признаков специальной роли: 1 отправителей, 0 получателей. Это не отсутствие риска. Выборка неполная."
100000002778085100,terminal,0.883395350010153,5,0.6463523131672598,"Возможный конечный получатель: вход ≈66,2 тыс. ₸, наблюдаемых выходов 0. Это не полный баланс. Выборка неполная."
100000007055802100,peripheral,0.27914808167778515,0,0.9572953736654805,"Недостаточно признаков специальной роли: 6 отправителей, 1 получателей. Это не отсутствие риска. Выборка неполная."
100000003071930100,consolidator,0.9585761676932,2,0.9252669039145908,"Гипотеза сбора: 3 отправителей; вход ≈477,6 тыс. ₸, выход ≈5,0 тыс. ₸. Входящий объём преобладает. Выборка неполная."
100000002941114100,transit,0.7983150804725287,10,0.9132562277580071,"Гипотеза транзита: 2 отправ., 1 получ. Есть совпадение сумм в тот же/следующий день. Выборка неполная."
100000003888271100,peripheral,0.7075378242074924,42,0.6685943060498221,"Недостаточно признаков специальной роли: 1 отправителей, 2 получателей. Это не отсутствие риска. Выборка неполная."
100000007507343100,terminal,0.880574808752932,51,0.6828291814946619,"Возможный конечный получатель: вход ≈370,0 тыс. ₸, наблюдаемых выходов 0. Это не полный баланс. Выборка неполная."
100000008002020100,peripheral,0.4143522630702824,9,0.8296263345195729,"Недостаточно признаков специальной роли: 1 отправителей, 1 получателей. Это не отсутствие риска. Выборка неполная."
100000001872484100,peripheral,0.412849423631124,54,0.854982206405694,"Недостаточно признаков специальной роли: 1 отправителей, 3 получателей. Это не отсутствие риска. Выборка неполная."
100000008769636100,peripheral,0.431092593643361,1,0.33540925266903915,"Недостаточно признаков специальной роли: 1 отправителей, 0 получателей. Это не отсутствие риска. Выборка неполная."
100000004135268100,transit,0.8307546105146131,51,0.8772241992882562,"Гипотеза транзита: 2 отправ., 3 получ. Есть совпадение сумм в тот же/следующий день. Выборка неполная."
100000005316708100,peripheral,0.4464859510086455,7,0.7130782918149466,"Недостаточно признаков специальной роли: 1 отправителей, 2 получателей. Это не отсутствие риска. Выборка неполная."
100000008671929100,terminal,0.9108373042597087,3,0.7437722419928826,"Возможный конечный получатель: вход ≈75,0 тыс. ₸, наблюдаемых выходов 0. Это не полный баланс. Выборка неполная."
100000005287097100,distributor,0.9473487031700287,5,0.9870996441281139,"Гипотеза распределения: 9 получателей; выход ≈697,3 тыс. ₸. Исходящий объём преобладает. Выборка неполная."
100000007283257100,terminal,0.9000450416031989,63,0.719306049822064,"Возможный конечный получатель: вход ≈192,0 тыс. ₸, наблюдаемых выходов 0. Это не полный баланс. Выборка неполная."
100000004847758100,distributor,0.958161023054755,0,0.9866548042704626,"Гипотеза распределения: 15 получателей; выход ≈488,8 тыс. ₸. Исходящий объём преобладает. Выборка неполная."
100000008737422100,terminal,0.8565890250852387,1,0.4697508896797153,"Возможный конечный получатель: вход ≈76,9 тыс. ₸, наблюдаемых выходов 0. Это не полный баланс. Выборка неполная."
100000008555918100,peripheral,0.39538717968483406,3,0.8883451957295374,"Недостаточно признаков специальной роли: 1 отправителей, 2 получателей. Это не отсутствие риска. Выборка неполная."
100000008094734100,consolidator,0.7210200356066805,0,0.8927935943060499,"Гипотеза сбора: 4 отправителей; вход ≈236,2 тыс. ₸, выход 0,00 ₸. Входящий объём преобладает. Выборка неполная."
100000006952718100,terminal,0.8854002093698174,5,0.6476868327402135,"Возможный конечный получатель: вход ≈71,5 тыс. ₸, наблюдаемых выходов 0. Это не полный баланс. Выборка неполная."
100000005339662100,peripheral,0.34700288184438044,14,0.9857651245551602,"Недостаточно признаков специальной роли: 4 отправителей, 4 получателей. Это не отсутствие риска. Выборка неполная."
100000001716579100,peripheral,0.44787007593106765,1,0.2584519572953737,"Недостаточно признаков специальной роли: 1 отправителей, 0 получателей. Это не отсутствие риска. Выборка неполная."
100000002774456100,terminal,0.8739544322571897,10,0.6601423487544484,"Возможный конечный получатель: вход ≈50,4 тыс. ₸, наблюдаемых выходов 0. Это не полный баланс. Выборка неполная."
100000004394765100,consolidator,0.9642960262103324,5,0.9203736654804271,"Гипотеза сбора: 3 отправителей; вход ≈603,8 тыс. ₸, выход ≈82,5 тыс. ₸. Входящий объём преобладает. Выборка неполная."
100000004004621100,consolidator,0.6522753010309905,12,0.8834519572953736,"Гипотеза сбора: 3 отправителей; вход ≈75,4 тыс. ₸, выход 0,00 ₸. Входящий объём преобладает. Выборка неполная."
100000000907277100,peripheral,0.44000444168709135,1,0.2958185053380783,"Недостаточно признаков специальной роли: 1 отправителей, 0 получателей. Это не отсутствие риска. Выборка неполная."
100000003835149100,peripheral,0.36261347262247834,21,0.8830071174377224,"Недостаточно признаков специальной роли: 1 отправителей, 2 получателей. Это не отсутствие риска. Выборка неполная."
100000004254434100,peripheral,0.38275925059749,1,0.5573843416370107,"Недостаточно признаков специальной роли: 1 отправителей, 0 получателей. Это не отсутствие риска. Выборка неполная."
100000003635170100,transit,0.8390935109840629,10,0.9826512455516014,"Гипотеза транзита: 3 отправ., 4 получ. Объёмы близки; быстрое прохождение не подтверждено. Выборка неполная."
100000006687202100,terminal,0.8823724629474448,0,0.5969750889679716,"Возможный конечный получатель: вход ≈50,0 тыс. ₸, наблюдаемых выходов 0. Это не полный баланс. Выборка неполная."
100000006030946100,terminal,0.8551836828484793,1,0.4626334519572954,"Возможный конечный получатель: вход ≈73,3 тыс. ₸, наблюдаемых выходов 0. Это не полный баланс. Выборка неполная."
100000002615479100,terminal,0.9013151116812981,2,0.6152135231316725,"Возможный конечный получатель: вход ≈220,0 тыс. ₸, наблюдаемых выходов 0. Это не полный баланс. Выборка неполная."
100000002952631100,peripheral,0.3766970627238436,5,0.655693950177936,"Недостаточно признаков специальной роли: 1 отправителей, 0 получателей. Это не отсутствие риска. Выборка неполная."
100000002890167100,terminal,0.897929352225413,5,0.6703736654804271,"Возможный конечный получатель: вход ≈118,2 тыс. ₸, наблюдаемых выходов 0. Это не полный баланс. Выборка неполная."
100000008687671100,peripheral,0.41465978279267834,1,0.40569395017793597,"Недостаточно признаков специальной роли: 1 отправителей, 0 получателей. Это не отсутствие риска. Выборка неполная."
100000000810551100,peripheral,0.36483780193682996,3,0.858540925266904,"Недостаточно признаков специальной роли: 1 отправителей, 1 получателей. Это не отсутствие риска. Выборка неполная."
100000008724279100,peripheral,0.41799142889586294,5,0.5395907473309609,"Недостаточно признаков специальной роли: 1 отправителей, 0 получателей. Это не отсутствие риска. Выборка неполная."
100000002592567100,peripheral,0.46549419693136346,5,0.8527580071174378,"Недостаточно признаков специальной роли: 1 отправителей, 2 получателей. Это не отсутствие риска. Выборка неполная."
100000002670860100,terminal,0.9255628570754546,11,0.8145017793594306,"Возможный конечный получатель: вход ≈450,0 тыс. ₸, наблюдаемых выходов 0. Это не полный баланс. Выборка неполная."
100000002844897100,peripheral,0.4298320633990329,2,0.41325622775800713,"Недостаточно признаков специальной роли: 1 отправителей, 0 получателей. Это не отсутствие риска. Выборка неполная."
100000007938486100,peripheral,0.41360537905070716,1,0.4110320284697509,"Недостаточно признаков специальной роли: 1 отправителей, 0 получателей. Это не отсутствие риска. Выборка неполная."
100000008438656100,transit,0.7833294569571987,3,0.9048042704626335,"Гипотеза транзита: 2 отправ., 1 получ. Есть совпадение сумм в тот же/следующий день. Выборка неполная."
100000008304139100,distributor,0.9801909221902018,3,0.9942170818505338,"Гипотеза распределения: 24 получателей; выход ≈1,69 млн ₸. Исходящий объём преобладает. Выборка неполная."
100000002597003100,peripheral,0.62301165928429,0,0.7046263345195729,"Недостаточно признаков специальной роли: 1 отправителей, 1 получателей. Это не отсутствие риска. Выборка неполная."
100000002830055100,peripheral,0.4474429853511357,1,0.2611209964412811,"Недостаточно признаков специальной роли: 1 отправителей, 0 получателей. Это не отсутствие риска. Выборка неполная."
100000004299488100,consolidator,0.9793351050464273,0,0.9617437722419929,"Гипотеза сбора: 6 отправителей; вход ≈1,75 млн ₸, выход ≈345,0 тыс. ₸. Входящий объём преобладает. Выборка неполная."
100000002809568100,peripheral,0.4141398188054781,0,0.5151245551601423,"Недостаточно признаков специальной роли: 1 отправителей, 0 получателей. Это не отсутствие риска. Выборка неполная."
100000004784224100,peripheral,0.8511848368087036,21,0.6525800711743772,"Недостаточно признаков специальной роли: 1 отправителей, 1 получателей. Это не отсутствие риска. Выборка неполная."
100000003123296100,terminal,0.9038976112668502,9,0.6561387900355872,"Возможный конечный получатель: вход ≈86,2 тыс. ₸, наблюдаемых выходов 0. Это не полный баланс. Выборка неполная."
100000004130144100,terminal,0.8938071692417766,7,0.5809608540925267,"Возможный конечный получатель: вход ≈200,0 тыс. ₸, наблюдаемых выходов 0. Это не полный баланс. Выборка неполная."
100000001253557100,consolidator,0.7409715447593743,2,0.8545373665480427,"Гипотеза сбора: 5 отправителей; вход ≈210,2 тыс. ₸, выход 0,00 ₸. Входящий объём преобладает. Выборка неполная."
100000008767925100,peripheral,0.44118286094775616,1,0.2900355871886121,"Недостаточно признаков специальной роли: 1 отправителей, 0 получателей. Это не отсутствие риска. Выборка неполная."
100000007181706100,terminal,0.9401933902822646,3,0.806049822064057,"Возможный конечный получатель: вход ≈176,3 тыс. ₸, наблюдаемых выходов 0. Это не полный баланс. Выборка неполная."
100000003366154100,transit,0.8385623034835152,3,0.9328291814946619,"Гипотеза транзита: 1 отправ., 3 получ. Есть совпадение сумм в тот же/следующий день. Выборка неполная."
100000007641183100,peripheral,0.3919210453618833,5,0.6094306049822064,"Недостаточно признаков специальной роли: 1 отправителей, 0 получателей. Это не отсутствие риска. Выборка неполная."
100000008663007100,peripheral,0.44755526895240483,1,0.26023131672597866,"Недостаточно признаков специальной роли: 1 отправителей, 0 получателей. Это не отсутствие риска. Выборка неполная."
100000007334196100,terminal,0.9008802283533806,10,0.7064056939501779,"Возможный конечный получатель: вход ≈150,0 тыс. ₸, наблюдаемых выходов 0. Это не полный баланс. Выборка неполная."
100000003873332100,peripheral,0.4154106628242075,16,0.9350533807829181,"Недостаточно признаков специальной роли: 1 отправителей, 4 получателей. Это не отсутствие риска. Выборка неполная."
100000001550388100,terminal,0.8823948059198421,0,0.5974199288256228,"Возможный конечный получатель: вход ≈50,0 тыс. ₸, наблюдаемых выходов 0. Это не полный баланс. Выборка неполная."
100000008718089100,peripheral,0.44397944221105157,1,0.2773576512455516,"Недостаточно признаков специальной роли: 1 отправителей, 0 получателей. Это не отсутствие риска. Выборка неполная."
100000008728457100,peripheral,0.38171346184280386,10,0.6743772241992882,"Недостаточно признаков специальной роли: 1 отправителей, 0 получателей. Это не отсутствие риска. Выборка неполная."
100000004206046100,peripheral,0.4184404256274953,5,0.5387010676156584,"Недостаточно признаков специальной роли: 1 отправителей, 0 получателей. Это не отсутствие риска. Выборка неполная."
100000006579678100,peripheral,0.32137427953890496,5,0.9626334519572953,"Недостаточно признаков специальной роли: 2 отправителей, 6 получателей. Это не отсутствие риска. Выборка неполная."
100000002988894100,peripheral,0.36873427084408544,3,0.9279359430604982,"Недостаточно признаков специальной роли: 1 отправителей, 3 получателей. Это не отсутствие риска. Выборка неполная."
100000008749406100,peripheral,0.44122214467574805,1,0.28959074733096085,"Недостаточно признаков специальной роли: 1 отправителей, 0 получателей. Это не отсутствие риска. Выборка неполная."
100000005584222100,peripheral,0.34731719749367224,0,0.9297153024911032,"Недостаточно признаков специальной роли: 2 отправителей, 2 получателей. Это не отсутствие риска. Выборка неполная."
100000003239859100,peripheral,0.4203038101965079,9,0.4403914590747331,"Недостаточно признаков специальной роли: 1 отправителей, 0 получателей. Это не отсутствие риска. Выборка неполная."
100000003980083100,peripheral,0.4403736185867053,66,0.525355871886121,"Недостаточно признаков специальной роли: 1 отправителей, 0 получателей. Это не отсутствие риска. Выборка неполная."
100000004351795100,distributor,0.9766246397694525,0,0.9928825622775801,"Гипотеза распределения: 14 получателей; выход ≈1,72 млн ₸. Исходящий объём преобладает. Выборка неполная."
100000002666248100,terminal,0.8873341055430322,3,0.681049822064057,"Возможный конечный получатель: вход ≈70,0 тыс. ₸, наблюдаемых выходов 0. Это не полный баланс. Выборка неполная."
100000005877725100,terminal,0.8538716859738362,1,0.4559608540925267,"Возможный конечный получатель: вход ≈70,0 тыс. ₸, наблюдаемых выходов 0. Это не полный баланс. Выборка неполная."
100000001697501100,distributor,0.9567182997118155,1,0.9741992882562278,"Гипотеза распределения: 38 получателей; выход ≈1,48 млн ₸. Исходящий объём преобладает. Выборка неполная."
100000006972210100,consolidator,0.6447722683020793,2,0.9137010676156584,"Гипотеза сбора: 3 отправителей; вход ≈488,8 тыс. ₸, выход 0,00 ₸. Входящий объём преобладает. Выборка неполная."
100000008749618100,peripheral,0.4075530122012322,1,0.4363879003558719,"Недостаточно признаков специальной роли: 1 отправителей, 0 получателей. Это не отсутствие риска. Выборка неполная."
100000008671026100,peripheral,0.43053960452816703,1,0.33807829181494664,"Недостаточно признаков специальной роли: 1 отправителей, 0 получателей. Это не отсутствие риска. Выборка неполная."
100000001696818100,terminal,0.8741147333531968,3,0.556049822064057,"Возможный конечный получатель: вход ≈53,5 тыс. ₸, наблюдаемых выходов 0. Это не полный баланс. Выборка неполная."
100000008679986100,peripheral,0.43786371187240103,1,0.30738434163701067,"Недостаточно признаков специальной роли: 1 отправителей, 0 получателей. Это не отсутствие риска. Выборка неполная."
100000003616818100,peripheral,0.3809798270893372,22,0.8612099644128114,"Недостаточно признаков специальной роли: 3 отправителей, 3 получателей. Это не отсутствие риска. Выборка неполная."
100000004156082100,distributor,0.9802071325648415,14,0.9951067615658363,"Гипотеза распределения: 26 получателей; выход ≈2,32 млн ₸. Исходящий объём преобладает. Выборка неполная."
100000008667058100,peripheral,0.4401703677467425,1,0.2940391459074733,"Недостаточно признаков специальной роли: 1 отправителей, 0 получателей. Это не отсутствие риска. Выборка неполная."
100000008628231100,peripheral,0.42187860230547547,64,0.9288256227758007,"Недостаточно признаков специальной роли: 1 отправителей, 2 получателей. Это не отсутствие риска. Выборка неполная."
100000008749063100,peripheral,0.43773003986400594,1,0.30782918149466193,"Недостаточно признаков специальной роли: 1 отправителей, 0 получателей. Это не отсутствие риска. Выборка неполная."
100000004494983100,peripheral,0.41646074208004474,1,0.3972419928825623,"Недостаточно признаков специальной роли: 1 отправителей, 0 получателей. Это не отсутствие риска. Выборка неполная."
100000007648946100,peripheral,0.7496604356800346,12,0.7459964412811388,"Недостаточно признаков специальной роли: 1 отправителей, 1 получателей. Это не отсутствие риска. Выборка неполная."
100000003037660100,terminal,0.8804075882470366,3,0.6672597864768683,"Возможный конечный получатель: вход ≈53,0 тыс. ₸, наблюдаемых выходов 0. Это не полный баланс. Выборка неполная."
100000002679516100,consolidator,0.6421767787265619,9,0.8211743772241993,"Гипотеза сбора: 3 отправителей; вход ≈102,3 тыс. ₸, выход 0,00 ₸. Входящий объём преобладает. Выборка неполная."
100000005588444100,peripheral,0.4324416520683204,7,0.38701067615658363,"Недостаточно признаков специальной роли: 1 отправителей, 0 получателей. Это не отсутствие риска. Выборка неполная."
100000001307612100,peripheral,0.4142382327193439,1,0.40747330960854095,"Недостаточно признаков специальной роли: 1 отправителей, 0 получателей. Это не отсутствие риска. Выборка неполная."
100000003001564100,peripheral,0.8459525158658205,5,0.7433274021352313,"Недостаточно признаков специальной роли: 1 отправителей, 1 получателей. Это не отсутствие риска. Выборка неполная."
100000002762076100,peripheral,0.3604564552305934,7,0.8558718861209964,"Недостаточно признаков специальной роли: 2 отправителей, 1 получателей. Это не отсутствие риска. Выборка неполная."
100000005514161100,consolidator,0.9419000307945387,7,0.9670818505338078,"Гипотеза сбора: 4 отправителей; вход ≈401,5 тыс. ₸, выход ≈50,0 тыс. ₸. Входящий объём преобладает. Выборка неполная."
100000008746673100,terminal,0.8477924174827698,1,0.42126334519572955,"Возможный конечный получатель: вход ≈53,0 тыс. ₸, наблюдаемых выходов 0. Это не полный баланс. Выборка неполная."
100000003265158100,transit,0.8855585576632894,9,0.9612989323843416,"Гипотеза транзита: 3 отправ., 2 получ. Есть совпадение сумм в тот же/следующий день. Выборка неполная."
100000001567366100,terminal,0.9559013917204275,5,0.7935943060498221,"Возможный конечный получатель: вход ≈824,1 тыс. ₸, наблюдаемых выходов 0. Это не полный баланс. Выборка неполная."
100000008777088100,peripheral,0.4388112077231263,1,0.3011565836298932,"Недостаточно признаков специальной роли: 1 отправителей, 0 получателей. Это не отсутствие риска. Выборка неполная."
100000002589019100,peripheral,0.39998678999680193,9,0.5040035587188612,"Недостаточно признаков специальной роли: 1 отправителей, 0 получателей. Это не отсутствие риска. Выборка неполная."
100000008666075100,peripheral,0.4245734698491847,1,0.36565836298932386,"Недостаточно признаков специальной роли: 1 отправителей, 0 получателей. Это не отсутствие риска. Выборка неполная."
100000008137435100,transit,0.8331322560475858,20,0.9679715302491103,"Гипотеза транзита: 2 отправ., 6 получ. Есть совпадение сумм в тот же/следующий день. Выборка неполная."
100000004403675100,coordinator,0.9281579639418205,17,0.9915480427046264,"Гипотеза связующего узла: 4 отправ., 5 получ.; связи с 5 группами. Проверить маршруты. Выборка неполная."
100000004677680100,peripheral,0.4377974841341795,10,0.9145907473309609,"Недостаточно признаков специальной роли: 2 отправителей, 1 получателей. Это не отсутствие риска. Выборка неполная."
100000005958064100,peripheral,0.42424531700288187,13,0.8474199288256228,"Недостаточно признаков специальной роли: 1 отправителей, 2 получателей. Это не отсутствие риска. Выборка неполная."
100000002881669100,peripheral,0.4203116866823973,9,0.43994661921708184,"Недостаточно признаков специальной роли: 1 отправителей, 0 получателей. Это не отсутствие риска. Выборка неполная."
100000002938501100,peripheral,0.7524650812097454,5,0.5854092526690391,"Недостаточно признаков специальной роли: 1 отправителей, 1 получателей. Это не отсутствие риска. Выборка неполная."
100000006734554100,peripheral,0.8702981179612579,27,0.5275800711743772,"Недостаточно признаков специальной роли: 1 отправителей, 1 получателей. Это не отсутствие риска. Выборка неполная."
100000008003034100,transit,0.8371849951534298,12,0.9301601423487544,"Гипотеза транзита: 1 отправ., 4 получ. Есть совпадение сумм в тот же/следующий день. Выборка неполная."
100000003970394100,terminal,0.8750568327774719,9,0.5404804270462633,"Возможный конечный получатель: вход ≈85,0 тыс. ₸, наблюдаемых выходов 0. Это не полный баланс. Выборка неполная."
100000003205210100,terminal,0.9032887111608112,3,0.7072953736654805,"Возможный конечный получатель: вход ≈137,6 тыс. ₸, наблюдаемых выходов 0. Это не полный баланс. Выборка неполная."
100000004559194100,terminal,0.9404771847823801,5,0.7798042704626335,"Возможный конечный получатель: вход ≈282,1 тыс. ₸, наблюдаемых выходов 0. Это не полный баланс. Выборка неполная."
100000008173359100,peripheral,0.4278419371431721,5,0.5124555160142349,"Недостаточно признаков специальной роли: 1 отправителей, 0 получателей. Это не отсутствие риска. Выборка неполная."
100000007953156100,peripheral,0.8131919491789368,13,0.6396797153024911,"Недостаточно признаков специальной роли: 1 отправителей, 1 получателей. Это не отсутствие риска. Выборка неполная."
100000002224132100,peripheral,0.3156520172910663,21,0.9466192170818505,"Недостаточно признаков специальной роли: 5 отправителей, 4 получателей. Это не отсутствие риска. Выборка неполная."
100000008547844100,distributor,0.9580151296829971,2,0.9675266903914591,"Гипотеза распределения: 19 получателей; выход ≈2,04 млн ₸. Исходящий объём преобладает. Выборка неполная."
100000002635780100,terminal,0.8524424358714293,7,0.48087188612099646,"Возможный конечный получатель: вход ≈163,0 тыс. ₸, наблюдаемых выходов 0. Это не полный баланс. Выборка неполная."
100000001279875100,peripheral,0.4041531443079186,11,0.26423487544483987,"Недостаточно признаков специальной роли: 1 отправителей, 0 получателей. Это не отсутствие риска. Выборка неполная."
100000001961048100,terminal,0.8793571035602363,28,0.47419928825622776,"Возможный конечный получатель: вход ≈150,0 тыс. ₸, наблюдаемых выходов 0. Это не полный баланс. Выборка неполная."
100000000993112100,terminal,0.8608878949005904,31,0.43683274021352314,"Возможный конечный получатель: вход ≈141,0 тыс. ₸, наблюдаемых выходов 0. Это не полный баланс. Выборка неполная."
100000005547096100,peripheral,0.46639229106628244,47,0.6628113879003559,"Недостаточно признаков специальной роли: 1 отправителей, 2 получателей. Это не отсутствие риска. Выборка неполная."
100000000331309100,distributor,0.9816117735143006,6,0.99644128113879,"Гипотеза распределения: 99 получателей; выход ≈23,00 млн ₸. Исходящий объём преобладает. Выборка неполная."
100000006684930100,peripheral,0.4478345157045839,12,0.39768683274021355,"Недостаточно признаков специальной роли: 1 отправителей, 0 получателей. Это не отсутствие риска. Выборка неполная."
100000004479404100,peripheral,0.3013212427598142,43,0.9435053380782918,"Недостаточно признаков специальной роли: 2 отправителей, 1 получателей. Это не отсутствие риска. Выборка неполная."
100000004134060100,terminal,0.862686580763313,4,0.47597864768683273,"Возможный конечный получатель: вход ≈88,2 тыс. ₸, наблюдаемых выходов 0. Это не полный баланс. Выборка неполная."
100000001083990100,peripheral,0.3976677845514175,9,0.5818505338078291,"Недостаточно признаков специальной роли: 1 отправителей, 0 получателей. Это не отсутствие риска. Выборка неполная."
100000004573782100,peripheral,0.4525611269043066,7,0.18905693950177935,"Недостаточно признаков специальной роли: 1 отправителей, 0 получателей. Это не отсутствие риска. Выборка неполная."
100000005660203100,peripheral,0.3664260691550568,5,0.873220640569395,"Недостаточно признаков специальной роли: 1 отправителей, 2 получателей. Это не отсутствие риска. Выборка неполная."
100000008771627100,peripheral,0.44692963338170605,1,0.10364768683274021,"Недостаточно признаков специальной роли: 1 отправителей, 0 получателей. Это не отсутствие риска. Выборка неполная."
100000000031787100,peripheral,0.5481413734977081,7,0.6957295373665481,"Недостаточно признаков специальной роли: 1 отправителей, 2 получателей. Это не отсутствие риска. Выборка неполная."
100000001346560100,peripheral,0.5501149101006094,3,0.7704626334519573,"Недостаточно признаков специальной роли: 2 отправителей, 1 получателей. Это не отсутствие риска. Выборка неполная."
100000001703168100,peripheral,0.8317038757932911,3,0.6405693950177936,"Недостаточно признаков специальной роли: 1 отправителей, 1 получателей. Это не отсутствие риска. Выборка неполная."
100000004904960100,peripheral,0.4044044650951949,0,0.6161032028469751,"Недостаточно признаков специальной роли: 2 отправителей, 0 получателей. Это не отсутствие риска. Выборка неполная."
100000004467157100,peripheral,0.46602265089354944,32,0.5435943060498221,"Недостаточно признаков специальной роли: 1 отправителей, 1 получателей. Это не отсутствие риска. Выборка неполная."
100000008346837100,distributor,0.9734149855907781,12,0.9977758007117438,"Гипотеза распределения: 25 получателей; выход ≈1,26 млн ₸. Исходящий объём преобладает. Выборка неполная."
100000006385877100,peripheral,0.5684946627527487,2,0.6596975088967971,"Недостаточно признаков специальной роли: 1 отправителей, 1 получателей. Это не отсутствие риска. Выборка неполная."
100000002459093100,peripheral,0.3459951903429797,25,0.800711743772242,"Недостаточно признаков специальной роли: 1 отправителей, 1 получателей. Это не отсутствие риска. Выборка неполная."
100000005053653100,peripheral,0.37957424232191395,12,0.8256227758007118,"Недостаточно признаков специальной роли: 2 отправителей, 1 получателей. Это не отсутствие риска. Выборка неполная."
100000001557930100,peripheral,0.399894569181957,7,0.32161921708185054,"Недостаточно признаков специальной роли: 1 отправителей, 0 получателей. Это не отсутствие риска. Выборка неполная."
100000002820010100,peripheral,0.40393570500209003,7,0.3047153024911032,"Недостаточно признаков специальной роли: 1 отправителей, 0 получателей. Это не отсутствие риска. Выборка неполная."
100000000769919100,terminal,0.8625123410793132,59,0.5182384341637011,"Возможный конечный получатель: вход ≈250,0 тыс. ₸, наблюдаемых выходов 0. Это не полный баланс. Выборка неполная."
100000003188607100,peripheral,0.5724130991924632,7,0.2749110320284697,"Недостаточно признаков специальной роли: 1 отправителей, 1 получателей. Это не отсутствие риска. Выборка неполная."
100000002836052100,peripheral,0.45097741121413126,3,0.35898576512455516,"Недостаточно признаков специальной роли: 1 отправителей, 0 получателей. Это не отсутствие риска. Выборка неполная."
100000001102676100,transit,0.8602205756790704,3,0.7669039145907474,"Гипотеза транзита: 1 отправ., 1 получ. Есть совпадение сумм в тот же/следующий день. Выборка неполная."
100000003390036100,peripheral,0.33676447282085287,10,0.9412811387900356,"Недостаточно признаков специальной роли: 2 отправителей, 2 получателей. Это не отсутствие риска. Выборка неполная."
100000008335401100,terminal,0.8946992443748338,8,0.6588078291814946,"Возможный конечный получатель: вход ≈150,0 тыс. ₸, наблюдаемых выходов 0. Это не полный баланс. Выборка неполная."
100000006994985100,transit,0.6913158668115282,7,0.7637900355871886,"Гипотеза транзита: 1 отправ., 1 получ. Есть совпадение сумм в тот же/следующий день. Выборка неполная."
100000008356606100,terminal,0.9024439211848498,12,0.5800711743772242,"Возможный конечный получатель: вход ≈168,5 тыс. ₸, наблюдаемых выходов 0. Это не полный баланс. Выборка неполная."
100000007930878100,peripheral,0.5028658869142977,42,0.18727758007117437,"Недостаточно признаков специальной роли: 1 отправителей, 0 получателей. Это не отсутствие риска. Выборка неполная."
100000008389800100,transit,0.846828007749338,5,0.9506227758007118,"Гипотеза транзита: 3 отправ., 7 получ. Есть совпадение сумм в тот же/следующий день. Выборка неполная."
100000005474472100,terminal,0.8412309503981859,21,0.4555160142348754,"Возможный конечный получатель: вход ≈100,0 тыс. ₸, наблюдаемых выходов 0. Это не полный баланс. Выборка неполная."
100000004486525100,peripheral,0.3341312923906307,0,0.8567615658362989,"Недостаточно признаков специальной роли: 8 отправителей, 2 получателей. Это не отсутствие риска. Выборка неполная."
100000003031890100,terminal,0.8873509164617565,22,0.6427935943060499,"Возможный конечный получатель: вход ≈215,0 тыс. ₸, наблюдаемых выходов 0. Это не полный баланс. Выборка неполная."
100000008624978100,terminal,0.8689200344370397,4,0.49955516014234874,"Возможный конечный получатель: вход ≈109,0 тыс. ₸, наблюдаемых выходов 0. Это не полный баланс. Выборка неполная."
100000000790311100,peripheral,0.3880390566364487,14,0.5062277580071174,"Недостаточно признаков специальной роли: 1 отправителей, 0 получателей. Это не отсутствие риска. Выборка неполная."
100000008546855100,consolidator,0.9265035920678364,16,0.9515124555160143,"Гипотеза сбора: 6 отправителей; вход ≈71,8 тыс. ₸, выход ≈10,0 тыс. ₸. Входящий объём преобладает. Выборка неполная."
100000002863356100,peripheral,0.544689704669229,1,0.4297153024911032,"Недостаточно признаков специальной роли: 1 отправителей, 1 получателей. Это не отсутствие риска. Выборка неполная."
100000000332284100,peripheral,0.37822406340057635,6,0.9604092526690391,"Недостаточно признаков специальной роли: 10 отправителей, 3 получателей. Это не отсутствие риска. Выборка неполная."
100000002605308100,consolidator,0.6513716221016989,13,0.8229537366548043,"Гипотеза сбора: 3 отправителей; вход ≈2,57 млн ₸, выход 0,00 ₸. Входящий объём преобладает. Выборка неполная."
100000005931985100,terminal,0.8583340431148152,11,0.28825622775800713,"Возможный конечный получатель: вход ≈76,0 тыс. ₸, наблюдаемых выходов 0. Это не полный баланс. Выборка неполная."
100000001166289100,transit,0.7498516544192582,1,0.7735765124555161,"Гипотеза транзита: 2 отправ., 1 получ. Есть совпадение сумм в тот же/следующий день. Выборка неполная."
100000008477350100,distributor,0.99,0,0.9968861209964412,"Гипотеза распределения: 39 получателей; выход ≈3,37 млн ₸. Исходящий объём преобладает. Выборка неполная."
100000003824464100,terminal,0.9004751911628517,20,0.47998220640569395,"Возможный конечный получатель: вход ≈200,0 тыс. ₸, наблюдаемых выходов 0. Это не полный баланс. Выборка неполная."
100000002738256100,transit,0.653235306671794,51,0.7015124555160143,"Гипотеза транзита: 1 отправ., 1 получ. Есть совпадение сумм в тот же/следующий день. Выборка неполная."
100000001857829100,transit,0.870628577588558,4,0.9937722419928826,"Гипотеза транзита: 6 отправ., 16 получ. Есть совпадение сумм в тот же/следующий день. Выборка неполная."
100000008672762100,peripheral,0.4533758025916947,1,0.07940391459074733,"Недостаточно признаков специальной роли: 1 отправителей, 0 получателей. Это не отсутствие риска. Выборка неполная."
100000001737722100,terminal,0.8429731148123237,3,0.3905693950177936,"Возможный конечный получатель: вход ≈60,5 тыс. ₸, наблюдаемых выходов 0. Это не полный баланс. Выборка неполная."
100000005572303100,peripheral,0.4256272365488531,5,0.7775800711743772,"Недостаточно признаков специальной роли: 1 отправителей, 1 получателей. Это не отсутствие риска. Выборка неполная."
100000008733049100,peripheral,0.43090887859382154,14,0.35498220640569395,"Недостаточно признаков специальной роли: 1 отправителей, 0 получателей. Это не отсутствие риска. Выборка неполная."
100000000850297100,transit,0.7340124495289369,8,0.46886120996441283,"Гипотеза транзита: 1 отправ., 1 получ. Есть совпадение сумм в тот же/следующий день. Выборка неполная."
100000005140601100,peripheral,0.3866048270893372,4,0.8825622775800712,"Недостаточно признаков специальной роли: 3 отправителей, 2 получателей. Это не отсутствие риска. Выборка неполная."
100000004410489100,terminal,0.873517275037456,0,0.4608540925266904,"Возможный конечный получатель: вход ≈54,0 тыс. ₸, наблюдаемых выходов 0. Это не полный баланс. Выборка неполная."
100000006852430100,peripheral,0.4350073318749249,10,0.5796263345195729,"Недостаточно признаков специальной роли: 1 отправителей, 0 получателей. Это не отсутствие риска. Выборка неполная."
100000003166755100,peripheral,0.4017835696299728,3,0.4208185053380783,"Недостаточно признаков специальной роли: 1 отправителей, 0 получателей. Это не отсутствие риска. Выборка неполная."
100000008258083100,peripheral,0.3454345494874131,28,0.8874555160142349,"Недостаточно признаков специальной роли: 2 отправителей, 2 получателей. Это не отсутствие риска. Выборка неполная."
100000003054328100,transit,0.660868070402572,11,0.7419928825622776,"Гипотеза транзита: 1 отправ., 2 получ. Есть совпадение сумм в тот же/следующий день. Выборка неполная."
100000008473207100,terminal,0.8924834600998026,3,0.7442170818505338,"Возможный конечный получатель: вход ≈202,0 тыс. ₸, наблюдаемых выходов 0. Это не полный баланс. Выборка неполная."
100000008104567100,peripheral,0.38983963172698044,8,0.9123665480427047,"Недостаточно признаков специальной роли: 3 отправителей, 3 получателей. Это не отсутствие риска. Выборка неполная."
100000002721825100,peripheral,0.4737962412632607,0,0.23220640569395018,"Недостаточно признаков специальной роли: 1 отправителей, 0 получателей. Это не отсутствие риска. Выборка неполная."
100000003509750100,transit,0.7699841324221778,7,0.8358540925266904,"Гипотеза транзита: 3 отправ., 3 получ. Объёмы близки; быстрое прохождение не подтверждено. Выборка неполная."
100000007322059100,peripheral,0.4305529583076263,31,0.8193950177935944,"Недостаточно признаков специальной роли: 2 отправителей, 1 получателей. Это не отсутствие риска. Выборка неполная."
100000004441291100,peripheral,0.4572875329719235,3,0.4621886120996441,"Недостаточно признаков специальной роли: 1 отправителей, 0 получателей. Это не отсутствие риска. Выборка неполная."
100000006122699100,peripheral,0.36443279691749764,9,0.7491103202846975,"Недостаточно признаков специальной роли: 2 отправителей, 0 получателей. Это не отсутствие риска. Выборка неполная."
100000008254069100,transit,0.8166140325125111,17,0.9346085409252669,"Гипотеза транзита: 1 отправ., 5 получ. Есть совпадение сумм в тот же/следующий день. Выборка неполная."
100000003336565100,peripheral,0.44693460912618344,1,0.1045373665480427,"Недостаточно признаков специальной роли: 1 отправителей, 0 получателей. Это не отсутствие риска. Выборка неполная."
100000002492277100,terminal,0.896317560399938,3,0.5222419928825622,"Возможный конечный получатель: вход ≈138,5 тыс. ₸, наблюдаемых выходов 0. Это не полный баланс. Выборка неполная."
100000001339466100,peripheral,0.39700667245976345,3,0.4888790035587189,"Недостаточно признаков специальной роли: 1 отправителей, 0 получателей. Это не отсутствие риска. Выборка неполная."
100000005022964100,peripheral,0.4512668519298336,3,0.40613879003558717,"Недостаточно признаков специальной роли: 1 отправителей, 0 получателей. Это не отсутствие риска. Выборка неполная."
100000003112436100,terminal,0.8766423153092864,5,0.5498220640569395,"Возможный конечный получатель: вход ≈100,0 тыс. ₸, наблюдаемых выходов 0. Это не полный баланс. Выборка неполная."
100000000489417100,transit,0.4981725166570473,12,0.824288256227758,"Гипотеза транзита: 3 отправ., 1 получ. Объёмы близки; быстрое прохождение не подтверждено. Выборка неполная."
100000002217161100,peripheral,0.3335158501440922,33,0.9577402135231317,"Недостаточно признаков специальной роли: 2 отправителей, 7 получателей. Это не отсутствие риска. Выборка неполная."
100000002469065100,terminal,0.8924031238425905,5,0.5858540925266904,"Возможный конечный получатель: вход ≈200,0 тыс. ₸, наблюдаемых выходов 0. Это не полный баланс. Выборка неполная."
100000007337374100,peripheral,0.4205594049620103,1,0.2566725978647687,"Недостаточно признаков специальной роли: 1 отправителей, 0 получателей. Это не отсутствие риска. Выборка неполная."
100000003249054100,consolidator,0.9427853074181748,3,0.9408362989323843,"Гипотеза сбора: 7 отправителей; вход ≈99,7 тыс. ₸, выход ≈15,0 тыс. ₸. Входящий объём преобладает. Выборка неполная."
100000003024542100,peripheral,0.46987952863151217,3,0.2984875444839858,"Недостаточно признаков специальной роли: 1 отправителей, 0 получателей. Это не отсутствие риска. Выборка неполная."
100000002718366100,consolidator,0.7465534974195012,2,0.8438612099644128,"Гипотеза сбора: 6 отправителей; вход ≈2,52 млн ₸, выход 0,00 ₸. Входящий объём преобладает. Выборка неполная."
100000005059998100,peripheral,0.4144430233589207,0,0.2851423487544484,"Недостаточно признаков специальной роли: 1 отправителей, 0 получателей. Это не отсутствие риска. Выборка неполная."
100000004071070100,transit,0.7326667654047213,0,0.7024021352313167,"Гипотеза транзита: 2 отправ., 1 получ. Есть совпадение сумм в тот же/следующий день. Выборка неполная."
100000001584286100,terminal,0.9299828034447954,11,0.7629003558718861,"Возможный конечный получатель: вход ≈738,7 тыс. ₸, наблюдаемых выходов 0. Это не полный баланс. Выборка неполная."
100000008701256100,terminal,0.8734229751173843,30,0.45640569395017794,"Возможный конечный получатель: вход ≈58,2 тыс. ₸, наблюдаемых выходов 0. Это не полный баланс. Выборка неполная."
100000001490461100,peripheral,0.543982407840375,8,0.6054270462633452,"Недостаточно признаков специальной роли: 1 отправителей, 1 получателей. Это не отсутствие риска. Выборка неполная."
100000008531186100,terminal,0.8914458921568074,3,0.5520462633451957,"Возможный конечный получатель: вход ≈125,0 тыс. ₸, наблюдаемых выходов 0. Это не полный баланс. Выборка неполная."
100000004765639100,peripheral,0.36991817570047736,0,0.4581850533807829,"Недостаточно признаков специальной роли: 1 отправителей, 2 получателей. Это не отсутствие риска. Выборка неполная."
100000002983879100,terminal,0.9333674594799535,3,0.8167259786476868,"Возможный конечный получатель: вход ≈200,1 тыс. ₸, наблюдаемых выходов 0. Это не полный баланс. Выборка неполная."
100000008734364100,peripheral,0.4304353714897283,1,0.15080071174377224,"Недостаточно признаков специальной роли: 1 отправителей, 0 получателей. Это не отсутствие риска. Выборка неполная."
100000003192220100,terminal,0.8554175334059023,5,0.5338078291814946,"Возможный конечный получатель: вход ≈60,0 тыс. ₸, наблюдаемых выходов 0. Это не полный баланс. Выборка неполная."
100000008060273100,peripheral,0.4385489333173061,3,0.5186832740213523,"Недостаточно признаков специальной роли: 1 отправителей, 0 получателей. Это не отсутствие риска. Выборка неполная."
100000008205937100,peripheral,0.38979745333334326,12,0.6943950177935944,"Недостаточно признаков специальной роли: 1 отправителей, 0 получателей. Это не отсутствие риска. Выборка неполная."
100000005507142100,peripheral,0.4584005763688761,35,0.8416370106761566,"Недостаточно признаков специальной роли: 3 отправителей, 3 получателей. Это не отсутствие риска. Выборка неполная."
100000005539910100,peripheral,0.43705631234353604,3,0.8380782918149466,"Недостаточно признаков специальной роли: 1 отправителей, 2 получателей. Это не отсутствие риска. Выборка неполная."
100000002459163100,peripheral,0.445702286140388,54,0.2820284697508897,"Недостаточно признаков специальной роли: 1 отправителей, 0 получателей. Это не отсутствие риска. Выборка неполная."
100000004666651100,terminal,0.8777643175429293,64,0.6036476868327402,"Возможный конечный получатель: вход ≈429,2 тыс. ₸, наблюдаемых выходов 0. Это не полный баланс. Выборка неполная."
100000003927792100,peripheral,0.42532846993072276,14,0.37722419928825623,"Недостаточно признаков специальной роли: 1 отправителей, 0 получателей. Это не отсутствие риска. Выборка неполная."
100000000607941100,peripheral,0.445171690843155,5,0.8821174377224199,"Недостаточно признаков специальной роли: 2 отправителей, 1 получателей. Это не отсутствие риска. Выборка неполная."
100000004158362100,peripheral,0.42218996352080296,0,0.3429715302491103,"Недостаточно признаков специальной роли: 1 отправителей, 0 получателей. Это не отсутствие риска. Выборка неполная."
100000005664922100,peripheral,0.3850324207492795,21,0.8652135231316725,"Недостаточно признаков специальной роли: 2 отправителей, 3 получателей. Это не отсутствие риска. Выборка неполная."
100000007594394100,transit,0.8377626385468385,16,0.9323843416370107,"Гипотеза транзита: 6 отправ., 1 получ. Есть совпадение сумм в тот же/следующий день. Выборка неполная."
100000000979567100,peripheral,0.4866446395643046,1,0.2206405693950178,"Недостаточно признаков специальной роли: 1 отправителей, 0 получателей. Это не отсутствие риска. Выборка неполная."
100000002831727100,peripheral,0.8392903458213257,16,0.5026690391459074,"Недостаточно признаков специальной роли: 1 отправителей, 1 получателей. Это не отсутствие риска. Выборка неполная."
100000003062895100,terminal,0.9280783928418213,2,0.7624555160142349,"Возможный конечный получатель: вход ≈328,4 тыс. ₸, наблюдаемых выходов 0. Это не полный баланс. Выборка неполная."
100000008376089100,terminal,0.8767275048361738,28,0.4653024911032028,"Возможный конечный получатель: вход ≈135,0 тыс. ₸, наблюдаемых выходов 0. Это не полный баланс. Выборка неполная."
100000003219438100,peripheral,0.4166430907494798,32,0.349644128113879,"Недостаточно признаков специальной роли: 1 отправителей, 0 получателей. Это не отсутствие риска. Выборка неполная."
100000000967918100,peripheral,0.42889053077696826,0,0.5355871886120996,"Недостаточно признаков специальной роли: 1 отправителей, 0 получателей. Это не отсутствие риска. Выборка неполная."
100000003254723100,terminal,0.9045046677305257,3,0.7184163701067615,"Возможный конечный получатель: вход ≈269,9 тыс. ₸, наблюдаемых выходов 0. Это не полный баланс. Выборка неполная."
100000003823811100,peripheral,0.4301442638709728,17,0.8643238434163701,"Недостаточно признаков специальной роли: 1 отправителей, 3 получателей. Это не отсутствие риска. Выборка неполная."
100000008587459100,peripheral,0.4056385992747053,0,0.7842526690391459,"Недостаточно признаков специальной роли: 2 отправителей, 2 получателей. Это не отсутствие риска. Выборка неполная."
100000008603331100,transit,0.8081218981043784,2,0.9283807829181495,"Гипотеза транзита: 2 отправ., 6 получ. Есть совпадение сумм в тот же/следующий день. Выборка неполная."
100000008758168100,transit,0.7884628248231552,18,0.8887900355871886,"Гипотеза транзита: 2 отправ., 5 получ. Есть совпадение сумм в тот же/следующий день. Выборка неполная."
100000003724440100,terminal,0.8864243930803561,0,0.74644128113879,"Возможный конечный получатель: вход ≈50,0 тыс. ₸, наблюдаемых выходов 0. Это не полный баланс. Выборка неполная."
100000000291906100,transit,0.7104514037862177,48,0.8994661921708185,"Гипотеза транзита: 2 отправ., 2 получ. Объёмы близки; быстрое прохождение не подтверждено. Выборка неполная."
100000005077484100,peripheral,0.4058513736149536,27,0.7019572953736655,"Недостаточно признаков специальной роли: 1 отправителей, 2 получателей. Это не отсутствие риска. Выборка неполная."
100000004192107100,peripheral,0.4342321639970981,3,0.297153024911032,"Недостаточно признаков специальной роли: 1 отправителей, 0 получателей. Это не отсутствие риска. Выборка неполная."
100000002193259100,transit,0.8542891794836354,9,0.900355871886121,"Гипотеза транзита: 2 отправ., 3 получ. Есть совпадение сумм в тот же/следующий день. Выборка неполная."
100000005481280100,peripheral,0.46215842722423783,14,0.8572064056939501,"Недостаточно признаков специальной роли: 1 отправителей, 3 получателей. Это не отсутствие риска. Выборка неполная."
100000004527381100,transit,0.8442948621261978,14,0.8042704626334519,"Гипотеза транзита: 1 отправ., 1 получ. Есть совпадение сумм в тот же/следующий день. Выборка неполная."
100000001578517100,peripheral,0.4071297224671717,5,0.48954626334519574,"Недостаточно признаков специальной роли: 1 отправителей, 0 получателей. Это не отсутствие риска. Выборка неполная."
100000003741418100,peripheral,0.30734120616046845,6,0.9461743772241993,"Недостаточно признаков специальной роли: 9 отправителей, 3 получателей. Это не отсутствие риска. Выборка неполная."
100000008737514100,terminal,0.8790178127514803,14,0.5133451957295374,"Возможный конечный получатель: вход ≈85,0 тыс. ₸, наблюдаемых выходов 0. Это не полный баланс. Выборка неполная."
100000002870463100,consolidator,0.9377498620363436,7,0.8674377224199288,"Гипотеза сбора: 3 отправителей; вход ≈207,0 тыс. ₸, выход ≈10,0 тыс. ₸. Входящий объём преобладает. Выборка неполная."
100000008545727100,transit,0.8183283812925413,8,0.9177046263345195,"Гипотеза транзита: 1 отправ., 6 получ. Есть совпадение сумм в тот же/следующий день. Выборка неполная."
100000000425407100,peripheral,0.41208107053535104,3,0.29137010676156583,"Недостаточно признаков специальной роли: 1 отправителей, 0 получателей. Это не отсутствие риска. Выборка неполная."
100000001418900100,peripheral,0.3983276318799845,1,0.3723309608540925,"Недостаточно признаков специальной роли: 1 отправителей, 0 получателей. Это не отсутствие риска. Выборка неполная."
100000001677929100,peripheral,0.4443098368087035,7,0.827846975088968,"Недостаточно признаков специальной роли: 3 отправителей, 2 получателей. Это не отсутствие риска. Выборка неполная."
100000002539625100,terminal,0.8720761403743456,2,0.3741103202846975,"Возможный конечный получатель: вход ≈94,7 тыс. ₸, наблюдаемых выходов 0. Это не полный баланс. Выборка неполная."
100000001965374100,peripheral,0.4061059077809798,21,0.8634341637010676,"Недостаточно признаков специальной роли: 2 отправителей, 3 получателей. Это не отсутствие риска. Выборка неполная."
100000001287955100,transit,0.830108617313027,11,0.9341637010676157,"Гипотеза транзита: 1 отправ., 4 получ. Есть совпадение сумм в тот же/следующий день. Выборка неполная."
100000005402643100,peripheral,0.5572615947006334,2,0.48798932384341637,"Недостаточно признаков специальной роли: 1 отправителей, 1 получателей. Это не отсутствие риска. Выборка неполная."
100000008752616100,transit,0.8000238357841535,2,0.9212633451957295,"Гипотеза транзита: 2 отправ., 7 получ. Есть совпадение сумм в тот же/следующий день. Выборка неполная."
100000000733373100,peripheral,0.4349299769224354,5,0.3029359430604982,"Недостаточно признаков специальной роли: 1 отправителей, 0 получателей. Это не отсутствие риска. Выборка неполная."
100000008531133100,transit,0.6723785122945021,5,0.8127224199288257,"Гипотеза транзита: 1 отправ., 3 получ. Есть совпадение сумм в тот же/следующий день. Выборка неполная."
100000005933757100,peripheral,0.2725,13,0.9888790035587188,"Недостаточно признаков специальной роли: 4 отправителей, 34 получателей. Это не отсутствие риска. Выборка неполная."
100000006490557100,peripheral,0.4747313049358994,7,0.11788256227758007,"Недостаточно признаков специальной роли: 1 отправителей, 0 получателей. Это не отсутствие риска. Выборка неполная."
100000008497298100,terminal,0.902520127091254,2,0.4933274021352313,"Возможный конечный получатель: вход ≈600,0 тыс. ₸, наблюдаемых выходов 0. Это не полный баланс. Выборка неполная."
100000005168487100,peripheral,0.49914976131872985,10,0.7344306049822064,"Недостаточно признаков специальной роли: 1 отправителей, 1 получателей. Это не отсутствие риска. Выборка неполная."
100000005799271100,peripheral,0.40709037414885973,10,0.6387900355871886,"Недостаточно признаков специальной роли: 1 отправителей, 0 получателей. Это не отсутствие риска. Выборка неполная."
100000000912487100,peripheral,0.4281091279138578,3,0.376779359430605,"Недостаточно признаков специальной роли: 1 отправителей, 0 получателей. Это не отсутствие риска. Выборка неполная."
100000007982908100,peripheral,0.4250080190837867,1,0.17526690391459074,"Недостаточно признаков специальной роли: 1 отправителей, 0 получателей. Это не отсутствие риска. Выборка неполная."
100000005413948100,peripheral,0.3946507992194696,2,0.755338078291815,"Недостаточно признаков специальной роли: 2 отправителей, 1 получателей. Это не отсутствие риска. Выборка неполная."
100000000724540100,peripheral,0.8456265424298265,4,0.645017793594306,"Недостаточно признаков специальной роли: 1 отправителей, 1 получателей. Это не отсутствие риска. Выборка неполная."
100000005730108100,peripheral,0.47653565929732455,0,0.21752669039145908,"Недостаточно признаков специальной роли: 1 отправителей, 0 получателей. Это не отсутствие риска. Выборка неполная."
100000002566204100,terminal,0.8748546536604155,8,0.3776690391459075,"Возможный конечный получатель: вход ≈80,8 тыс. ₸, наблюдаемых выходов 0. Это не полный баланс. Выборка неполная."
100000000625169100,peripheral,0.4583690698491655,1,0.06583629893238434,"Недостаточно признаков специальной роли: 1 отправителей, 0 получателей. Это не отсутствие риска. Выборка неполная."
100000001114385100,peripheral,0.3952321474416122,3,0.4488434163701068,"Недостаточно признаков специальной роли: 1 отправителей, 0 получателей. Это не отсутствие риска. Выборка неполная."
100000002964966100,terminal,0.8710081493600461,3,0.5266903914590747,"Возможный конечный получатель: вход ≈200,0 тыс. ₸, наблюдаемых выходов 0. Это не полный баланс. Выборка неполная."
100000008771814100,peripheral,0.4352580056614057,1,0.1356761565836299,"Недостаточно признаков специальной роли: 1 отправителей, 0 получателей. Это не отсутствие риска. Выборка неполная."
100000001241318100,terminal,0.7896633772263917,0,0.3781138790035587,"Возможный конечный получатель: вход ≈53,0 тыс. ₸, наблюдаемых выходов 0. Это не полный баланс. Выборка неполная."
100000001250022100,terminal,0.8616079029927028,7,0.3220640569395018,"Возможный конечный получатель: вход ≈50,0 тыс. ₸, наблюдаемых выходов 0. Это не полный баланс. Выборка неполная."
100000006534886100,peripheral,0.45960014409221905,5,0.7326512455516014,"Недостаточно признаков специальной роли: 1 отправителей, 1 получателей. Это не отсутствие риска. Выборка неполная."
100000008655035100,peripheral,0.4426662623588206,7,0.4737544483985765,"Недостаточно признаков специальной роли: 1 отправителей, 0 получателей. Это не отсутствие риска. Выборка неполная."
100000005932987100,peripheral,0.40300974786982957,32,0.5369217081850534,"Недостаточно признаков специальной роли: 1 отправителей, 0 получателей. Это не отсутствие риска. Выборка неполная."
100000008636603100,transit,0.8539649489988659,9,0.9443950177935944,"Гипотеза транзита: 2 отправ., 6 получ. Есть совпадение сумм в тот же/следующий день. Выборка неполная."
100000008710843100,distributor,0.941010446685879,18,0.958185053380783,"Гипотеза распределения: 13 получателей; выход ≈1,99 млн ₸. Исходящий объём преобладает. Выборка неполная."
100000000917179100,terminal,0.8896958302271696,13,0.5431494661921709,"Возможный конечный получатель: вход ≈94,5 тыс. ₸, наблюдаемых выходов 0. Это не полный баланс. Выборка неполная."
100000004209339100,peripheral,0.3795046829971182,10,0.8812277580071174,"Недостаточно признаков специальной роли: 1 отправителей, 2 получателей. Это не отсутствие риска. Выборка неполная."
100000008765627100,terminal,0.8672987263036533,7,0.34919928825622776,"Возможный конечный получатель: вход ≈60,0 тыс. ₸, наблюдаемых выходов 0. Это не полный баланс. Выборка неполная."
100000002443664100,consolidator,0.5606582060300888,11,0.802491103202847,"Гипотеза сбора: 3 отправителей; вход ≈556,9 тыс. ₸, выход 0,00 ₸. Входящий объём преобладает. Выборка неполная."
100000008144528100,consolidator,0.7548379995343981,5,0.8171708185053381,"Гипотеза сбора: 5 отправителей; вход ≈1,07 млн ₸, выход 0,00 ₸. Входящий объём преобладает. Выборка неполная."
100000003988112100,peripheral,0.4554532632641337,17,0.7682384341637011,"Недостаточно признаков специальной роли: 1 отправителей, 1 получателей. Это не отсутствие риска. Выборка неполная."
100000008008463100,terminal,0.8650349376143112,7,0.3376334519572954,"Возможный конечный получатель: вход ≈54,2 тыс. ₸, наблюдаемых выходов 0. Это не полный баланс. Выборка неполная."
100000006679055100,peripheral,0.40316679236748176,3,0.46752669039145905,"Недостаточно признаков специальной роли: 1 отправителей, 0 получателей. Это не отсутствие риска. Выборка неполная."
100000007382543100,peripheral,0.401810158501441,26,0.9337188612099644,"Недостаточно признаков специальной роли: 3 отправителей, 5 получателей. Это не отсутствие риска. Выборка неполная."
100000007749092100,peripheral,0.5554899135446687,5,0.5827402135231317,"Недостаточно признаков специальной роли: 1 отправителей, 1 получателей. Это не отсутствие риска. Выборка неполная."
100000004221668100,transit,0.8155568987703428,25,0.9292704626334519,"Гипотеза транзита: 4 отправ., 3 получ. Есть совпадение сумм в тот же/следующий день. Выборка неполная."
100000008174521100,terminal,0.87185206312772,5,0.5137900355871886,"Возможный конечный получатель: вход ≈82,1 тыс. ₸, наблюдаемых выходов 0. Это не полный баланс. Выборка неполная."
100000002692750100,peripheral,0.38494771366337194,7,0.8314056939501779,"Недостаточно признаков специальной роли: 3 отправителей, 1 получателей. Это не отсутствие риска. Выборка неполная."
100000002173070100,peripheral,0.4071297224671717,5,0.48954626334519574,"Недостаточно признаков специальной роли: 1 отправителей, 0 получателей. Это не отсутствие риска. Выборка неполная."
100000005911352100,peripheral,0.5088299275393351,36,0.826067615658363,"Недостаточно признаков специальной роли: 2 отправителей, 3 получателей. Это не отсутствие риска. Выборка неполная."
100000003068941100,transit,0.7740005209588502,0,0.8843416370106761,"Гипотеза транзита: 3 отправ., 1 получ. Есть совпадение сумм в тот же/следующий день. Выборка неполная."
100000001420847100,peripheral,0.42584903940536745,16,0.37944839857651247,"Недостаточно признаков специальной роли: 1 отправителей, 0 получателей. Это не отсутствие риска. Выборка неполная."
100000005602999100,peripheral,0.4533915706051873,10,0.8113879003558719,"Недостаточно признаков специальной роли: 1 отправителей, 2 получателей. Это не отсутствие риска. Выборка неполная."
100000000723383100,peripheral,0.4666192363112392,19,0.8536476868327402,"Недостаточно признаков специальной роли: 1 отправителей, 2 получателей. Это не отсутствие риска. Выборка неполная."
100000006977207100,distributor,0.9722640489913545,4,0.9243772241992882,"Гипотеза распределения: 15 получателей; выход ≈4,16 млн ₸. Исходящий объём преобладает. Выборка неполная."
100000001273783100,peripheral,0.41215766189965564,8,0.27402135231316727,"Недостаточно признаков специальной роли: 1 отправителей, 0 получателей. Это не отсутствие риска. Выборка неполная."
100000000201868100,transit,0.7340124495289369,5,0.7166370106761566,"Гипотеза транзита: 1 отправ., 1 получ. Есть совпадение сумм в тот же/следующий день. Выборка неполная."
100000007777377100,transit,0.819235111897791,5,0.8678825622775801,"Гипотеза транзита: 1 отправ., 2 получ. Есть совпадение сумм в тот же/следующий день. Выборка неполная."
100000004192865100,terminal,0.8243134904464852,27,0.41725978647686834,"Возможный конечный получатель: вход ≈66,7 тыс. ₸, наблюдаемых выходов 0. Это не полный баланс. Выборка неполная."
100000006901046100,transit,0.5557940471184253,5,0.6761565836298933,"Гипотеза транзита: 1 отправ., 1 получ. Есть совпадение сумм в тот же/следующий день. Выборка неполная."
100000000437046100,distributor,0.950493930715173,0,0.9919928825622776,"Гипотеза распределения: 42 получателей; выход ≈7,61 млн ₸. Исходящий объём преобладает. Выборка неполная."
100000008765494100,peripheral,0.4347200884424114,1,0.13834519572953738,"Недостаточно признаков специальной роли: 1 отправителей, 0 получателей. Это не отсутствие риска. Выборка неполная."
100000008713270100,peripheral,0.4156700288184438,7,0.748220640569395,"Недостаточно признаков специальной роли: 1 отправителей, 3 получателей. Это не отсутствие риска. Выборка неполная."
100000003603979100,terminal,0.8877111898116198,22,0.6218861209964412,"Возможный конечный получатель: вход ≈165,0 тыс. ₸, наблюдаемых выходов 0. Это не полный баланс. Выборка неполная."
100000000943371100,peripheral,0.43846887282236824,12,0.4306049822064057,"Недостаточно признаков специальной роли: 1 отправителей, 0 получателей. Это не отсутствие риска. Выборка неполная."
100000008672480100,peripheral,0.4533758025916947,1,0.07940391459074733,"Недостаточно признаков специальной роли: 1 отправителей, 0 получателей. Это не отсутствие риска. Выборка неполная."
100000008691168100,peripheral,0.4348897828125817,1,0.13745551601423486,"Недостаточно признаков специальной роли: 1 отправителей, 0 получателей. Это не отсутствие риска. Выборка неполная."
100000003237045100,peripheral,0.39743835388965265,5,0.6899466192170819,"Недостаточно признаков специальной роли: 1 отправителей, 1 получателей. Это не отсутствие риска. Выборка неполная."
100000008736394100,peripheral,0.44767535441298895,1,0.10097864768683273,"Недостаточно признаков специальной роли: 1 отправителей, 0 получателей. Это не отсутствие риска. Выборка неполная."
100000004160650100,distributor,0.9457114553314121,22,0.9008007117437722,"Гипотеза распределения: 10 получателей; выход ≈1,49 млн ₸. Исходящий объём преобладает. Выборка неполная."
100000000629812100,peripheral,0.38507649592021753,53,0.7526690391459074,"Недостаточно признаков специальной роли: 2 отправителей, 0 получателей. Это не отсутствие риска. Выборка неполная."
100000000955444100,peripheral,0.47492046343350725,42,0.17304270462633453,"Недостаточно признаков специальной роли: 1 отправителей, 0 получателей. Это не отсутствие риска. Выборка неполная."
100000008731444100,peripheral,0.3028458213256484,0,0.9755338078291815,"Недостаточно признаков специальной роли: 3 отправителей, 9 получателей. Это не отсутствие риска. Выборка неполная."
100000008413748100,distributor,0.9787968299711816,15,0.9724199288256228,"Гипотеза распределения: 18 получателей; выход ≈1,38 млн ₸. Исходящий объём преобладает. Выборка неполная."
100000006787636100,peripheral,0.4486357817539328,5,0.25622775800711745,"Недостаточно признаков специальной роли: 1 отправителей, 0 получателей. Это не отсутствие риска. Выборка неполная."
100000005942793100,consolidator,0.7206128249667838,0,0.7726868327402135,"Гипотеза сбора: 4 отправителей; вход ≈55,0 тыс. ₸, выход 0,00 ₸. Входящий объём преобладает. Выборка неполная."
100000008730846100,transit,0.8589482092789413,10,0.9790925266903915,"Гипотеза транзита: 7 отправ., 3 получ. Есть совпадение сумм в тот же/следующий день. Выборка неполная."
100000002570206100,terminal,0.919405340494227,15,0.770017793594306,"Возможный конечный получатель: вход ≈167,0 тыс. ₸, наблюдаемых выходов 0. Это не полный баланс. Выборка неполная."
100000000785800100,transit,0.7340124495289369,54,0.50355871886121,"Гипотеза транзита: 1 отправ., 1 получ. Есть совпадение сумм в тот же/следующий день. Выборка неполная."
100000007382152100,peripheral,0.43451067473805965,0,0.28558718861209964,"Недостаточно признаков специальной роли: 1 отправителей, 0 получателей. Это не отсутствие риска. Выборка неполная."
100000000910216100,peripheral,0.4258766614707955,0,0.8776690391459074,"Недостаточно признаков специальной роли: 1 отправителей, 1 получателей. Это не отсутствие риска. Выборка неполная."
100000003131016100,peripheral,0.405151817348647,4,0.7722419928825622,"Недостаточно признаков специальной роли: 1 отправителей, 1 получателей. Это не отсутствие риска. Выборка неполная."
100000003221384100,terminal,0.9167619620644438,14,0.6316725978647687,"Возможный конечный получатель: вход ≈511,2 тыс. ₸, наблюдаемых выходов 0. Это не полный баланс. Выборка неполная."
100000002156381100,peripheral,0.39674972318416235,10,0.8976868327402135,"Недостаточно признаков специальной роли: 2 отправителей, 1 получателей. Это не отсутствие риска. Выборка неполная."
100000002779485100,terminal,0.8583684333301278,4,0.5484875444839857,"Возможный конечный получатель: вход ≈91,0 тыс. ₸, наблюдаемых выходов 0. Это не полный баланс. Выборка неполная."
100000008774237100,peripheral,0.3638907482276311,22,0.43238434163701067,"Недостаточно признаков специальной роли: 1 отправителей, 1 получателей. Это не отсутствие риска. Выборка неполная."
100000002628146100,peripheral,0.401166045629456,31,0.4657473309608541,"Недостаточно признаков специальной роли: 1 отправителей, 0 получателей. Это не отсутствие риска. Выборка неполная."
100000002852402100,terminal,0.8368846772123268,14,0.302491103202847,"Возможный конечный получатель: вход ≈55,0 тыс. ₸, наблюдаемых выходов 0. Это не полный баланс. Выборка неполная."
100000006989106100,terminal,0.8523468410913735,7,0.5075622775800712,"Возможный конечный получатель: вход ≈64,0 тыс. ₸, наблюдаемых выходов 0. Это не полный баланс. Выборка неполная."
100000002958343100,peripheral,0.3596307636887608,7,0.8136120996441281,"Недостаточно признаков специальной роли: 1 отправителей, 2 получателей. Это не отсутствие риска. Выборка неполная."
100000008461532100,distributor,0.8707560680832158,24,0.9586298932384342,"Гипотеза распределения: 8 получателей; выход ≈2,53 млн ₸. Исходящий объём преобладает. Выборка неполная."
100000004400305100,distributor,0.99,0,0.994661921708185,"Гипотеза распределения: 82 получателей; выход ≈5,83 млн ₸. Исходящий объём преобладает. Выборка неполная."
100000000297649100,peripheral,0.7326909221902018,9,0.6356761565836299,"Недостаточно признаков специальной роли: 1 отправителей, 1 получателей. Это не отсутствие риска. Выборка неполная."
100000003191430100,terminal,0.8545153450450469,5,0.47330960854092524,"Возможный конечный получатель: вход ≈180,0 тыс. ₸, наблюдаемых выходов 0. Это не полный баланс. Выборка неполная."
100000003275398100,peripheral,0.3812960478038861,22,0.5934163701067615,"Недостаточно признаков специальной роли: 1 отправителей, 1 получателей. Это не отсутствие риска. Выборка неполная."
100000005203590100,terminal,0.8767584406089117,7,0.3830071174377224,"Возможный конечный получатель: вход ≈90,0 тыс. ₸, наблюдаемых выходов 0. Это не полный баланс. Выборка неполная."
100000008672603100,peripheral,0.4396406852205298,3,0.27580071174377224,"Недостаточно признаков специальной роли: 1 отправителей, 0 получателей. Это не отсутствие риска. Выборка неполная."
100000000718427100,peripheral,0.46538286878317614,1,0.050266903914590745,"Недостаточно признаков специальной роли: 1 отправителей, 0 получателей. Это не отсутствие риска. Выборка неполная."
100000003104347100,peripheral,0.3482668291096612,20,0.7406583629893239,"Недостаточно признаков специальной роли: 1 отправителей, 1 получателей. Это не отсутствие риска. Выборка неполная."
100000002974256100,peripheral,0.5188061280653998,9,0.20951957295373666,"Недостаточно признаков специальной роли: 1 отправителей, 0 получателей. Это не отсутствие риска. Выборка неполная."
100000007173936100,peripheral,0.44411167806673024,28,0.23487544483985764,"Недостаточно признаков специальной роли: 1 отправителей, 0 получателей. Это не отсутствие риска. Выборка неполная."
100000002744581100,peripheral,0.4667829218796329,7,0.18238434163701067,"Недостаточно признаков специальной роли: 1 отправителей, 0 получателей. Это не отсутствие риска. Выборка неполная."
100000000596954100,peripheral,0.46274569387360265,3,0.8385231316725978,"Недостаточно признаков специальной роли: 1 отправителей, 2 получателей. Это не отсутствие риска. Выборка неполная."
100000004950490100,peripheral,0.4664623382081864,7,0.19973309608540926,"Недостаточно признаков специальной роли: 1 отправителей, 0 получателей. Это не отсутствие риска. Выборка неполная."
100000008772058100,terminal,0.8386409388238714,1,0.2188612099644128,"Возможный конечный получатель: вход ≈50,0 тыс. ₸, наблюдаемых выходов 0. Это не полный баланс. Выборка неполная."
100000000971908100,terminal,0.8763194820317843,7,0.3816725978647687,"Возможный конечный получатель: вход ≈89,0 тыс. ₸, наблюдаемых выходов 0. Это не полный баланс. Выборка неполная."
100000008687492100,peripheral,0.4501637914772707,1,0.08674377224199288,"Недостаточно признаков специальной роли: 1 отправителей, 0 получателей. Это не отсутствие риска. Выборка неполная."
100000003159641100,peripheral,0.3954493427017226,56,0.9488434163701067,"Недостаточно признаков специальной роли: 4 отправителей, 1 получателей. Это не отсутствие риска. Выборка неполная."
100000005326681100,peripheral,0.3978132514024397,14,0.4786476868327402,"Недостаточно признаков специальной роли: 1 отправителей, 0 получателей. Это не отсутствие риска. Выборка неполная."
100000006888238100,peripheral,0.876292699399628,57,0.4288256227758007,"Недостаточно признаков специальной роли: 1 отправителей, 1 получателей. Это не отсутствие риска. Выборка неполная."
100000001290243100,peripheral,0.43615196262502975,5,0.19350533807829182,"Недостаточно признаков специальной роли: 1 отправителей, 0 получателей. Это не отсутствие риска. Выборка неполная."
100000008289539100,peripheral,0.423368241090634,14,0.38389679715302494,"Недостаточно признаков специальной роли: 1 отправителей, 0 получателей. Это не отсутствие риска. Выборка неполная."
100000000821507100,terminal,0.8990038387775678,28,0.5533807829181495,"Возможный конечный получатель: вход ≈400,0 тыс. ₸, наблюдаемых выходов 0. Это не полный баланс. Выборка неполная."
100000003086040100,peripheral,0.43748292235177433,0,0.37055160142348753,"Недостаточно признаков специальной роли: 1 отправителей, 0 получателей. Это не отсутствие риска. Выборка неполная."
100000002969048100,terminal,0.8826426246414836,7,0.4052491103202847,"Возможный конечный получатель: вход ≈108,5 тыс. ₸, наблюдаемых выходов 0. Это не полный баланс. Выборка неполная."
100000002826669100,terminal,0.9186999084048617,0,0.6846085409252669,"Возможный конечный получатель: вход ≈159,9 тыс. ₸, наблюдаемых выходов 0. Это не полный баланс. Выборка неполная."
100000002293421100,transit,0.5623129680234452,0,0.7829181494661922,"Гипотеза транзита: 2 отправ., 2 получ. Объёмы близки; быстрое прохождение не подтверждено. Выборка неполная."
100000004732589100,terminal,0.8991181841657983,8,0.47731316725978645,"Возможный конечный получатель: вход ≈227,5 тыс. ₸, наблюдаемых выходов 0. Это не полный баланс. Выборка неполная."
100000003003821100,peripheral,0.4278137150250449,3,0.4919928825622776,"Недостаточно признаков специальной роли: 1 отправителей, 0 получателей. Это не отсутствие риска. Выборка неполная."
100000005237935150,peripheral,0.4143097483757022,11,0.22864768683274023,"Недостаточно признаков специальной роли: 1 отправителей, 0 получателей. Это не отсутствие риска. Выборка неполная."
100000004463277100,peripheral,0.43928805148148875,27,0.4043594306049822,"Недостаточно признаков специальной роли: 1 отправителей, 0 получателей. Это не отсутствие риска. Выборка неполная."
100000006523053100,peripheral,0.5470503098715336,3,0.4092526690391459,"Недостаточно признаков специальной роли: 1 отправителей, 0 получателей. Это не отсутствие риска. Выборка неполная."
100000001954903100,peripheral,0.4049932742352098,8,0.30604982206405695,"Недостаточно признаков специальной роли: 1 отправителей, 0 получателей. Это не отсутствие риска. Выборка неполная."
100000005328215100,peripheral,0.40533367210610877,8,0.3038256227758007,"Недостаточно признаков специальной роли: 1 отправителей, 0 получателей. Это не отсутствие риска. Выборка неполная."
100000004424023100,peripheral,0.5851411474831985,7,0.7882562277580071,"Недостаточно признаков специальной роли: 1 отправителей, 1 получателей. Это не отсутствие риска. Выборка неполная."
100000002299948100,peripheral,0.4673508548093339,31,0.13033807829181496,"Недостаточно признаков специальной роли: 1 отправителей, 0 получателей. Это не отсутствие риска. Выборка неполная."
100000005105153100,peripheral,0.43705539120741294,0,0.4346085409252669,"Недостаточно признаков специальной роли: 1 отправителей, 0 получателей. Это не отсутствие риска. Выборка неполная."
100000001985793100,terminal,0.8971305889876225,25,0.4928825622775801,"Возможный конечный получатель: вход ≈420,0 тыс. ₸, наблюдаемых выходов 0. Это не полный баланс. Выборка неполная."
100000003134934100,consolidator,0.7323499108960247,0,0.8594306049822064,"Гипотеза сбора: 4 отправителей; вход ≈379,4 тыс. ₸, выход 0,00 ₸. Входящий объём преобладает. Выборка неполная."
100000006240939100,transit,0.7774206226396339,25,0.8345195729537367,"Гипотеза транзита: 1 отправ., 5 получ. Есть совпадение сумм в тот же/следующий день. Выборка неполная."
100000008656043100,peripheral,0.4303604137458236,1,0.15169039145907473,"Недостаточно признаков специальной роли: 1 отправителей, 0 получателей. Это не отсутствие риска. Выборка неполная."
100000002605184100,terminal,0.8586451679692415,14,0.41370106761565834,"Возможный конечный получатель: вход ≈140,0 тыс. ₸, наблюдаемых выходов 0. Это не полный баланс. Выборка неполная."
100000003157333100,peripheral,0.4039728940577341,7,0.304270462633452,"Недостаточно признаков специальной роли: 1 отправителей, 0 получателей. Это не отсутствие риска. Выборка неполная."
100000007898453100,transit,0.5613809616655896,3,0.822508896797153,"Гипотеза транзита: 1 отправ., 2 получ. Есть совпадение сумм в тот же/следующий день. Выборка неполная."
100000002710570100,terminal,0.8680226497203873,29,0.5449288256227758,"Возможный конечный получатель: вход ≈225,0 тыс. ₸, наблюдаемых выходов 0. Это не полный баланс. Выборка неполная."
100000004979498100,transit,0.650480087486136,51,0.7766903914590747,"Гипотеза транзита: 1 отправ., 1 получ. Есть совпадение сумм в тот же/следующий день. Выборка неполная."
100000001541418100,terminal,0.8928862529454293,2,0.7277580071174378,"Возможный конечный получатель: вход ≈96,9 тыс. ₸, наблюдаемых выходов 0. Это не полный баланс. Выборка неполная."
100000007797290100,peripheral,0.39405408903280476,0,0.7233096085409253,"Недостаточно признаков специальной роли: 1 отправителей, 1 получателей. Это не отсутствие риска. Выборка неполная."
100000008683818100,peripheral,0.44560340509132523,1,0.10854092526690391,"Недостаточно признаков специальной роли: 1 отправителей, 0 получателей. Это не отсутствие риска. Выборка неполная."
100000006567935100,terminal,0.8862758825144716,28,0.49466192170818507,"Возможный конечный получатель: вход ≈200,0 тыс. ₸, наблюдаемых выходов 0. Это не полный баланс. Выборка неполная."
100000002132479100,peripheral,0.7175062330009063,13,0.603202846975089,"Недостаточно признаков специальной роли: 1 отправителей, 1 получателей. Это не отсутствие риска. Выборка неполная."
100000002170580100,terminal,0.8898572524669461,8,0.43016014234875444,"Возможный конечный получатель: вход ≈150,0 тыс. ₸, наблюдаемых выходов 0. Это не полный баланс. Выборка неполная."
100000001232297100,peripheral,0.5330061239193082,12,0.6432384341637011,"Недостаточно признаков специальной роли: 1 отправителей, 2 получателей. Это не отсутствие риска. Выборка неполная."
100000002028158100,peripheral,0.3955130554900014,14,0.4853202846975089,"Недостаточно признаков специальной роли: 1 отправителей, 0 получателей. Это не отсутствие риска. Выборка неполная."
100000005519998100,transit,0.7926424590329351,32,0.8394128113879004,"Гипотеза транзита: 3 отправ., 3 получ. Объёмы близки; быстрое прохождение не подтверждено. Выборка неполная."
100000002335358100,terminal,0.8795831225555859,5,0.5880782918149466,"Возможный конечный получатель: вход ≈140,0 тыс. ₸, наблюдаемых выходов 0. Это не полный баланс. Выборка неполная."
100000007289427100,peripheral,0.46003354299286336,3,0.2139679715302491,"Недостаточно признаков специальной роли: 1 отправителей, 0 получателей. Это не отсутствие риска. Выборка неполная."
100000004592467100,peripheral,0.4321139083610005,3,0.22909252669039146,"Недостаточно признаков специальной роли: 1 отправителей, 0 получателей. Это не отсутствие риска. Выборка неполная."
100000004993576100,terminal,0.8953752392408647,14,0.5569395017793595,"Возможный конечный получатель: вход ≈167,0 тыс. ₸, наблюдаемых выходов 0. Это не полный баланс. Выборка неполная."
100000001648936100,terminal,0.8777125041289018,7,0.3865658362989324,"Возможный конечный получатель: вход ≈92,7 тыс. ₸, наблюдаемых выходов 0. Это не полный баланс. Выборка неполная."
100000008512552100,transit,0.8833708164380536,15,0.9830960854092526,"Гипотеза транзита: 4 отправ., 6 получ. Есть совпадение сумм в тот же/следующий день. Выборка неполная."
100000007629096100,transit,0.8642309276254161,30,0.9332740213523132,"Гипотеза транзита: 4 отправ., 1 получ. Есть совпадение сумм в тот же/следующий день. Выборка неполная."
100000001601320100,peripheral,0.714718040050691,7,0.6072064056939501,"Недостаточно признаков специальной роли: 2 отправителей, 1 получателей. Это не отсутствие риска. Выборка неполная."
100000005782781100,distributor,0.9559888328530259,7,0.9844306049822064,"Гипотеза распределения: 10 получателей; выход ≈1,26 млн ₸. Исходящий объём преобладает. Выборка неполная."
100000002723538100,distributor,0.9428902460047099,4,0.9786476868327402,"Гипотеза распределения: 12 получателей; выход ≈560,5 тыс. ₸. Исходящий объём преобладает. Выборка неполная."
100000002340562100,peripheral,0.41805390562437966,7,0.5106761565836299,"Недостаточно признаков специальной роли: 1 отправителей, 0 получателей. Это не отсутствие риска. Выборка неполная."
100000005939154100,peripheral,0.39844475451813166,5,0.5080071174377224,"Недостаточно признаков специальной роли: 1 отправителей, 0 получателей. Это не отсутствие риска. Выборка неполная."
100000004386258100,peripheral,0.4127015289773911,9,0.9372775800711743,"Недостаточно признаков специальной роли: 3 отправителей, 3 получателей. Это не отсутствие риска. Выборка неполная."
100000008406609100,peripheral,0.43061153460390805,17,0.33229537366548045,"Недостаточно признаков специальной роли: 1 отправителей, 0 получателей. Это не отсутствие риска. Выборка неполная."
100000007242833100,transit,0.7454758432786462,9,0.8233985765124555,"Гипотеза транзита: 1 отправ., 1 получ. Есть совпадение сумм в тот же/следующий день. Выборка неполная."
100000004698193100,peripheral,0.3240089543824838,7,0.8607651245551602,"Недостаточно признаков специальной роли: 2 отправителей, 3 получателей. Это не отсутствие риска. Выборка неполная."
100000002733905100,peripheral,0.43300883952855845,1,0.8398576512455516,"Недостаточно признаков специальной роли: 3 отправителей, 2 получателей. Это не отсутствие риска. Выборка неполная."
100000006912294100,peripheral,0.6305385446685879,2,0.5542704626334519,"Недостаточно признаков специальной роли: 1 отправителей, 2 получателей. Это не отсутствие риска. Выборка неполная."
100000003036198100,peripheral,0.41707433104777614,3,0.36743772241992884,"Недостаточно признаков специальной роли: 1 отправителей, 0 получателей. Это не отсутствие риска. Выборка неполная."
100000004687099100,peripheral,0.4296982427915673,7,0.2548932384341637,"Недостаточно признаков специальной роли: 1 отправителей, 0 получателей. Это не отсутствие риска. Выборка неполная."
100000005242320100,distributor,0.9659257925072047,11,0.9359430604982206,"Гипотеза распределения: 21 получателей; выход ≈8,94 млн ₸. Исходящий объём преобладает. Выборка неполная."
100000008762832100,peripheral,0.44251320574195374,3,0.6147686832740213,"Недостаточно признаков специальной роли: 1 отправителей, 1 получателей. Это не отсутствие риска. Выборка неполная."
100000002489253100,terminal,0.8503114905140701,5,0.24777580071174377,"Возможный конечный получатель: вход ≈51,0 тыс. ₸, наблюдаемых выходов 0. Это не полный баланс. Выборка неполная."
100000004756901100,terminal,0.8862541908517878,5,0.568950177935943,"Возможный конечный получатель: вход ≈153,2 тыс. ₸, наблюдаемых выходов 0. Это не полный баланс. Выборка неполная."
100000008749989100,peripheral,0.4476466581206241,1,0.10142348754448399,"Недостаточно признаков специальной роли: 1 отправителей, 0 получателей. Это не отсутствие риска. Выборка неполная."
100000001380986100,terminal,0.8584541609883343,2,0.26912811387900354,"Возможный конечный получатель: вход ≈70,2 тыс. ₸, наблюдаемых выходов 0. Это не полный баланс. Выборка неполная."
100000003089018100,terminal,0.8859989994917644,2,0.38122775800711745,"Возможный конечный получатель: вход ≈230,0 тыс. ₸, наблюдаемых выходов 0. Это не полный баланс. Выборка неполная."
100000008742266100,peripheral,0.438581284841866,1,0.1258896797153025,"Недостаточно признаков специальной роли: 1 отправителей, 0 получателей. Это не отсутствие риска. Выборка неполная."
100000003044431100,terminal,0.9030472000341376,0,0.7740213523131673,"Возможный конечный получатель: вход ≈60,0 тыс. ₸, наблюдаемых выходов 0. Это не полный баланс. Выборка неполная."
100000003321423100,terminal,0.873133357718737,10,0.6712633451957295,"Возможный конечный получатель: вход ≈100,0 тыс. ₸, наблюдаемых выходов 0. Это не полный баланс. Выборка неполная."
100000002540623100,terminal,0.8808759978473869,8,0.40213523131672596,"Возможный конечный получатель: вход ≈100,0 тыс. ₸, наблюдаемых выходов 0. Это не полный баланс. Выборка неполная."
100000004225615100,terminal,0.892634860786153,2,0.47108540925266906,"Возможный конечный получатель: вход ≈90,0 тыс. ₸, наблюдаемых выходов 0. Это не полный баланс. Выборка неполная."
100000004820260100,transit,0.8290377227415927,14,0.9012455516014235,"Гипотеза транзита: 1 отправ., 3 получ. Объёмы близки; быстрое прохождение не подтверждено. Выборка неполная."
100000000795129100,terminal,0.909448001175377,14,0.5938612099644128,"Возможный конечный получатель: вход ≈332,0 тыс. ₸, наблюдаемых выходов 0. Это не полный баланс. Выборка неполная."
100000008213966100,peripheral,0.4238701269265639,26,0.9159252669039146,"Недостаточно признаков специальной роли: 3 отправителей, 1 получателей. Это не отсутствие риска. Выборка неполная."
100000008478414100,peripheral,0.4584176596731352,1,0.0653914590747331,"Недостаточно признаков специальной роли: 1 отправителей, 0 получателей. Это не отсутствие риска. Выборка неполная."
100000001330595100,peripheral,0.436058476881233,22,0.7762455516014235,"Недостаточно признаков специальной роли: 3 отправителей, 1 получателей. Это не отсутствие риска. Выборка неполная."
100000000076451100,peripheral,0.3821058727499325,14,0.9354982206405694,"Недостаточно признаков специальной роли: 3 отправителей, 4 получателей. Это не отсутствие риска. Выборка неполная."
100000005664632100,terminal,0.8871136150997987,64,0.7188612099644128,"Возможный конечный получатель: вход ≈198,6 тыс. ₸, наблюдаемых выходов 0. Это не полный баланс. Выборка неполная."
100000002457464100,terminal,0.8448768993650109,3,0.40391459074733094,"Возможный конечный получатель: вход ≈66,6 тыс. ₸, наблюдаемых выходов 0. Это не полный баланс. Выборка неполная."
100000002757240100,terminal,0.8698670183942658,3,0.498220640569395,"Возможный конечный получатель: вход ≈51,2 тыс. ₸, наблюдаемых выходов 0. Это не полный баланс. Выборка неполная."
100000003718221100,transit,0.8439197665570232,20,0.9395017793594306,"Гипотеза транзита: 2 отправ., 4 получ. Объёмы близки; быстрое прохождение не подтверждено. Выборка неполная."
100000008629581100,terminal,0.8403801436397776,3,0.375,"Возможный конечный получатель: вход ≈54,2 тыс. ₸, наблюдаемых выходов 0. Это не полный баланс. Выборка неполная."
100000004806903100,peripheral,0.46035339791275776,3,0.4942170818505338,"Недостаточно признаков специальной роли: 1 отправителей, 0 получателей. Это не отсутствие риска. Выборка неполная."
100000000913911100,peripheral,0.40367010426110606,3,0.8104982206405694,"Недостаточно признаков специальной роли: 2 отправителей, 1 получателей. Это не отсутствие риска. Выборка неполная."
100000004905207100,terminal,0.892446579738025,13,0.5840747330960854,"Возможный конечный получатель: вход ≈380,0 тыс. ₸, наблюдаемых выходов 0. Это не полный баланс. Выборка неполная."
100000003831201100,peripheral,0.4137972881784744,0,0.597864768683274,"Недостаточно признаков специальной роли: 1 отправителей, 0 получателей. Это не отсутствие риска. Выборка неполная."
100000003073398100,terminal,0.8778559040349325,7,0.3874555160142349,"Возможный конечный получатель: вход ≈93,0 тыс. ₸, наблюдаемых выходов 0. Это не полный баланс. Выборка неполная."
100000008418934100,terminal,0.8946437531111255,2,0.4435053380782918,"Возможный конечный получатель: вход ≈360,0 тыс. ₸, наблюдаемых выходов 0. Это не полный баланс. Выборка неполная."
100000002741024100,peripheral,0.31638275802821303,30,0.9599644128113879,"Недостаточно признаков специальной роли: 5 отправителей, 6 получателей. Это не отсутствие риска. Выборка неполная."
100000008106997100,transit,0.785371511387977,0,0.7215302491103203,"Гипотеза транзита: 2 отправ., 1 получ. Есть совпадение сумм в тот же/следующий день. Выборка неполная."
100000007998965100,consolidator,0.9484594337222878,8,0.869661921708185,"Гипотеза сбора: 5 отправителей; вход ≈278,0 тыс. ₸, выход ≈26,0 тыс. ₸. Входящий объём преобладает. Выборка неполная."
100000001822623100,terminal,0.9011671778270558,20,0.4817615658362989,"Возможный конечный получатель: вход ≈201,3 тыс. ₸, наблюдаемых выходов 0. Это не полный баланс. Выборка неполная."
100000006424479100,peripheral,0.398450924040363,12,0.923932384341637,"Недостаточно признаков специальной роли: 1 отправителей, 2 получателей. Это не отсутствие риска. Выборка неполная."
100000008696692100,peripheral,0.44299214830863937,1,0.11432384341637011,"Недостаточно признаков специальной роли: 1 отправителей, 0 получателей. Это не отсутствие риска. Выборка неполная."
100000002748532100,peripheral,0.3958216228467815,18,0.8723309608540926,"Недостаточно признаков специальной роли: 3 отправителей, 2 получателей. Это не отсутствие риска. Выборка неполная."
100000004456564100,peripheral,0.4450922966076917,13,0.5022241992882562,"Недостаточно признаков специальной роли: 1 отправителей, 0 получателей. Это не отсутствие риска. Выборка неполная."
100000001530740100,peripheral,0.4678616764657602,5,0.24733096085409254,"Недостаточно признаков специальной роли: 1 отправителей, 0 получателей. Это не отсутствие риска. Выборка неполная."
100000001386612100,terminal,0.8653121920058935,17,0.5444839857651246,"Возможный конечный получатель: вход ≈62,3 тыс. ₸, наблюдаемых выходов 0. Это не полный баланс. Выборка неполная."
100000003360542100,peripheral,0.3410240543427589,10,0.8487544483985765,"Недостаточно признаков специальной роли: 2 отправителей, 2 получателей. Это не отсутствие риска. Выборка неполная."
100000008352542100,terminal,0.8542040589777772,3,0.4724199288256228,"Возможный конечный получатель: вход ≈50,2 тыс. ₸, наблюдаемых выходов 0. Это не полный баланс. Выборка неполная."
100000001138376100,peripheral,0.4214109726970673,14,0.39234875444839856,"Недостаточно признаков специальной роли: 1 отправителей, 0 получателей. Это не отсутствие риска. Выборка неполная."
100000003246024100,transit,0.8242228001132439,4,0.7904804270462633,"Гипотеза транзита: 1 отправ., 1 получ. Есть совпадение сумм в тот же/следующий день. Выборка неполная."
100000002680477100,peripheral,0.4241686937489183,11,0.20195729537366547,"Недостаточно признаков специальной роли: 1 отправителей, 0 получателей. Это не отсутствие риска. Выборка неполная."
100000005882013100,transit,0.7182648895483463,12,0.7864768683274022,"Гипотеза транзита: 2 отправ., 1 получ. Есть совпадение сумм в тот же/следующий день. Выборка неполная."
100000005665181100,peripheral,0.31704610951008644,6,0.9706405693950177,"Недостаточно признаков специальной роли: 4 отправителей, 11 получателей. Это не отсутствие риска. Выборка неполная."
100000008141170100,peripheral,0.47381575901099954,5,0.26334519572953735,"Недостаточно признаков специальной роли: 1 отправителей, 0 получателей. Это не отсутствие риска. Выборка неполная."
100000001382002100,peripheral,0.7811973162556047,0,0.5929715302491103,"Недостаточно признаков специальной роли: 1 отправителей, 1 получателей. Это не отсутствие риска. Выборка неполная."
100000002481735100,peripheral,0.39329535634226587,5,0.451067615658363,"Недостаточно признаков специальной роли: 1 отправителей, 0 получателей. Это не отсутствие риска. Выборка неполная."
100000000806727100,peripheral,0.435108860469297,3,0.5911921708185054,"Недостаточно признаков специальной роли: 1 отправителей, 1 получателей. Это не отсутствие риска. Выборка неполная."
100000003039473100,peripheral,0.44594278325045766,5,0.3665480427046263,"Недостаточно признаков специальной роли: 1 отправителей, 0 получателей. Это не отсутствие риска. Выборка неполная."
100000005205745100,peripheral,0.454430133937628,7,0.25756227758007116,"Недостаточно признаков специальной роли: 1 отправителей, 0 получателей. Это не отсутствие риска. Выборка неполная."
100000004356593100,peripheral,0.41054057646855313,3,0.7001779359430605,"Недостаточно признаков специальной роли: 1 отправителей, 1 получателей. Это не отсутствие риска. Выборка неполная."
100000008688881100,peripheral,0.4169503655889414,1,0.22019572953736655,"Недостаточно признаков специальной роли: 1 отправителей, 0 получателей. Это не отсутствие риска. Выборка неполная."
100000008111003100,consolidator,0.9557712975251322,0,0.9630782918149466,"Гипотеза сбора: 6 отправителей; вход ≈222,7 тыс. ₸, выход ≈35,0 тыс. ₸. Входящий объём преобладает. Выборка неполная."
100000003016773100,peripheral,0.39758289054931595,2,0.3127224199288256,"Недостаточно признаков специальной роли: 1 отправителей, 0 получателей. Это не отсутствие риска. Выборка неполная."
100000004674799100,terminal,0.9263662485649609,0,0.7117437722419929,"Возможный конечный получатель: вход ≈140,0 тыс. ₸, наблюдаемых выходов 0. Это не полный баланс. Выборка неполная."
100000005834479100,peripheral,0.6044614553314123,4,0.6877224199288257,"Недостаточно признаков специальной роли: 1 отправителей, 2 получателей. Это не отсутствие риска. Выборка неполная."
100000003278020100,terminal,0.8962948586402268,0,0.45862989323843417,"Возможный конечный получатель: вход ≈190,0 тыс. ₸, наблюдаемых выходов 0. Это не полный баланс. Выборка неполная."
100000000831684100,peripheral,0.4534111709286677,9,0.6632562277580071,"Недостаточно признаков специальной роли: 1 отправителей, 1 получателей. Это не отсутствие риска. Выборка неполная."
100000000307908100,peripheral,0.46941590948209155,41,0.1534697508896797,"Недостаточно признаков специальной роли: 1 отправителей, 0 получателей. Это не отсутствие риска. Выборка неполная."
100000001782980100,peripheral,0.6499423631123921,27,0.6169928825622776,"Недостаточно признаков специальной роли: 1 отправителей, 1 получателей. Это не отсутствие риска. Выборка неполная."
100000002454724100,terminal,0.8969319257923678,28,0.6419039145907474,"Возможный конечный получатель: вход ≈125,0 тыс. ₸, наблюдаемых выходов 0. Это не полный баланс. Выборка неполная."
100000005904580100,terminal,0.8922615609586736,9,0.6921708185053381,"Возможный конечный получатель: вход ≈72,0 тыс. ₸, наблюдаемых выходов 0. Это не полный баланс. Выборка неполная."
100000008474308100,peripheral,0.6744326350213701,0,0.4884341637010676,"Недостаточно признаков специальной роли: 1 отправителей, 1 получателей. Это не отсутствие риска. Выборка неполная."
100000000795033100,peripheral,0.4607948387456038,0,0.3585409252669039,"Недостаточно признаков специальной роли: 1 отправителей, 0 получателей. Это не отсутствие риска. Выборка неполная."
100000000861294100,terminal,0.8893978189285362,7,0.42704626334519574,"Возможный конечный получатель: вход ≈150,0 тыс. ₸, наблюдаемых выходов 0. Это не полный баланс. Выборка неполная."
100000006557763100,peripheral,0.470128881238542,3,0.3389679715302491,"Недостаточно признаков специальной роли: 1 отправителей, 0 получателей. Это не отсутствие риска. Выборка неполная."
100000005608515100,terminal,0.8630008103514442,7,0.5440391459074733,"Возможный конечный получатель: вход ≈64,0 тыс. ₸, наблюдаемых выходов 0. Это не полный баланс. Выборка неполная."
100000003922499100,terminal,0.7725453514307112,9,0.37144128113879005,"Возможный конечный получатель: вход ≈50,0 тыс. ₸, наблюдаемых выходов 0. Это не полный баланс. Выборка неполная."
100000008603629100,coordinator,0.6085193856861655,4,0.9986654804270463,"Гипотеза связующего узла: 19 отправ., 61 получ.; связи с 9 группами. Проверить маршруты. Выборка неполная."
100000004825069100,peripheral,0.4014900320996301,1,0.4390569395017794,"Недостаточно признаков специальной роли: 1 отправителей, 0 получателей. Это не отсутствие риска. Выборка неполная."
100000004331458100,terminal,0.8863878477725845,47,0.6067615658362989,"Возможный конечный получатель: вход ≈250,0 тыс. ₸, наблюдаемых выходов 0. Это не полный баланс. Выборка неполная."
100000002911170100,terminal,0.9147238219754161,28,0.6516903914590747,"Возможный конечный получатель: вход ≈300,0 тыс. ₸, наблюдаемых выходов 0. Это не полный баланс. Выборка неполная."
100000008011159100,peripheral,0.3260482255756277,40,0.949288256227758,"Недостаточно признаков специальной роли: 3 отправителей, 5 получателей. Это не отсутствие риска. Выборка неполная."
100000003854444100,distributor,0.9692002881844382,16,0.951067615658363,"Гипотеза распределения: 14 получателей; выход ≈2,32 млн ₸. Исходящий объём преобладает. Выборка неполная."
100000008547948100,distributor,0.9695082853025937,2,0.978202846975089,"Гипотеза распределения: 26 получателей; выход ≈5,19 млн ₸. Исходящий объём преобладает. Выборка неполная."
100000005175148100,transit,0.7321628316309379,14,0.7597864768683275,"Гипотеза транзита: 2 отправ., 1 получ. Есть совпадение сумм в тот же/следующий день. Выборка неполная."
100000002087788100,terminal,0.8426826443684563,6,0.5502669039145908,"Возможный конечный получатель: вход ≈100,5 тыс. ₸, наблюдаемых выходов 0. Это не полный баланс. Выборка неполная."
100000004150593100,distributor,0.9413168801513163,5,0.9684163701067615,"Гипотеза распределения: 11 получателей; выход ≈871,2 тыс. ₸. Исходящий объём преобладает. Выборка неполная."
100000001597505100,peripheral,0.6983906180024041,31,0.6014234875444839,"Недостаточно признаков специальной роли: 1 отправителей, 1 получателей. Это не отсутствие риска. Выборка неполная."
100000007629121100,peripheral,0.43669597562234286,3,0.447508896797153,"Недостаточно признаков специальной роли: 1 отправителей, 0 получателей. Это не отсутствие риска. Выборка неполная."
100000005614315100,terminal,0.8729030342056944,5,0.5378113879003559,"Возможный конечный получатель: вход ≈455,0 тыс. ₸, наблюдаемых выходов 0. Это не полный баланс. Выборка неполная."
100000008324800100,transit,0.8376205637295883,69,0.9225978647686833,"Гипотеза транзита: 3 отправ., 1 получ. Объёмы близки; быстрое прохождение не подтверждено. Выборка неполная."
100000005030592100,peripheral,0.4308443385157913,14,0.3554270462633452,"Недостаточно признаков специальной роли: 1 отправителей, 0 получателей. Это не отсутствие риска. Выборка неполная."
100000001633685100,consolidator,0.915120126926564,0,0.5862989323843416,"Гипотеза сбора: 3 отправителей; вход ≈45,0 тыс. ₸, выход 0,00 ₸. Входящий объём преобладает. Выборка неполная."
100000001848426100,terminal,0.8787582837718937,7,0.3927935943060498,"Возможный конечный получатель: вход ≈95,5 тыс. ₸, наблюдаемых выходов 0. Это не полный баланс. Выборка неполная."
100000004580202100,peripheral,0.43713256484149854,20,0.8291814946619217,"Недостаточно признаков специальной роли: 1 отправителей, 3 получателей. Это не отсутствие риска. Выборка неполная."
100000008717375100,peripheral,0.4291853025427579,3,0.31761565836298933,"Недостаточно признаков специальной роли: 1 отправителей, 0 получателей. Это не отсутствие риска. Выборка неполная."
100000007861311100,peripheral,0.4191063246986751,7,0.3274021352313167,"Недостаточно признаков специальной роли: 1 отправителей, 0 получателей. Это не отсутствие риска. Выборка неполная."
100000005578559100,distributor,0.9475996441469576,8,0.9621886120996441,"Гипотеза распределения: 21 получателей; выход ≈893,2 тыс. ₸. Исходящий объём преобладает. Выборка неполная."
100000008764436100,peripheral,0.45273402686734854,1,0.08185053380782918,"Недостаточно признаков специальной роли: 1 отправителей, 0 получателей. Это не отсутствие риска. Выборка неполная."
100000000190228100,peripheral,0.7246302435225642,2,0.6930604982206405,"Недостаточно признаков специальной роли: 1 отправителей, 1 получателей. Это не отсутствие риска. Выборка неполная."
100000003971049100,terminal,0.8939676440945344,0,0.6312277580071174,"Возможный конечный получатель: вход ≈55,9 тыс. ₸, наблюдаемых выходов 0. Это не полный баланс. Выборка неполная."
100000008743913100,distributor,0.9454845100864553,18,0.9608540925266904,"Гипотеза распределения: 13 получателей; выход ≈1,85 млн ₸. Исходящий объём преобладает. Выборка неполная."
100000004400361100,peripheral,0.43862236493387363,5,0.3763345195729537,"Недостаточно признаков специальной роли: 1 отправителей, 0 получателей. Это не отсутствие риска. Выборка неполная."
100000002175422100,peripheral,0.3080169308357349,29,0.9688612099644128,"Недостаточно признаков специальной роли: 3 отправителей, 6 получателей. Это не отсутствие риска. Выборка неполная."
100000004544958100,peripheral,0.3896275254292327,10,0.8420818505338078,"Недостаточно признаков специальной роли: 1 отправителей, 2 получателей. Это не отсутствие риска. Выборка неполная."
100000008466579100,distributor,0.9619380403458213,2,0.9497330960854092,"Гипотеза распределения: 17 получателей; выход ≈1,93 млн ₸. Исходящий объём преобладает. Выборка неполная."
100000001184915100,terminal,0.9289105981652108,14,0.6734875444839857,"Возможный конечный получатель: вход ≈201,0 тыс. ₸, наблюдаемых выходов 0. Это не полный баланс. Выборка неполная."
100000004435304100,peripheral,0.43033237212663267,1,0.152135231316726,"Недостаточно признаков специальной роли: 1 отправителей, 0 получателей. Это не отсутствие риска. Выборка неполная."
100000008762728100,peripheral,0.42521340738172614,5,0.3456405693950178,"Недостаточно признаков специальной роли: 1 отправителей, 0 получателей. Это не отсутствие риска. Выборка неполная."
100000004285800100,peripheral,0.8763418415790609,0,0.3309608540925267,"Недостаточно признаков специальной роли: 1 отправителей, 1 получателей. Это не отсутствие риска. Выборка неполная."
100000008557672100,peripheral,0.41302895781270277,1,0.24065836298932383,"Недостаточно признаков специальной роли: 1 отправителей, 0 получателей. Это не отсутствие риска. Выборка неполная."
100000005142589100,terminal,0.8979918611181872,0,0.5653914590747331,"Возможный конечный получатель: вход ≈50,0 тыс. ₸, наблюдаемых выходов 0. Это не полный баланс. Выборка неполная."
100000003747133100,transit,0.7555012905344903,45,0.9661921708185054,"Гипотеза транзита: 5 отправ., 2 получ. Объёмы близки; быстрое прохождение не подтверждено. Выборка неполная."
100000003289405100,terminal,0.9142706109246118,3,0.5173487544483986,"Возможный конечный получатель: вход ≈355,0 тыс. ₸, наблюдаемых выходов 0. Это не полный баланс. Выборка неполная."
100000002691858100,terminal,0.8367126991062503,31,0.29270462633451955,"Возможный конечный получатель: вход ≈51,5 тыс. ₸, наблюдаемых выходов 0. Это не полный баланс. Выборка неполная."
100000007534354100,peripheral,0.40325288184438035,8,0.8269572953736655,"Недостаточно признаков специальной роли: 1 отправителей, 3 получателей. Это не отсутствие риска. Выборка неполная."
100000000765628100,peripheral,0.4534730344715701,5,0.12855871886120995,"Недостаточно признаков специальной роли: 1 отправителей, 0 получателей. Это не отсутствие риска. Выборка неполная."
100000004962193100,consolidator,0.7915233030195248,0,0.8389679715302492,"Гипотеза сбора: 8 отправителей; вход ≈900,5 тыс. ₸, выход 0,00 ₸. Входящий объём преобладает. Выборка неполная."
100000005032294100,peripheral,0.46482541013775025,13,0.3113879003558719,"Недостаточно признаков специальной роли: 1 отправителей, 0 получателей. Это не отсутствие риска. Выборка неполная."
100000001251686100,peripheral,0.41400509792242207,3,0.4279359430604982,"Недостаточно признаков специальной роли: 1 отправителей, 0 получателей. Это не отсутствие риска. Выборка неполная."
100000002398779100,consolidator,0.9874952363783287,0,0.9261565836298933,"Гипотеза сбора: 13 отправителей; вход ≈1,10 млн ₸, выход ≈66,0 тыс. ₸. Входящий объём преобладает. Выборка неполная."
100000008512827100,distributor,0.95008825648415,11,0.9524021352313167,"Гипотеза распределения: 10 получателей; выход ≈1,94 млн ₸. Исходящий объём преобладает. Выборка неполная."
100000003943483100,peripheral,0.47058954394540964,9,0.22820284697508897,"Недостаточно признаков специальной роли: 1 отправителей, 0 получателей. Это не отсутствие риска. Выборка неполная."
100000005031696100,peripheral,0.4727970101920329,49,0.8669928825622776,"Недостаточно признаков специальной роли: 1 отправителей, 2 получателей. Это не отсутствие риска. Выборка неполная."
100000002703376100,peripheral,0.3843932696241614,0,0.4822064056939502,"Недостаточно признаков специальной роли: 1 отправителей, 0 получателей. Это не отсутствие риска. Выборка неполная."
100000003617552100,peripheral,0.4501324392770115,27,0.3500889679715303,"Недостаточно признаков специальной роли: 1 отправителей, 0 получателей. Это не отсутствие риска. Выборка неполная."
100000007617808100,terminal,0.9069469141825535,5,0.6508007117437722,"Возможный конечный получатель: вход ≈450,0 тыс. ₸, наблюдаемых выходов 0. Это не полный баланс. Выборка неполная."
100000002613776100,peripheral,0.37451671225950134,0,0.5698398576512456,"Недостаточно признаков специальной роли: 1 отправителей, 0 получателей. Это не отсутствие риска. Выборка неполная."
100000002578405100,transit,0.8506498077142335,1,0.9715302491103203,"Гипотеза транзита: 2 отправ., 116 получ. Есть совпадение сумм в тот же/следующий день. Выборка неполная."
100000006161893100,peripheral,0.46973681026847575,5,0.2451067615658363,"Недостаточно признаков специальной роли: 1 отправителей, 0 получателей. Это не отсутствие риска. Выборка неполная."
100000002633701100,terminal,0.889464328725293,2,0.40169039145907476,"Возможный конечный получатель: вход ≈266,9 тыс. ₸, наблюдаемых выходов 0. Это не полный баланс. Выборка неполная."
100000002432143100,terminal,0.8804737422618114,3,0.5204626334519573,"Возможный конечный получатель: вход ≈81,3 тыс. ₸, наблюдаемых выходов 0. Это не полный баланс. Выборка неполная."
100000000490383100,distributor,0.9252701729106629,5,0.8661032028469751,"Гипотеза распределения: 8 получателей; выход ≈461,4 тыс. ₸. Исходящий объём преобладает. Выборка неполная."
100000005809252100,peripheral,0.4494648871478175,6,0.46352313167259784,"Недостаточно признаков специальной роли: 1 отправителей, 0 получателей. Это не отсутствие риска. Выборка неполная."
100000006612238100,transit,0.5210090273771706,1,0.5907473309608541,"Гипотеза транзита: 1 отправ., 1 получ. Есть совпадение сумм в тот же/следующий день. Выборка неполная."
100000002593038100,peripheral,0.4358754635347396,9,0.5111209964412812,"Недостаточно признаков специальной роли: 1 отправителей, 0 получателей. Это не отсутствие риска. Выборка неполная."
100000002947299100,terminal,0.8816182506551563,3,0.5244661921708185,"Возможный конечный получатель: вход ≈85,0 тыс. ₸, наблюдаемых выходов 0. Это не полный баланс. Выборка неполная."
100000004336312100,transit,0.5687995108390218,32,0.8109430604982206,"Гипотеза транзита: 3 отправ., 2 получ. Объёмы близки; быстрое прохождение не подтверждено. Выборка неполная."
100000001308856100,peripheral,0.42948764187542177,1,0.15391459074733096,"Недостаточно признаков специальной роли: 1 отправителей, 0 получателей. Это не отсутствие риска. Выборка неполная."
100000008238989100,terminal,0.9207640705801522,20,0.5836298932384342,"Возможный конечный получатель: вход ≈200,0 тыс. ₸, наблюдаемых выходов 0. Это не полный баланс. Выборка неполная."
100000005561741100,peripheral,0.43873849037758045,8,0.29626334519572955,"Недостаточно признаков специальной роли: 1 отправителей, 0 получателей. Это не отсутствие риска. Выборка неполная."
100000006248077100,terminal,0.8581906763453053,5,0.5008896797153025,"Возможный конечный получатель: вход ≈50,0 тыс. ₸, наблюдаемых выходов 0. Это не полный баланс. Выборка неполная."
100000000646541100,consolidator,0.9058386219401632,0,0.7108540925266904,"Гипотеза сбора: 3 отправителей; вход ≈25,3 тыс. ₸, выход 0,00 ₸. Входящий объём преобладает. Выборка неполная."
100000006595426100,terminal,0.904310982132694,0,0.5649466192170819,"Возможный конечный получатель: вход ≈84,8 тыс. ₸, наблюдаемых выходов 0. Это не полный баланс. Выборка неполная."
100000002956898100,terminal,0.9246962673876249,14,0.7317615658362989,"Возможный конечный получатель: вход ≈290,2 тыс. ₸, наблюдаемых выходов 0. Это не полный баланс. Выборка неполная."
100000001262647100,peripheral,0.44074797692863527,14,0.23398576512455516,"Недостаточно признаков специальной роли: 1 отправителей, 0 получателей. Это не отсутствие риска. Выборка неполная."
100000005849100100,peripheral,0.43597451703715573,3,0.48487544483985767,"Недостаточно признаков специальной роли: 1 отправителей, 0 получателей. Это не отсутствие риска. Выборка неполная."
100000000533217100,terminal,0.8201981477999929,0,0.4096975088967972,"Возможный конечный получатель: вход ≈53,6 тыс. ₸, наблюдаемых выходов 0. Это не полный баланс. Выборка неполная."
100000002812641100,transit,0.5206275995289367,2,0.6276690391459074,"Гипотеза транзита: 1 отправ., 1 получ. Есть совпадение сумм в тот же/следующий день. Выборка неполная."
100000008647905100,transit,0.6000759699150782,16,0.8011565836298933,"Гипотеза транзита: 1 отправ., 2 получ. Есть совпадение сумм в тот же/следующий день. Выборка неполная."
100000002842337100,terminal,0.8354711019344938,7,0.3082740213523132,"Возможный конечный получатель: вход ≈50,0 тыс. ₸, наблюдаемых выходов 0. Это не полный баланс. Выборка неполная."
100000002445750100,peripheral,0.4409673718190834,0,0.7170818505338078,"Недостаточно признаков специальной роли: 1 отправителей, 1 получателей. Это не отсутствие риска. Выборка неполная."
100000005619339100,peripheral,0.8198117641252821,5,0.5235765124555161,"Недостаточно признаков специальной роли: 1 отправителей, 1 получателей. Это не отсутствие риска. Выборка неполная."
100000006844768100,peripheral,0.4234672190201729,0,0.8990213523131673,"Недостаточно признаков специальной роли: 1 отправителей, 2 получателей. Это не отсутствие риска. Выборка неполная."
100000002488629100,terminal,0.8717974277124019,7,0.36610320284697506,"Возможный конечный получатель: вход ≈73,0 тыс. ₸, наблюдаемых выходов 0. Это не полный баланс. Выборка неполная."
100000002796853100,transit,0.6337383590995239,61,0.7540035587188612,"Гипотеза транзита: 1 отправ., 1 получ. Есть совпадение сумм в тот же/следующий день. Выборка неполная."
100000006755850100,terminal,0.9034418266641817,6,0.7651245551601423,"Возможный конечный получатель: вход ≈443,5 тыс. ₸, наблюдаемых выходов 0. Это не полный баланс. Выборка неполная."
100000008733194100,peripheral,0.3455910410818563,12,0.9817615658362989,"Недостаточно признаков специальной роли: 4 отправителей, 8 получателей. Это не отсутствие риска. Выборка неполная."
100000001904863100,terminal,0.8971059452496178,13,0.6058718861209964,"Возможный конечный получатель: вход ≈500,0 тыс. ₸, наблюдаемых выходов 0. Это не полный баланс. Выборка неполная."
100000001641951100,peripheral,0.4130557271243017,3,0.6552491103202847,"Недостаточно признаков специальной роли: 1 отправителей, 0 получателей. Это не отсутствие риска. Выборка неполная."
100000004816564100,transit,0.7400464748531199,14,0.7575622775800712,"Гипотеза транзита: 1 отправ., 1 получ. Есть совпадение сумм в тот же/следующий день. Выборка неполная."
100000002205022100,peripheral,0.42734149855907777,53,0.8656583629893239,"Недостаточно признаков специальной роли: 1 отправителей, 3 получателей. Это не отсутствие риска. Выборка неполная."
100000002267998100,peripheral,0.33653097982708935,20,0.9546263345195729,"Недостаточно признаков специальной роли: 2 отправителей, 3 получателей. Это не отсутствие риска. Выборка неполная."
100000002199091100,terminal,0.8459837741854972,1,0.2508896797153025,"Возможный конечный получатель: вход ≈65,0 тыс. ₸, наблюдаемых выходов 0. Это не полный баланс. Выборка неполная."
100000008571443100,terminal,0.8926897742938759,12,0.729982206405694,"Возможный конечный получатель: вход ≈65,0 тыс. ₸, наблюдаемых выходов 0. Это не полный баланс. Выборка неполная."
100000002742067100,peripheral,0.4260023428585715,14,0.3758896797153025,"Недостаточно признаков специальной роли: 1 отправителей, 0 получателей. Это не отсутствие риска. Выборка неполная."
100000003292979100,peripheral,0.39855000147133834,3,0.5,"Недостаточно признаков специальной роли: 1 отправителей, 0 получателей. Это не отсутствие риска. Выборка неполная."
100000002558173100,peripheral,0.4637206186600655,31,0.1396797153024911,"Недостаточно признаков специальной роли: 1 отправителей, 0 получателей. Это не отсутствие риска. Выборка неполная."
100000004687282100,peripheral,0.4445661987983571,5,0.23176156583629892,"Недостаточно признаков специальной роли: 1 отправителей, 0 получателей. Это не отсутствие риска. Выборка неполная."
100000003034546100,terminal,0.9204092634442871,2,0.577846975088968,"Возможный конечный получатель: вход ≈486,7 тыс. ₸, наблюдаемых выходов 0. Это не полный баланс. Выборка неполная."
100000003798151100,terminal,0.8906341831970874,5,0.6543594306049823,"Возможный конечный получатель: вход ≈350,0 тыс. ₸, наблюдаемых выходов 0. Это не полный баланс. Выборка неполная."
100000008710791100,distributor,0.9739499279538906,2,0.9822064056939501,"Гипотеза распределения: 23 получателей; выход ≈5,52 млн ₸. Исходящий объём преобладает. Выборка неполная."
100000008688476100,peripheral,0.43489924873807256,1,0.13701067615658363,"Недостаточно признаков специальной роли: 1 отправителей, 0 получателей. Это не отсутствие риска. Выборка неполная."
100000003242289100,distributor,0.9795587175792506,15,0.9773131672597865,"Гипотеза распределения: 23 получателей; выход ≈2,38 млн ₸. Исходящий объём преобладает. Выборка неполная."
100000006564102100,terminal,0.9053420711963859,3,0.5867437722419929,"Возможный конечный получатель: вход ≈233,2 тыс. ₸, наблюдаемых выходов 0. Это не полный баланс. Выборка неполная."
100000001526235100,distributor,0.9156736311239193,23,0.9363879003558719,"Гипотеза распределения: 8 получателей; выход ≈432,8 тыс. ₸. Исходящий объём преобладает. Выборка неполная."
100000004398811100,transit,0.7020348068634923,3,0.8336298932384342,"Гипотеза транзита: 1 отправ., 3 получ. Есть совпадение сумм в тот же/следующий день. Выборка неполная."
100000002957787100,distributor,0.9840652017291067,0,0.9884341637010676,"Гипотеза распределения: 34 получателей; выход ≈1,28 млн ₸. Исходящий объём преобладает. Выборка неполная."
100000002621915100,peripheral,0.5559495565251262,5,0.19884341637010677,"Недостаточно признаков специальной роли: 1 отправителей, 0 получателей. Это не отсутствие риска. Выборка неполная."
100000008283183100,peripheral,0.42822537347755885,1,0.16281138790035588,"Недостаточно признаков специальной роли: 1 отправителей, 0 получателей. Это не отсутствие риска. Выборка неполная."
100000003843844100,peripheral,0.8507997118155619,12,0.6512455516014235,"Недостаточно признаков специальной роли: 1 отправителей, 1 получателей. Это не отсутствие риска. Выборка неполная."
100000000954884100,peripheral,0.4270263371074733,33,0.1650355871886121,"Недостаточно признаков специальной роли: 1 отправителей, 0 получателей. Это не отсутствие риска. Выборка неполная."
100000005893892100,terminal,0.9026456030028864,6,0.5871886120996441,"Возможный конечный получатель: вход ≈102,8 тыс. ₸, наблюдаемых выходов 0. Это не полный баланс. Выборка неполная."
100000001819396100,terminal,0.8655439805546902,24,0.2624555160142349,"Возможный конечный получатель: вход ≈166,1 тыс. ₸, наблюдаемых выходов 0. Это не полный баланс. Выборка неполная."
100000008472324100,terminal,0.9189419633486808,6,0.6330071174377224,"Возможный конечный получатель: вход ≈205,2 тыс. ₸, наблюдаемых выходов 0. Это не полный баланс. Выборка неполная."
100000002646745100,peripheral,0.45009743028292093,1,0.027135231316725978,"Недостаточно признаков специальной роли: 1 отправителей, 0 получателей. Это не отсутствие риска. Выборка неполная."
100000008405209100,terminal,0.8712593463025884,15,0.2597864768683274,"Возможный конечный получатель: вход ≈54,4 тыс. ₸, наблюдаемых выходов 0. Это не полный баланс. Выборка неполная."
100000004417753100,terminal,0.924576178761807,3,0.7544483985765125,"Возможный конечный получатель: вход ≈192,1 тыс. ₸, наблюдаемых выходов 0. Это не полный баланс. Выборка неполная."
100000003457710100,transit,0.5084377077827609,6,0.833185053380783,"Гипотеза транзита: 1 отправ., 1 получ. Есть совпадение сумм в тот же/следующий день. Выборка неполная."
100000007333038100,peripheral,0.5260248559077809,11,0.5582740213523132,"Недостаточно признаков специальной роли: 1 отправителей, 2 получателей. Это не отсутствие риска. Выборка неполная."
100000006444163100,peripheral,0.44467080372572276,30,0.13167259786476868,"Недостаточно признаков специальной роли: 1 отправителей, 0 получателей. Это не отсутствие риска. Выборка неполная."
100000008706947100,peripheral,0.44127134670782553,1,0.04693060498220641,"Недостаточно признаков специальной роли: 1 отправителей, 0 получателей. Это не отсутствие риска. Выборка неполная."
100000008761219100,peripheral,0.4537290344514959,46,0.8198398576512456,"Недостаточно признаков специальной роли: 2 отправителей, 2 получателей. Это не отсутствие риска. Выборка неполная."
100000005022552100,peripheral,0.32868443619283927,5,0.6748220640569395,"Недостаточно признаков специальной роли: 1 отправителей, 1 получателей. Это не отсутствие риска. Выборка неполная."
100000008735832100,peripheral,0.4399982565316485,1,0.05204626334519573,"Недостаточно признаков специальной роли: 1 отправителей, 0 получателей. Это не отсутствие риска. Выборка неполная."
100000005661528100,peripheral,0.4044951223107208,4,0.2179715302491103,"Недостаточно признаков специальной роли: 1 отправителей, 0 получателей. Это не отсутствие риска. Выборка неполная."
100000002529880100,terminal,0.9054127207197058,2,0.5302491103202847,"Возможный конечный получатель: вход ≈147,0 тыс. ₸, наблюдаемых выходов 0. Это не полный баланс. Выборка неполная."
100000001969496100,peripheral,0.41517223495789646,13,0.16948398576512455,"Недостаточно признаков специальной роли: 1 отправителей, 0 получателей. Это не отсутствие риска. Выборка неполная."
100000003215448100,peripheral,0.4379917146974063,4,0.7975978647686833,"Недостаточно признаков специальной роли: 1 отправителей, 2 получателей. Это не отсутствие риска. Выборка неполная."
100000006894637100,terminal,0.8798122056347097,0,0.32562277580071175,"Возможный конечный получатель: вход ≈52,8 тыс. ₸, наблюдаемых выходов 0. Это не полный баланс. Выборка неполная."
100000002936322100,terminal,0.9486749283634006,4,0.6605871886120996,"Возможный конечный получатель: вход ≈787,1 тыс. ₸, наблюдаемых выходов 0. Это не полный баланс. Выборка неполная."
100000005061890100,terminal,0.8370371575937172,3,0.2975978647686833,"Возможный конечный получатель: вход ≈90,0 тыс. ₸, наблюдаемых выходов 0. Это не полный баланс. Выборка неполная."
100000004017410100,peripheral,0.3344398414985591,32,0.916814946619217,"Недостаточно признаков специальной роли: 2 отправителей, 5 получателей. Это не отсутствие риска. Выборка неполная."
100000002983426100,terminal,0.864685938299973,8,0.2157473309608541,"Возможный конечный получатель: вход ≈88,9 тыс. ₸, наблюдаемых выходов 0. Это не полный баланс. Выборка неполная."
100000005530114100,peripheral,0.34933323313944437,15,0.701067615658363,"Недостаточно признаков специальной роли: 2 отправителей, 1 получателей. Это не отсутствие риска. Выборка неполная."
100000001169666100,peripheral,0.3640860847140671,8,0.7290925266903915,"Недостаточно признаков специальной роли: 1 отправителей, 1 получателей. Это не отсутствие риска. Выборка неполная."
100000001784279100,peripheral,0.38285039542281485,0,0.3398576512455516,"Недостаточно признаков специальной роли: 1 отправителей, 0 получателей. Это не отсутствие риска. Выборка неполная."
100000008744364100,peripheral,0.4300487126057331,1,0.07651245551601424,"Недостаточно признаков специальной роли: 1 отправителей, 0 получателей. Это не отсутствие риска. Выборка неполная."
100000008714412100,terminal,0.8771553750021903,8,0.25,"Возможный конечный получатель: вход ≈169,0 тыс. ₸, наблюдаемых выходов 0. Это не полный баланс. Выборка неполная."
100000007754369100,terminal,0.890181716402694,0,0.3683274021352313,"Возможный конечный получатель: вход ≈82,4 тыс. ₸, наблюдаемых выходов 0. Это не полный баланс. Выборка неполная."
100000003122817100,terminal,0.8842620791423932,24,0.39501779359430605,"Возможный конечный получатель: вход ≈444,7 тыс. ₸, наблюдаемых выходов 0. Это не полный баланс. Выборка неполная."
100000003711830100,terminal,0.8764281558985823,4,0.3096085409252669,"Возможный конечный получатель: вход ≈50,0 тыс. ₸, наблюдаемых выходов 0. Это не полный баланс. Выборка неполная."
100000001110358100,peripheral,0.3545903218495013,0,0.7175266903914591,"Недостаточно признаков специальной роли: 2 отправителей, 0 получателей. Это не отсутствие риска. Выборка неполная."
100000006530134100,terminal,0.9260594761850083,6,0.7330960854092526,"Возможный конечный получатель: вход ≈144,7 тыс. ₸, наблюдаемых выходов 0. Это не полный баланс. Выборка неполная."
100000001639766100,peripheral,0.4509763644468726,7,0.21930604982206406,"Недостаточно признаков специальной роли: 1 отправителей, 0 получателей. Это не отсутствие риска. Выборка неполная."
100000003242795100,terminal,0.9044264095486549,6,0.5920818505338078,"Возможный конечный получатель: вход ≈111,0 тыс. ₸, наблюдаемых выходов 0. Это не полный баланс. Выборка неполная."
100000004970752100,peripheral,0.4912653325054406,0,0.1699288256227758,"Недостаточно признаков специальной роли: 1 отправителей, 0 получателей. Это не отсутствие риска. Выборка неполная."
100000004564736100,peripheral,0.44084842235054544,20,0.3963523131672598,"Недостаточно признаков специальной роли: 1 отправителей, 0 получателей. Это не отсутствие риска. Выборка неполная."
100000005873152100,peripheral,0.8621657148769871,10,0.4550711743772242,"Недостаточно признаков специальной роли: 1 отправителей, 1 получателей. Это не отсутствие риска. Выборка неполная."
100000001637376100,transit,0.6572510169367181,6,0.8082740213523132,"Гипотеза транзита: 1 отправ., 1 получ. Есть совпадение сумм в тот же/следующий день. Выборка неполная."
100000006710485100,peripheral,0.43578293020333614,1,0.060498220640569395,"Недостаточно признаков специальной роли: 1 отправителей, 0 получателей. Это не отсутствие риска. Выборка неполная."
100000003582677100,peripheral,0.37044308357348704,3,0.8705516014234875,"Недостаточно признаков специальной роли: 2 отправителей, 4 получателей. Это не отсутствие риска. Выборка неполная."
100000008713685100,peripheral,0.40651413792620417,1,0.1570284697508897,"Недостаточно признаков специальной роли: 1 отправителей, 0 получателей. Это не отсутствие риска. Выборка неполная."
100000008070101100,terminal,0.8716614357335415,2,0.33140569395017794,"Возможный конечный получатель: вход ≈100,0 тыс. ₸, наблюдаемых выходов 0. Это не полный баланс. Выборка неполная."
100000004475818100,transit,0.7657055579591523,6,0.7588967971530249,"Гипотеза транзита: 1 отправ., 3 получ. Есть совпадение сумм в тот же/следующий день. Выборка неполная."
100000007197866100,transit,0.7551852375089034,4,0.5747330960854092,"Гипотеза транзита: 1 отправ., 1 получ. Есть совпадение сумм в тот же/следующий день. Выборка неполная."
100000006965162100,peripheral,0.4631974173895822,26,0.1094306049822064,"Недостаточно признаков специальной роли: 1 отправителей, 0 получателей. Это не отсутствие риска. Выборка неполная."
100000005995391100,peripheral,0.44126149601404596,1,0.04759786476868327,"Недостаточно признаков специальной роли: 1 отправителей, 0 получателей. Это не отсутствие риска. Выборка неполная."
100000003834495100,consolidator,0.9742265707783699,0,0.797153024911032,"Гипотеза сбора: 3 отправителей; вход ≈602,4 тыс. ₸, выход ≈20,0 тыс. ₸. Входящий объём преобладает. Выборка неполная."
100000001223977100,peripheral,0.8518126839601945,49,0.5382562277580071,"Недостаточно признаков специальной роли: 1 отправителей, 1 получателей. Это не отсутствие риска. Выборка неполная."
100000001046057100,terminal,0.8599395080292761,2,0.2197508896797153,"Возможный конечный получатель: вход ≈83,4 тыс. ₸, наблюдаемых выходов 0. Это не полный баланс. Выборка неполная."
100000002989353100,transit,0.6942991895968188,11,0.7820284697508897,"Гипотеза транзита: 1 отправ., 2 получ. Есть совпадение сумм в тот же/следующий день. Выборка неполная."
100000006714366100,transit,0.5928638089374747,12,0.5894128113879004,"Гипотеза транзита: 1 отправ., 1 получ. Есть совпадение сумм в тот же/следующий день. Выборка неполная."
100000001063678100,peripheral,0.6453224063400577,20,0.7357651245551602,"Недостаточно признаков специальной роли: 1 отправителей, 2 получателей. Это не отсутствие риска. Выборка неполная."
100000004889043100,terminal,0.9450709807508058,0,0.8327402135231317,"Возможный конечный получатель: вход ≈272,0 тыс. ₸, наблюдаемых выходов 0. Это не полный баланс. Выборка неполная."
100000002984403100,peripheral,0.8493153174761885,23,0.45329181494661924,"Недостаточно признаков специальной роли: 1 отправителей, 1 получателей. Это не отсутствие риска. Выборка неполная."
100000003951827100,peripheral,0.6153440201729107,0,0.6201067615658363,"Недостаточно признаков специальной роли: 1 отправителей, 2 получателей. Это не отсутствие риска. Выборка неполная."
100000000933075100,transit,0.8400037436471365,9,0.7758007117437722,"Гипотеза транзита: 1 отправ., 2 получ. Есть совпадение сумм в тот же/следующий день. Выборка неполная."
100000008502995100,peripheral,0.3892153917472273,0,0.4568505338078292,"Недостаточно признаков специальной роли: 1 отправителей, 0 получателей. Это не отсутствие риска. Выборка неполная."
100000008086440100,transit,0.7233687857856322,0,0.9070284697508897,"Гипотеза транзита: 1 отправ., 5 получ. Объёмы близки; быстрое прохождение не подтверждено. Выборка неполная."
100000008465789100,distributor,0.954789265129683,2,0.9319395017793595,"Гипотеза распределения: 16 получателей; выход ≈1,86 млн ₸. Исходящий объём преобладает. Выборка неполная."
100000002550141100,terminal,0.8862988408997687,4,0.3162811387900356,"Возможный конечный получатель: вход ≈100,6 тыс. ₸, наблюдаемых выходов 0. Это не полный баланс. Выборка неполная."
100000008739887100,peripheral,0.39275668631006344,4,0.8870106761565836,"Недостаточно признаков специальной роли: 2 отправителей, 2 получателей. Это не отсутствие риска. Выборка неполная."
100000008532050100,terminal,0.9331835058044211,6,0.6663701067615658,"Возможный конечный получатель: вход ≈455,2 тыс. ₸, наблюдаемых выходов 0. Это не полный баланс. Выборка неполная."
100000008422226100,terminal,0.8945991876021699,0,0.5031138790035588,"Возможный конечный получатель: вход ≈87,5 тыс. ₸, наблюдаемых выходов 0. Это не полный баланс. Выборка неполная."
100000002369874100,consolidator,0.6259157231609922,2,0.7958185053380783,"Гипотеза сбора: 4 отправителей; вход ≈600,0 тыс. ₸, выход 0,00 ₸. Входящий объём преобладает. Выборка неполная."
100000003321895100,peripheral,0.4593569884726225,60,0.7731316725978647,"Недостаточно признаков специальной роли: 1 отправителей, 2 получателей. Это не отсутствие риска. Выборка неполная."
100000001875239100,consolidator,0.5950529233243592,2,0.7388790035587188,"Гипотеза сбора: 3 отправителей; вход ≈712,0 тыс. ₸, выход 0,00 ₸. Входящий объём преобладает. Выборка неполная."
100000002216999100,peripheral,0.430252597914375,1,0.07562277580071175,"Недостаточно признаков специальной роли: 1 отправителей, 0 получателей. Это не отсутствие риска. Выборка неполная."
100000002653948100,terminal,0.8964562213373279,6,0.5702846975088968,"Возможный конечный получатель: вход ≈85,2 тыс. ₸, наблюдаемых выходов 0. Это не полный баланс. Выборка неполная."
100000008632060100,distributor,0.9395353025936599,0,0.8919039145907474,"Гипотеза распределения: 9 получателей; выход ≈339,2 тыс. ₸. Исходящий объём преобладает. Выборка неполная."
100000008746449100,distributor,0.936374279538905,2,0.896797153024911,"Гипотеза распределения: 10 получателей; выход ≈1,01 млн ₸. Исходящий объём преобладает. Выборка неполная."
100000003031761100,terminal,0.9145661684257986,4,0.4248220640569395,"Возможный конечный получатель: вход ≈460,4 тыс. ₸, наблюдаемых выходов 0. Это не полный баланс. Выборка неполная."
100000008388049100,terminal,0.8998808982464355,11,0.4314946619217082,"Возможный конечный получатель: вход ≈496,4 тыс. ₸, наблюдаемых выходов 0. Это не полный баланс. Выборка неполная."
100000002677201100,peripheral,0.46212685781321383,2,0.6009786476868327,"Недостаточно признаков специальной роли: 1 отправителей, 1 получателей. Это не отсутствие риска. Выборка неполная."
100000002901457100,peripheral,0.38503795425845555,0,0.8692170818505338,"Недостаточно признаков специальной роли: 1 отправителей, 3 получателей. Это не отсутствие риска. Выборка неполная."
100000001160401100,peripheral,0.35933765162336434,0,0.4991103202846975,"Недостаточно признаков специальной роли: 1 отправителей, 0 получателей. Это не отсутствие риска. Выборка неполная."
100000002842321100,terminal,0.9122219078767159,6,0.6143238434163701,"Возможный конечный получатель: вход ≈160,0 тыс. ₸, наблюдаемых выходов 0. Это не полный баланс. Выборка неполная."
100000002547110100,consolidator,0.7276986597314514,2,0.8051601423487544,"Гипотеза сбора: 6 отправителей; вход ≈1,50 млн ₸, выход 0,00 ₸. Входящий объём преобладает. Выборка неполная."
100000001600934100,peripheral,0.3439426756988751,4,0.6801601423487544,"Недостаточно признаков специальной роли: 1 отправителей, 1 получателей. Это не отсутствие риска. Выборка неполная."
100000002818726100,peripheral,0.4260211761337057,12,0.3291814946619217,"Недостаточно признаков специальной роли: 1 отправителей, 0 получателей. Это не отсутствие риска. Выборка неполная."
100000008712827100,terminal,0.8559900462411653,1,0.16459074733096085,"Возможный конечный получатель: вход ≈76,0 тыс. ₸, наблюдаемых выходов 0. Это не полный баланс. Выборка неполная."
100000008259451100,terminal,0.8642985656684068,13,0.22241992882562278,"Возможный конечный получатель: вход ≈55,0 тыс. ₸, наблюдаемых выходов 0. Это не полный баланс. Выборка неполная."
100000003060517100,terminal,0.9138352601809061,15,0.4359430604982206,"Возможный конечный получатель: вход ≈316,0 тыс. ₸, наблюдаемых выходов 0. Это не полный баланс. Выборка неполная."
100000002621434100,terminal,0.8696919379314916,2,0.22731316725978648,"Возможный конечный получатель: вход ≈81,0 тыс. ₸, наблюдаемых выходов 0. Это не полный баланс. Выборка неполная."
100000001860090100,peripheral,0.5045404661980479,7,0.08763345195729537,"Недостаточно признаков специальной роли: 1 отправителей, 0 получателей. Это не отсутствие риска. Выборка неполная."
100000004689658100,peripheral,0.3354582243881885,4,0.7099644128113879,"Недостаточно признаков специальной роли: 1 отправителей, 1 получателей. Это не отсутствие риска. Выборка неполная."
100000003486970100,terminal,0.9106967695976906,6,0.6080960854092526,"Возможный конечный получатель: вход ≈150,0 тыс. ₸, наблюдаемых выходов 0. Это не полный баланс. Выборка неполная."
100000004659919100,peripheral,0.44010179550086903,49,0.7677935943060499,"Недостаточно признаков специальной роли: 1 отправителей, 1 получателей. Это не отсутствие риска. Выборка неполная."
100000006111439100,peripheral,0.4808401583143146,6,0.7931494661921709,"Недостаточно признаков специальной роли: 3 отправителей, 4 получателей. Это не отсутствие риска. Выборка неполная."
100000002521039100,terminal,0.9253446436271786,0,0.5769572953736655,"Возможный конечный получатель: вход ≈349,4 тыс. ₸, наблюдаемых выходов 0. Это не полный баланс. Выборка неполная."
100000008493007100,transit,0.8044298117993876,1,0.41859430604982206,"Гипотеза транзита: 1 отправ., 1 получ. Есть совпадение сумм в тот же/следующий день. Выборка неполная."
100000007793871100,peripheral,0.4270428300523142,8,0.5538256227758007,"Недостаточно признаков специальной роли: 1 отправителей, 0 получателей. Это не отсутствие риска. Выборка неполная."
100000001650895100,peripheral,0.3851274720676582,8,0.6485765124555161,"Недостаточно признаков специальной роли: 1 отправителей, 1 получателей. Это не отсутствие риска. Выборка неполная."
100000002567887100,terminal,0.8838981803077648,6,0.5409252669039146,"Возможный конечный получатель: вход ≈50,9 тыс. ₸, наблюдаемых выходов 0. Это не полный баланс. Выборка неполная."
100000008055972100,peripheral,0.4231249852181832,1,0.10409252669039146,"Недостаточно признаков специальной роли: 1 отправителей, 0 получателей. Это не отсутствие риска. Выборка неполная."
100000008684452100,terminal,0.8464336781518514,1,0.1387900355871886,"Возможный конечный получатель: вход ≈51,8 тыс. ₸, наблюдаемых выходов 0. Это не полный баланс. Выборка неполная."
100000000764836100,peripheral,0.3652973834632999,4,0.8158362989323843,"Недостаточно признаков специальной роли: 1 отправителей, 2 получателей. Это не отсутствие риска. Выборка неполная."
100000003072676100,peripheral,0.3933098230834182,15,0.2637900355871886,"Недостаточно признаков специальной роли: 1 отправителей, 0 получателей. Это не отсутствие риска. Выборка неполная."
100000008757369100,transit,0.8166727989164817,0,0.6966192170818505,"Гипотеза транзита: 1 отправ., 1 получ. Есть совпадение сумм в тот же/следующий день. Выборка неполная."
100000007618425100,peripheral,0.3883585233695368,15,0.2860320284697509,"Недостаточно признаков специальной роли: 1 отправителей, 0 получателей. Это не отсутствие риска. Выборка неполная."
100000004671609100,terminal,0.8749609194878252,11,0.2442170818505338,"Возможный конечный получатель: вход ≈100,0 тыс. ₸, наблюдаемых выходов 0. Это не полный баланс. Выборка неполная."
100000004676985100,peripheral,0.8139786970692003,0,0.6120996441281139,"Недостаточно признаков специальной роли: 1 отправителей, 1 получателей. Это не отсутствие риска. Выборка неполная."
100000002531406100,peripheral,0.7537715518708478,4,0.5240213523131673,"Недостаточно признаков специальной роли: 1 отправителей, 1 получателей. Это не отсутствие риска. Выборка неполная."
100000002877262100,terminal,0.8674823067691864,2,0.33629893238434166,"Возможный конечный получатель: вход ≈100,0 тыс. ₸, наблюдаемых выходов 0. Это не полный баланс. Выборка неполная."
100000007591246100,peripheral,0.835821325648415,12,0.47686832740213525,"Недостаточно признаков специальной роли: 1 отправителей, 1 получателей. Это не отсутствие риска. Выборка неполная."
100000008712184100,peripheral,0.4391237462687848,1,0.0547153024911032,"Недостаточно признаков специальной роли: 1 отправителей, 0 получателей. Это не отсутствие риска. Выборка неполная."
100000002975437100,peripheral,0.30852442281725934,29,0.6895017793594306,"Недостаточно признаков специальной роли: 1 отправителей, 1 получателей. Это не отсутствие риска. Выборка неполная."
100000005008589100,peripheral,0.38380129145262554,0,0.3140569395017794,"Недостаточно признаков специальной роли: 1 отправителей, 0 получателей. Это не отсутствие риска. Выборка неполная."
100000000782285100,peripheral,0.4443758291856762,30,0.13300711743772242,"Недостаточно признаков специальной роли: 1 отправителей, 0 получателей. Это не отсутствие риска. Выборка неполная."
100000005198498100,peripheral,0.4227465567622048,1,0.10542704626334519,"Недостаточно признаков специальной роли: 1 отправителей, 0 получателей. Это не отсутствие риска. Выборка неполная."
100000008517538100,distributor,0.9504610951008645,2,0.9403914590747331,"Гипотеза распределения: 17 получателей; выход ≈1,44 млн ₸. Исходящий объём преобладает. Выборка неполная."
100000005756535100,peripheral,0.4589892071438537,1,0.19483985765124556,"Недостаточно признаков специальной роли: 1 отправителей, 0 получателей. Это не отсутствие риска. Выборка неполная."
100000004917367100,terminal,0.9225531465345789,6,0.7286476868327402,"Возможный конечный получатель: вход ≈120,0 тыс. ₸, наблюдаемых выходов 0. Это не полный баланс. Выборка неполная."
100000001222263100,peripheral,0.3996280233356518,6,0.8469750889679716,"Недостаточно признаков специальной роли: 1 отправителей, 1 получателей. Это не отсутствие риска. Выборка неполная."
100000001149815100,peripheral,0.45075692500322484,1,0.02491103202846975,"Недостаточно признаков специальной роли: 1 отправителей, 0 получателей. Это не отсутствие риска. Выборка неполная."
100000006020215100,peripheral,0.5921293277924373,12,0.8122775800711743,"Недостаточно признаков специальной роли: 1 отправителей, 2 получателей. Это не отсутствие риска. Выборка неполная."
100000000673868100,peripheral,0.31407961095100867,28,0.9110320284697508,"Недостаточно признаков специальной роли: 1 отправителей, 5 получателей. Это не отсутствие риска. Выборка неполная."
100000008749900100,peripheral,0.4415020598747155,1,0.04403914590747331,"Недостаточно признаков специальной роли: 1 отправителей, 0 получателей. Это не отсутствие риска. Выборка неполная."
100000002862113100,peripheral,0.371117956298753,13,0.423932384341637,"Недостаточно признаков специальной роли: 1 отправителей, 0 получателей. Это не отсутствие риска. Выборка неполная."
100000001066017100,peripheral,0.36455475550637434,0,0.8901245551601423,"Недостаточно признаков специальной роли: 2 отправителей, 4 получателей. Это не отсутствие риска. Выборка неполная."
100000008436257100,peripheral,0.36112817316409784,15,0.4666370106761566,"Недостаточно признаков специальной роли: 2 отправителей, 0 получателей. Это не отсутствие риска. Выборка неполная."
100000003016438100,transit,0.8386979195923219,2,0.7393238434163701,"Гипотеза транзита: 1 отправ., 1 получ. Есть совпадение сумм в тот же/следующий день. Выборка неполная."
100000002534091100,peripheral,0.40710942733189837,4,0.3122775800711744,"Недостаточно признаков специальной роли: 1 отправителей, 0 получателей. Это не отсутствие риска. Выборка неполная."
100000006882208100,peripheral,0.4220134248753112,5,0.3487544483985765,"Недостаточно признаков специальной роли: 1 отправителей, 0 получателей. Это не отсутствие риска. Выборка неполная."
100000005362848100,peripheral,0.41635750075679945,8,0.1423487544483986,"Недостаточно признаков специальной роли: 1 отправителей, 0 получателей. Это не отсутствие риска. Выборка неполная."
100000001073568100,transit,0.777406941812959,13,0.7980427046263345,"Гипотеза транзита: 1 отправ., 2 получ. Есть совпадение сумм в тот же/следующий день. Выборка неполная."
100000008687733100,peripheral,0.44692564935983237,1,0.03336298932384341,"Недостаточно признаков специальной роли: 1 отправителей, 0 получателей. Это не отсутствие риска. Выборка неполная."
100000007229557100,consolidator,0.5892501639203622,18,0.8029359430604982,"Гипотеза сбора: 3 отправителей; вход ≈878,0 тыс. ₸, выход 0,00 ₸. Входящий объём преобладает. Выборка неполная."
100000001052789100,terminal,0.8739602873947401,16,0.25889679715302494,"Возможный конечный получатель: вход ≈71,0 тыс. ₸, наблюдаемых выходов 0. Это не полный баланс. Выборка неполная."
100000006967370100,transit,0.5609310131192179,15,0.5613879003558719,"Гипотеза транзита: 1 отправ., 1 получ. Есть совпадение сумм в тот же/следующий день. Выборка неполная."
100000001837130100,terminal,0.9080009149013346,0,0.4319395017793594,"Возможный конечный получатель: вход ≈172,9 тыс. ₸, наблюдаемых выходов 0. Это не полный баланс. Выборка неполная."
100000005820746100,peripheral,0.3351928367975043,21,0.7201957295373665,"Недостаточно признаков специальной роли: 1 отправителей, 1 получателей. Это не отсутствие риска. Выборка неполная."
100000002883402100,consolidator,0.6931678145695961,2,0.7833629893238434,"Гипотеза сбора: 3 отправителей; вход ≈300,0 тыс. ₸, выход 0,00 ₸. Входящий объём преобладает. Выборка неполная."
100000008582730100,transit,0.7340124495289369,16,0.32473309608540923,"Гипотеза транзита: 1 отправ., 1 получ. Есть совпадение сумм в тот же/следующий день. Выборка неполная."
100000003116106100,terminal,0.9554083563860418,6,0.7339857651245552,"Возможный конечный получатель: вход ≈494,1 тыс. ₸, наблюдаемых выходов 0. Это не полный баланс. Выборка неполная."
100000001818442100,peripheral,0.4057457331734753,8,0.17348754448398576,"Недостаточно признаков специальной роли: 1 отправителей, 0 получателей. Это не отсутствие риска. Выборка неполная."
100000008690762100,peripheral,0.42440451062179607,1,0.09697508896797152,"Недостаточно признаков специальной роли: 1 отправителей, 0 получателей. Это не отсутствие риска. Выборка неполная."
100000008712991100,terminal,0.8524874193602909,1,0.1552491103202847,"Возможный конечный получатель: вход ≈66,1 тыс. ₸, наблюдаемых выходов 0. Это не полный баланс. Выборка неполная."
100000003292191100,terminal,0.873870070770406,18,0.22953736654804271,"Возможный конечный получатель: вход ≈112,0 тыс. ₸, наблюдаемых выходов 0. Это не полный баланс. Выборка неполная."
100000005367284100,transit,0.7379498443614807,0,0.7927046263345195,"Гипотеза транзита: 1 отправ., 2 получ. Есть совпадение сумм в тот же/следующий день. Выборка неполная."
100000003216073100,peripheral,0.840332615593835,4,0.3692170818505338,"Недостаточно признаков специальной роли: 1 отправителей, 1 получателей. Это не отсутствие риска. Выборка неполная."
100000006169033100,peripheral,0.341264409221902,40,0.8505338078291815,"Недостаточно признаков специальной роли: 1 отправителей, 3 получателей. Это не отсутствие риска. Выборка неполная."
100000004407753100,transit,0.6365834990723946,26,0.7121886120996441,"Гипотеза транзита: 1 отправ., 1 получ. Есть совпадение сумм в тот же/следующий день. Выборка неполная."
100000004420041100,peripheral,0.31351224783861675,9,0.9128113879003559,"Недостаточно признаков специальной роли: 1 отправителей, 7 получателей. Это не отсутствие риска. Выборка неполная."
100000004715209100,transit,0.8150932608207071,50,0.8523131672597865,"Гипотеза транзита: 1 отправ., 5 получ. Есть совпадение сумм в тот же/следующий день. Выборка неполная."
100000004580254100,peripheral,0.3648509746146872,15,0.6156583629893239,"Недостаточно признаков специальной роли: 2 отправителей, 0 получателей. Это не отсутствие риска. Выборка неполная."
100000001056414100,terminal,0.888198603635589,11,0.3834519572953737,"Возможный конечный получатель: вход ≈250,0 тыс. ₸, наблюдаемых выходов 0. Это не полный баланс. Выборка неполная."
100000008686494100,peripheral,0.4438680423899922,1,0.03825622775800712,"Недостаточно признаков специальной роли: 1 отправителей, 0 получателей. Это не отсутствие риска. Выборка неполная."
100000002822472100,terminal,0.9158598856965707,11,0.7059608540925267,"Возможный конечный получатель: вход ≈266,7 тыс. ₸, наблюдаемых выходов 0. Это не полный баланс. Выборка неполная."
100000001831496100,peripheral,0.695936599423631,10,0.5084519572953736,"Недостаточно признаков специальной роли: 1 отправителей, 1 получателей. Это не отсутствие риска. Выборка неполная."
100000008732488100,transit,0.7209541806241084,4,0.6797153024911032,"Гипотеза транзита: 1 отправ., 1 получ. Есть совпадение сумм в тот же/следующий день. Выборка неполная."
100000004007197100,peripheral,0.4576233940441422,22,0.012455516014234875,"Недостаточно признаков специальной роли: 1 отправителей, 0 получателей. Это не отсутствие риска. Выборка неполная."
100000002815005100,terminal,0.9031038487048982,2,0.45462633451957296,"Возможный конечный получатель: вход ≈476,5 тыс. ₸, наблюдаемых выходов 0. Это не полный баланс. Выборка неполная."
100000005756189100,transit,0.7578160067396726,6,0.7660142348754448,"Гипотеза транзита: 1 отправ., 1 получ. Есть совпадение сумм в тот же/следующий день. Выборка неполная."
100000004877085100,transit,0.8284084013666324,12,0.8638790035587188,"Гипотеза транзита: 1 отправ., 3 получ. Есть совпадение сумм в тот же/следующий день. Выборка неполная."
100000002713074100,peripheral,0.3603780760264214,15,0.7646797153024911,"Недостаточно признаков специальной роли: 2 отправителей, 1 получателей. Это не отсутствие риска. Выборка неполная."
100000002356167100,peripheral,0.3392180574085645,6,0.8736654804270463,"Недостаточно признаков специальной роли: 1 отправителей, 2 получателей. Это не отсутствие риска. Выборка неполная."
100000004140487100,distributor,0.9481754322766571,3,0.9377224199288257,"Гипотеза распределения: 10 получателей; выход ≈262,6 тыс. ₸. Исходящий объём преобладает. Выборка неполная."
100000003147719100,terminal,0.8757076263039005,2,0.24688612099644128,"Возможный конечный получатель: вход ≈100,0 тыс. ₸, наблюдаемых выходов 0. Это не полный баланс. Выборка неполная."
100000008745884100,peripheral,0.4358024520165482,1,0.06005338078291815,"Недостаточно признаков специальной роли: 1 отправителей, 0 получателей. Это не отсутствие риска. Выборка неполная."
100000002559089100,terminal,0.9339986131989494,11,0.6352313167259787,"Возможный конечный получатель: вход ≈715,0 тыс. ₸, наблюдаемых выходов 0. Это не полный баланс. Выборка неполная."
100000004984689100,terminal,0.8790314768998859,4,0.31717081850533807,"Возможный конечный получатель: вход ≈53,0 тыс. ₸, наблюдаемых выходов 0. Это не полный баланс. Выборка неполная."
100000004340038100,peripheral,0.868952289211242,12,0.5640569395017794,"Недостаточно признаков специальной роли: 1 отправителей, 1 получателей. Это не отсутствие риска. Выборка неполная."
100000005052998100,peripheral,0.8472982708933717,0,0.43505338078291816,"Недостаточно признаков специальной роли: 1 отправителей, 1 получателей. Это не отсутствие риска. Выборка неполная."
100000007597382100,peripheral,0.4038455959124998,6,0.4835409252669039,"Недостаточно признаков специальной роли: 1 отправителей, 0 получателей. Это не отсутствие риска. Выборка неполная."
100000008697670100,peripheral,0.4266976367560076,1,0.08540925266903915,"Недостаточно признаков специальной роли: 1 отправителей, 0 получателей. Это не отсутствие риска. Выборка неполная."
100000008460102100,distributor,0.9577557636887608,8,0.9163701067615658,"Гипотеза распределения: 31 получателей; выход ≈476,6 тыс. ₸. Исходящий объём преобладает. Выборка неполная."
100000004399686100,terminal,0.9157789232018513,21,0.5947508896797153,"Возможный конечный получатель: вход ≈806,0 тыс. ₸, наблюдаемых выходов 0. Это не полный баланс. Выборка неполная."
100000008688155100,peripheral,0.4306987663448739,1,0.07473309608540925,"Недостаточно признаков специальной роли: 1 отправителей, 0 получателей. Это не отсутствие риска. Выборка неполная."
100000004386331100,peripheral,0.8084833627445085,9,0.6499110320284698,"Недостаточно признаков специальной роли: 1 отправителей, 2 получателей. Это не отсутствие риска. Выборка неполная."
100000007999728100,peripheral,0.41457513327421314,13,0.17259786476868327,"Недостаточно признаков специальной роли: 1 отправителей, 0 получателей. Это не отсутствие риска. Выборка неполная."
100000001597424100,peripheral,0.3917141535414795,13,0.24288256227758007,"Недостаточно признаков специальной роли: 1 отправителей, 0 получателей. Это не отсутствие риска. Выборка неполная."
100000003677936100,peripheral,0.4048821070181749,7,0.625,"Недостаточно признаков специальной роли: 1 отправителей, 1 получателей. Это не отсутствие риска. Выборка неполная."
100000002943472100,terminal,0.8795093856418333,2,0.39012455516014233,"Возможный конечный получатель: вход ≈170,0 тыс. ₸, наблюдаемых выходов 0. Это не полный баланс. Выборка неполная."
100000004892144100,peripheral,0.3235691686310064,21,0.8180604982206405,"Недостаточно признаков специальной роли: 2 отправителей, 1 получателей. Это не отсутствие риска. Выборка неполная."
100000008077552100,terminal,0.9123409603489424,4,0.445729537366548,"Возможный конечный получатель: вход ≈214,0 тыс. ₸, наблюдаемых выходов 0. Это не полный баланс. Выборка неполная."
100000002914245100,terminal,0.891066744038882,4,0.3318505338078292,"Возможный конечный получатель: вход ≈140,6 тыс. ₸, наблюдаемых выходов 0. Это не полный баланс. Выборка неполная."
100000004906181100,transit,0.8268076488465659,34,0.9532918149466192,"Гипотеза транзита: 1 отправ., 7 получ. Есть совпадение сумм в тот же/следующий день. Выборка неполная."
100000008514970100,transit,0.6681031492842604,4,0.6619217081850534,"Гипотеза транзита: 1 отправ., 1 получ. Есть совпадение сумм в тот же/следующий день. Выборка неполная."
100000008258458100,transit,0.6294906585204152,62,0.818950177935943,"Гипотеза транзита: 1 отправ., 2 получ. Есть совпадение сумм в тот же/следующий день. Выборка неполная."
100000003484058100,peripheral,0.3766225048227616,13,0.6112099644128114,"Недостаточно признаков специальной роли: 1 отправителей, 1 получателей. Это не отсутствие риска. Выборка неполная."
100000003574895100,transit,0.7352939331610774,0,0.6935053380782918,"Гипотеза транзита: 1 отправ., 1 получ. Есть совпадение сумм в тот же/следующий день. Выборка неполная."
100000000896111100,terminal,0.8743514611042603,21,0.3807829181494662,"Возможный конечный получатель: вход ≈287,1 тыс. ₸, наблюдаемых выходов 0. Это не полный баланс. Выборка неполная."
100000008715887100,peripheral,0.43911391540386147,1,0.05516014234875445,"Недостаточно признаков специальной роли: 1 отправителей, 0 получателей. Это не отсутствие риска. Выборка неполная."
100000000560751100,peripheral,0.4505972247618015,12,0.3238434163701068,"Недостаточно признаков специальной роли: 1 отправителей, 0 получателей. Это не отсутствие риска. Выборка неполная."
100000008708207100,terminal,0.926056281127784,2,0.6383451957295374,"Возможный конечный получатель: вход ≈465,0 тыс. ₸, наблюдаемых выходов 0. Это не полный баланс. Выборка неполная."
100000003152964100,peripheral,0.35311104469849175,4,0.693950177935943,"Недостаточно признаков специальной роли: 1 отправителей, 1 получателей. Это не отсутствие риска. Выборка неполная."
100000004991812100,peripheral,0.468525320523479,20,0.1708185053380783,"Недостаточно признаков специальной роли: 1 отправителей, 0 получателей. Это не отсутствие риска. Выборка неполная."
100000000291908100,peripheral,0.36784245247664454,48,0.7744661921708185,"Недостаточно признаков специальной роли: 1 отправителей, 1 получателей. Это не отсутствие риска. Выборка неполная."
100000003132484100,terminal,0.8370095736346064,2,0.30516014234875444,"Возможный конечный получатель: вход ≈90,0 тыс. ₸, наблюдаемых выходов 0. Это не полный баланс. Выборка неполная."
100000004077081100,transit,0.8388045907054821,3,0.9537366548042705,"Гипотеза транзита: 1 отправ., 4 получ. Есть совпадение сумм в тот же/следующий день. Выборка неполная."
100000004770073100,transit,0.841664540713182,0,0.476423487544484,"Гипотеза транзита: 1 отправ., 1 получ. Есть совпадение сумм в тот же/следующий день. Выборка неполная."
100000003163886100,terminal,0.8966460633811175,53,0.5600533807829181,"Возможный конечный получатель: вход ≈500,0 тыс. ₸, наблюдаемых выходов 0. Это не полный баланс. Выборка неполная."
100000000795374100,terminal,0.8762584017357145,4,0.30916370106761565,"Возможный конечный получатель: вход ≈50,0 тыс. ₸, наблюдаемых выходов 0. Это не полный баланс. Выборка неполная."
100000002391278100,peripheral,0.6341204084421075,25,0.5707295373665481,"Недостаточно признаков специальной роли: 1 отправителей, 1 получателей. Это не отсутствие риска. Выборка неполная."
100000004635886100,peripheral,0.4108694900469798,5,0.2793594306049822,"Недостаточно признаков специальной роли: 1 отправителей, 0 получателей. Это не отсутствие риска. Выборка неполная."
100000000413678100,peripheral,0.3642182997118156,4,0.9430604982206405,"Недостаточно признаков специальной роли: 2 отправителей, 3 получателей. Это не отсутствие риска. Выборка неполная."
100000008659950100,terminal,0.887863855300886,2,0.4461743772241993,"Возможный конечный получатель: вход ≈246,0 тыс. ₸, наблюдаемых выходов 0. Это не полный баланс. Выборка неполная."
100000003964910100,terminal,0.9475047708006208,15,0.6018683274021353,"Возможный конечный получатель: вход ≈1,00 млн ₸, наблюдаемых выходов 0. Это не полный баланс. Выборка неполная."
100000008764654100,peripheral,0.4254696159094843,1,0.09074733096085409,"Недостаточно признаков специальной роли: 1 отправителей, 0 получателей. Это не отсутствие риска. Выборка неполная."
100000005830339100,peripheral,0.3258377514554639,3,0.8923487544483986,"Недостаточно признаков специальной роли: 5 отправителей, 1 получателей. Это не отсутствие риска. Выборка неполная."
100000002032323100,transit,0.5955112467135029,2,0.7580071174377224,"Гипотеза транзита: 1 отправ., 1 получ. Есть совпадение сумм в тот же/следующий день. Выборка неполная."
100000008668099100,peripheral,0.4439275292521466,1,0.037811387900355875,"Недостаточно признаков специальной роли: 1 отправителей, 0 получателей. Это не отсутствие риска. Выборка неполная."
100000008634520100,terminal,0.8640504729449494,2,0.3202846975088968,"Возможный конечный получатель: вход ≈90,0 тыс. ₸, наблюдаемых выходов 0. Это не полный баланс. Выборка неполная."
100000002103448100,peripheral,0.4240054028492004,1,0.10053380782918149,"Недостаточно признаков специальной роли: 1 отправителей, 0 получателей. Это не отсутствие риска. Выборка неполная."
100000005996909100,peripheral,0.4456952284492628,14,0.19261565836298933,"Недостаточно признаков специальной роли: 1 отправителей, 0 получателей. Это не отсутствие риска. Выборка неполная."
100000007392365100,peripheral,0.379439841498559,39,0.9030249110320284,"Недостаточно признаков специальной роли: 1 отправителей, 6 получателей. Это не отсутствие риска. Выборка неполная."
100000008279405100,terminal,0.9355652919887215,4,0.5645017793594306,"Возможный конечный получатель: вход ≈234,7 тыс. ₸, наблюдаемых выходов 0. Это не полный баланс. Выборка неполная."
100000008343874100,peripheral,0.36683794221424587,4,0.9092526690391459,"Недостаточно признаков специальной роли: 2 отправителей, 2 получателей. Это не отсутствие риска. Выборка неполная."
100000002548759100,terminal,0.9279961022344846,2,0.6592526690391459,"Возможный конечный получатель: вход ≈375,0 тыс. ₸, наблюдаемых выходов 0. Это не полный баланс. Выборка неполная."
100000003069463100,peripheral,0.8669392554382681,24,0.32873665480427045,"Недостаточно признаков специальной роли: 1 отправителей, 1 получателей. Это не отсутствие риска. Выборка неполная."
100000008474391100,peripheral,0.45131650018844344,20,0.24154804270462635,"Недостаточно признаков специальной роли: 1 отправителей, 0 получателей. Это не отсутствие риска. Выборка неполная."
100000003097324100,terminal,0.9190907173492527,18,0.7112989323843416,"Возможный конечный получатель: вход ≈294,0 тыс. ₸, наблюдаемых выходов 0. Это не полный баланс. Выборка неполная."
100000001852140100,peripheral,0.44451300668225646,57,0.2682384341637011,"Недостаточно признаков специальной роли: 1 отправителей, 0 получателей. Это не отсутствие риска. Выборка неполная."
100000003293377100,terminal,0.8824796589326411,6,0.5346975088967971,"Возможный конечный получатель: вход ≈50,0 тыс. ₸, наблюдаемых выходов 0. Это не полный баланс. Выборка неполная."
100000006048193100,peripheral,0.38032209330850414,0,0.4679715302491103,"Недостаточно признаков специальной роли: 1 отправителей, 0 получателей. Это не отсутствие риска. Выборка неполная."
100000002435265100,terminal,0.9280123912608655,0,0.6583629893238434,"Возможный конечный получатель: вход ≈132,6 тыс. ₸, наблюдаемых выходов 0. Это не полный баланс. Выборка неполная."
100000004587414100,terminal,0.9516451056263271,6,0.8033807829181495,"Возможный конечный получатель: вход ≈533,6 тыс. ₸, наблюдаемых выходов 0. Это не полный баланс. Выборка неполная."
100000001726614100,terminal,0.9026544005410992,0,0.41147686832740216,"Возможный конечный получатель: вход ≈138,7 тыс. ₸, наблюдаемых выходов 0. Это не полный баланс. Выборка неполная."
100000003934614100,peripheral,0.44734597488133965,32,0.41637010676156583,"Недостаточно признаков специальной роли: 2 отправителей, 1 получателей. Это не отсутствие риска. Выборка неполная."
100000008772246100,peripheral,0.4104272590421048,1,0.1445729537366548,"Недостаточно признаков специальной роли: 1 отправителей, 0 получателей. Это не отсутствие риска. Выборка неполная."
100000002603371100,peripheral,0.42742996125273625,0,0.16681494661921709,"Недостаточно признаков специальной роли: 1 отправителей, 0 получателей. Это не отсутствие риска. Выборка неполная."
100000004445291100,peripheral,0.4062504296914554,23,0.3527580071174377,"Недостаточно признаков специальной роли: 1 отправителей, 0 получателей. Это не отсутствие риска. Выборка неполная."
100000008571243100,terminal,0.8715711686495646,8,0.2326512455516014,"Возможный конечный получатель: вход ≈134,0 тыс. ₸, наблюдаемых выходов 0. Это не полный баланс. Выборка неполная."
100000001138283100,transit,0.49678280754830095,4,0.702846975088968,"Гипотеза транзита: 1 отправ., 2 получ. Есть совпадение сумм в тот же/следующий день. Выборка неполная."
100000002593344100,terminal,0.9203796363009804,2,0.7415480427046264,"Возможный конечный получатель: вход ≈431,0 тыс. ₸, наблюдаемых выходов 0. Это не полный баланс. Выборка неполная."
100000007390016100,peripheral,0.4342795389048991,69,0.7838078291814946,"Недостаточно признаков специальной роли: 1 отправителей, 1 получателей. Это не отсутствие риска. Выборка неполная."
100000001285440100,terminal,0.9182171670328316,18,0.6548042704626335,"Возможный конечный получатель: вход ≈243,0 тыс. ₸, наблюдаемых выходов 0. Это не полный баланс. Выборка неполная."
100000006746688100,peripheral,0.41211051638861507,1,0.14012455516014236,"Недостаточно признаков специальной роли: 1 отправителей, 0 получателей. Это не отсутствие риска. Выборка неполная."
100000006471232100,peripheral,0.4117278395272508,1,0.14190391459074733,"Недостаточно признаков специальной роли: 1 отправителей, 0 получателей. Это не отсутствие риска. Выборка неполная."
100000008662805100,peripheral,0.44270319559575744,1,0.04314946619217082,"Недостаточно признаков специальной роли: 1 отправителей, 0 получателей. Это не отсутствие риска. Выборка неполная."
100000004292885100,terminal,0.8661901831311545,1,0.20106761565836298,"Возможный конечный получатель: вход ≈112,7 тыс. ₸, наблюдаемых выходов 0. Это не полный баланс. Выборка неполная."
100000008190442100,peripheral,0.44904786514071277,1,0.029804270462633453,"Недостаточно признаков специальной роли: 1 отправителей, 0 получателей. Это не отсутствие риска. Выборка неполная."
100000007131370100,peripheral,0.8553061959654178,14,0.45774021352313166,"Недостаточно признаков специальной роли: 1 отправителей, 1 получателей. Это не отсутствие риска. Выборка неполная."
100000008717802100,peripheral,0.42558567625844057,1,0.0898576512455516,"Недостаточно признаков специальной роли: 1 отправителей, 0 получателей. Это не отсутствие риска. Выборка неполная."
100000005357034100,peripheral,0.4184282478330117,0,0.33451957295373663,"Недостаточно признаков специальной роли: 1 отправителей, 0 получателей. Это не отсутствие риска. Выборка неполная."
100000005532138100,peripheral,0.4061970187805333,7,0.20685053380782917,"Недостаточно признаков специальной роли: 1 отправителей, 0 получателей. Это не отсутствие риска. Выборка неполная."
100000005264874100,peripheral,0.5330061239193082,35,0.5342526690391459,"Недостаточно признаков специальной роли: 1 отправителей, 2 получателей. Это не отсутствие риска. Выборка неполная."
100000008193258100,peripheral,0.4137724974832173,15,0.666814946619217,"Недостаточно признаков специальной роли: 1 отправителей, 1 получателей. Это не отсутствие риска. Выборка неполная."
100000003190207100,peripheral,0.5480979827089335,17,0.7153024911032029,"Недостаточно признаков специальной роли: 1 отправителей, 1 получателей. Это не отсутствие риска. Выборка неполная."
100000004321983100,peripheral,0.6301278818443803,25,0.47153024911032027,"Недостаточно признаков специальной роли: 1 отправителей, 2 получателей. Это не отсутствие риска. Выборка неполная."
100000002633108100,terminal,0.9271423820297122,13,0.5320284697508897,"Возможный конечный получатель: вход ≈320,0 тыс. ₸, наблюдаемых выходов 0. Это не полный баланс. Выборка неполная."
100000005941908100,peripheral,0.48745158485598533,13,0.24644128113879005,"Недостаточно признаков специальной роли: 1 отправителей, 0 получателей. Это не отсутствие риска. Выборка неполная."
100000001835625100,terminal,0.8936521441737806,6,0.5618327402135231,"Возможный конечный получатель: вход ≈75,1 тыс. ₸, наблюдаемых выходов 0. Это не полный баланс. Выборка неполная."
100000008671081100,peripheral,0.41497534378943024,1,0.13122775800711745,"Недостаточно признаков специальной роли: 1 отправителей, 0 получателей. Это не отсутствие риска. Выборка неполная."
100000002908521100,peripheral,0.41040838218498343,1,0.14501779359430605,"Недостаточно признаков специальной роли: 1 отправителей, 0 получателей. Это не отсутствие риска. Выборка неполная."
100000000749118100,peripheral,0.8532349274705349,0,0.5333629893238434,"Недостаточно признаков специальной роли: 1 отправителей, 1 получателей. Это не отсутствие риска. Выборка неполная."
100000008652094100,peripheral,0.3804606912206771,0,0.48131672597864766,"Недостаточно признаков специальной роли: 1 отправителей, 0 получателей. Это не отсутствие риска. Выборка неполная."
100000007647294100,terminal,0.8804743615325317,33,0.45062277580071175,"Возможный конечный получатель: вход ≈385,0 тыс. ₸, наблюдаемых выходов 0. Это не полный баланс. Выборка неполная."
100000003270419100,terminal,0.8545196941654013,12,0.49243772241992884,"Возможный конечный получатель: вход ≈150,0 тыс. ₸, наблюдаемых выходов 0. Это не полный баланс. Выборка неполная."
100000003050771100,terminal,0.9057050937877229,12,0.5547153024911032,"Возможный конечный получатель: вход ≈229,0 тыс. ₸, наблюдаемых выходов 0. Это не полный баланс. Выборка неполная."
100000008427027100,terminal,0.897630655895338,3,0.520017793594306,"Возможный конечный получатель: вход ≈300,0 тыс. ₸, наблюдаемых выходов 0. Это не полный баланс. Выборка неполная."
100000004291560100,peripheral,0.3720058340007706,0,0.505338078291815,"Недостаточно признаков специальной роли: 1 отправителей, 0 получателей. Это не отсутствие риска. Выборка неполная."
100000003594472100,peripheral,0.4152889236659817,29,0.17838078291814946,"Недостаточно признаков специальной роли: 1 отправителей, 0 получателей. Это не отсутствие риска. Выборка неполная."
100000002575080100,transit,0.8489460155146937,14,0.6872775800711743,"Гипотеза транзита: 1 отправ., 1 получ. Есть совпадение сумм в тот же/следующий день. Выборка неполная."
100000008038077100,terminal,0.962908308301287,6,0.7362099644128114,"Возможный конечный получатель: вход ≈499,9 тыс. ₸, наблюдаемых выходов 0. Это не полный баланс. Выборка неполная."
100000003899325100,terminal,0.8677403328233046,4,0.2459964412811388,"Возможный конечный получатель: вход ≈50,1 тыс. ₸, наблюдаемых выходов 0. Это не полный баланс. Выборка неполная."
100000001155773100,peripheral,0.43298007105203445,1,0.07072953736654804,"Недостаточно признаков специальной роли: 1 отправителей, 0 получателей. Это не отсутствие риска. Выборка неполная."
100000000611474100,peripheral,0.44181608232125014,20,0.2557829181494662,"Недостаточно признаков специальной роли: 1 отправителей, 0 получателей. Это не отсутствие риска. Выборка неполная."
100000006704530100,transit,0.6227805388213724,24,0.8251779359430605,"Гипотеза транзита: 1 отправ., 3 получ. Объёмы близки; быстрое прохождение не подтверждено. Выборка неполная."
100000003996562100,peripheral,0.44258122320582527,30,0.13523131672597866,"Недостаточно признаков специальной роли: 1 отправителей, 0 получателей. Это не отсутствие риска. Выборка неполная."
100000002646887100,peripheral,0.4255504593631808,2,0.1512455516014235,"Недостаточно признаков специальной роли: 1 отправителей, 0 получателей. Это не отсутствие риска. Выборка неполная."
100000002556775100,terminal,0.9263757194790889,6,0.6539145907473309,"Возможный конечный получатель: вход ≈300,0 тыс. ₸, наблюдаемых выходов 0. Это не полный баланс. Выборка неполная."
100000002722108100,terminal,0.9258605624805052,11,0.583185053380783,"Возможный конечный получатель: вход ≈800,0 тыс. ₸, наблюдаемых выходов 0. Это не полный баланс. Выборка неполная."
100000002737980100,peripheral,0.3982210004602049,5,0.3358540925266904,"Недостаточно признаков специальной роли: 1 отправителей, 0 получателей. Это не отсутствие риска. Выборка неполная."
100000002913340100,peripheral,0.4305722227830737,1,0.07517793594306049,"Недостаточно признаков специальной роли: 1 отправителей, 0 получателей. Это не отсутствие риска. Выборка неполная."
100000003610172100,terminal,0.8916658155781592,6,0.5591637010676157,"Возможный конечный получатель: вход ≈70,0 тыс. ₸, наблюдаемых выходов 0. Это не полный баланс. Выборка неполная."
100000001052945100,peripheral,0.3709942363112392,55,0.8403024911032029,"Недостаточно признаков специальной роли: 1 отправителей, 3 получателей. Это не отсутствие риска. Выборка неполная."
100000002369510100,peripheral,0.4148313147814412,1,0.1298932384341637,"Недостаточно признаков специальной роли: 1 отправителей, 0 получателей. Это не отсутствие риска. Выборка неполная."
100000001954534100,peripheral,0.8642197416137806,0,0.46708185053380785,"Недостаточно признаков специальной роли: 1 отправителей, 1 получателей. Это не отсутствие риска. Выборка неполная."
100000008488166100,peripheral,0.46223262236841256,1,0.013345195729537367,"Недостаточно признаков специальной роли: 1 отправителей, 0 получателей. Это не отсутствие риска. Выборка неполная."
100000005100475100,peripheral,0.42791678240314207,7,0.20373665480427047,"Недостаточно признаков специальной роли: 1 отправителей, 0 получателей. Это не отсутствие риска. Выборка неполная."
100000002708624100,peripheral,0.4175121948322997,23,0.1895017793594306,"Недостаточно признаков специальной роли: 1 отправителей, 0 получателей. Это не отсутствие риска. Выборка неполная."
100000004591973100,peripheral,0.844404441927952,9,0.6307829181494662,"Недостаточно признаков специальной роли: 1 отправителей, 1 получателей. Это не отсутствие риска. Выборка неполная."
100000000802149100,terminal,0.897108383505052,0,0.39368327402135234,"Возможный конечный получатель: вход ≈104,1 тыс. ₸, наблюдаемых выходов 0. Это не полный баланс. Выборка неполная."
100000003095610100,peripheral,0.42369855915218924,8,0.11832740213523131,"Недостаточно признаков специальной роли: 1 отправителей, 0 получателей. Это не отсутствие риска. Выборка неполная."
100000004183610100,peripheral,0.6183213256484148,12,0.6988434163701067,"Недостаточно признаков специальной роли: 1 отправителей, 1 получателей. Это не отсутствие риска. Выборка неполная."
100000005198906100,peripheral,0.3709570487901823,6,0.7900355871886121,"Недостаточно признаков специальной роли: 1 отправителей, 1 получателей. Это не отсутствие риска. Выборка неполная."
100000008599354100,peripheral,0.3773664077595804,0,0.75355871886121,"Недостаточно признаков специальной роли: 1 отправителей, 1 получателей. Это не отсутствие риска. Выборка неполная."
100000001303311100,consolidator,0.7253763365038207,18,0.7944839857651246,"Гипотеза сбора: 5 отправителей; вход ≈1,32 млн ₸, выход 0,00 ₸. Входящий объём преобладает. Выборка неполная."
100000008776420100,terminal,0.8533225495949337,1,0.15880782918149466,"Возможный конечный получатель: вход ≈69,5 тыс. ₸, наблюдаемых выходов 0. Это не полный баланс. Выборка неполная."
100000004737764100,terminal,0.8768414628758617,3,0.4795373665480427,"Возможный конечный получатель: вход ≈600,0 тыс. ₸, наблюдаемых выходов 0. Это не полный баланс. Выборка неполная."
100000003154105100,transit,0.8231968306453081,19,0.8838967971530249,"Гипотеза транзита: 1 отправ., 7 получ. Есть совпадение сумм в тот же/следующий день. Выборка неполная."
100000008708025100,peripheral,0.4629766266857086,26,0.10987544483985764,"Недостаточно признаков специальной роли: 1 отправителей, 0 получателей. Это не отсутствие риска. Выборка неполная."
100000008740793100,peripheral,0.4335238882392787,1,0.06895017793594306,"Недостаточно признаков специальной роли: 1 отправителей, 0 получателей. Это не отсутствие риска. Выборка неполная."
100000008459449100,terminal,0.8788251181015299,0,0.44795373665480426,"Возможный конечный получатель: вход ≈53,7 тыс. ₸, наблюдаемых выходов 0. Это не полный баланс. Выборка неполная."
100000008677518100,peripheral,0.40726004765989576,1,0.1543594306049822,"Недостаточно признаков специальной роли: 1 отправителей, 0 получателей. Это не отсутствие риска. Выборка неполная."
100000002212494100,terminal,0.8926269748109806,29,0.3349644128113879,"Возможный конечный получатель: вход ≈160,0 тыс. ₸, наблюдаемых выходов 0. Это не полный баланс. Выборка неполная."
100000001825934100,peripheral,0.8663940922190201,35,0.3821174377224199,"Недостаточно признаков специальной роли: 1 отправителей, 1 получателей. Это не отсутствие риска. Выборка неполная."
100000003736419100,transit,0.5473204306419508,0,0.650355871886121,"Гипотеза транзита: 1 отправ., 1 получ. Есть совпадение сумм в тот же/следующий день. Выборка неполная."
100000008430691100,transit,0.4707716503796507,68,0.7455516014234875,"Гипотеза транзита: 1 отправ., 2 получ. Есть совпадение сумм в тот же/следующий день. Выборка неполная."
100000003073635100,terminal,0.9005613135241695,4,0.40346975088967973,"Возможный конечный получатель: вход ≈129,2 тыс. ₸, наблюдаемых выходов 0. Это не полный баланс. Выборка неполная."
100000001686328100,terminal,0.8734851225514244,2,0.3505338078291815,"Возможный конечный получатель: вход ≈140,0 тыс. ₸, наблюдаемых выходов 0. Это не полный баланс. Выборка неполная."
100000008707810100,peripheral,0.425027074851394,1,0.09452846975088967,"Недостаточно признаков специальной роли: 1 отправителей, 0 получателей. Это не отсутствие риска. Выборка неполная."
100000001236706100,peripheral,0.32218253666975655,12,0.9306049822064056,"Недостаточно признаков специальной роли: 3 отправителей, 2 получателей. Это не отсутствие риска. Выборка неполная."
100000008536546100,terminal,0.9173312811726831,18,0.6725978647686833,"Возможный конечный получатель: вход ≈250,0 тыс. ₸, наблюдаемых выходов 0. Это не полный баланс. Выборка неполная."
100000007140834100,peripheral,0.45594366850861645,7,0.3167259786476868,"Недостаточно признаков специальной роли: 1 отправителей, 0 получателей. Это не отсутствие риска. Выборка неполная."
100000007022818100,peripheral,0.4413305299842928,1,0.04559608540925267,"Недостаточно признаков специальной роли: 1 отправителей, 0 получателей. Это не отсутствие риска. Выборка неполная."
100000007484343100,peripheral,0.35365197189483233,0,0.604982206405694,"Недостаточно признаков специальной роли: 2 отправителей, 0 получателей. Это не отсутствие риска. Выборка неполная."
100000001379511100,terminal,0.8506611591125051,2,0.19750889679715303,"Возможный конечный получатель: вход ≈55,0 тыс. ₸, наблюдаемых выходов 0. Это не полный баланс. Выборка неполная."
100000004569484100,peripheral,0.3769272334293948,8,0.9270462633451957,"Недостаточно признаков специальной роли: 2 отправителей, 4 получателей. Это не отсутствие риска. Выборка неполная."
100000002948492100,peripheral,0.41359802681736013,13,0.1748220640569395,"Недостаточно признаков специальной роли: 1 отправителей, 0 получателей. Это не отсутствие риска. Выборка неполная."
100000002116705100,peripheral,0.43995901512827496,1,0.052713523131672595,"Недостаточно признаков специальной роли: 1 отправителей, 0 получателей. Это не отсутствие риска. Выборка неполная."
100000002481974100,peripheral,0.42058177233429395,4,0.8598754448398577,"Недостаточно признаков специальной роли: 2 отправителей, 2 получателей. Это не отсутствие риска. Выборка неполная."
100000003920950100,terminal,0.9081991832474544,7,0.398576512455516,"Возможный конечный получатель: вход ≈323,3 тыс. ₸, наблюдаемых выходов 0. Это не полный баланс. Выборка неполная."
100000000733451100,peripheral,0.8088672937443335,12,0.733540925266904,"Недостаточно признаков специальной роли: 1 отправителей, 1 получателей. Это не отсутствие риска. Выборка неполная."
100000005182219100,terminal,0.900267647629341,6,0.7562277580071174,"Возможный конечный получатель: вход ≈55,0 тыс. ₸, наблюдаемых выходов 0. Это не полный баланс. Выборка неполная."
100000008633099100,peripheral,0.7961015706305161,7,0.40080071174377224,"Недостаточно признаков специальной роли: 1 отправителей, 1 получателей. Это не отсутствие риска. Выборка неполная."
100000001380107100,peripheral,0.4571022515948385,53,0.2001779359430605,"Недостаточно признаков специальной роли: 1 отправителей, 0 получателей. Это не отсутствие риска. Выборка неполная."
100000008755168100,peripheral,0.43995901512827496,1,0.052713523131672595,"Недостаточно признаков специальной роли: 1 отправителей, 0 получателей. Это не отсутствие риска. Выборка неполная."
100000002628576100,transit,0.8559551775623462,6,0.931049822064057,"Гипотеза транзита: 2 отправ., 2 получ. Есть совпадение сумм в тот же/следующий день. Выборка неполная."
100000001611488100,terminal,0.9566168948072848,6,0.7513345195729537,"Возможный конечный получатель: вход ≈779,3 тыс. ₸, наблюдаемых выходов 0. Это не полный баланс. Выборка неполная."
100000005375968100,peripheral,0.41837659964544993,0,0.8318505338078291,"Недостаточно признаков специальной роли: 1 отправителей, 2 получателей. Это не отсутствие риска. Выборка неполная."
100000003581109100,peripheral,0.37549564248592143,0,0.4968861209964413,"Недостаточно признаков специальной роли: 1 отправителей, 0 получателей. Это не отсутствие риска. Выборка неполная."
100000002933386100,peripheral,0.8524175872613666,3,0.550711743772242,"Недостаточно признаков специальной роли: 1 отправителей, 1 получателей. Это не отсутствие риска. Выборка неполная."
100000002284426100,terminal,0.9203377678204264,6,0.6806049822064056,"Возможный конечный получатель: вход ≈90,0 тыс. ₸, наблюдаемых выходов 0. Это не полный баланс. Выборка неполная."
100000008579978100,peripheral,0.46856845772210365,6,0.7789145907473309,"Недостаточно признаков специальной роли: 1 отправителей, 1 получателей. Это не отсутствие риска. Выборка неполная."
100000001549194100,peripheral,0.3930443114885027,13,0.23887900355871886,"Недостаточно признаков специальной роли: 1 отправителей, 0 получателей. Это не отсутствие риска. Выборка неполная."
100000001427082100,peripheral,0.4258987752161384,19,0.8429715302491103,"Недостаточно признаков специальной роли: 1 отправителей, 5 получателей. Это не отсутствие риска. Выборка неполная."
100000004657034100,terminal,0.9095339661551557,6,0.6023131672597865,"Возможный конечный получатель: вход ≈141,2 тыс. ₸, наблюдаемых выходов 0. Это не полный баланс. Выборка неполная."
100000003796063100,distributor,0.9687626080691643,6,0.9639679715302492,"Гипотеза распределения: 15 получателей; выход ≈959,1 тыс. ₸. Исходящий объём преобладает. Выборка неполная."
100000005268319100,transit,0.8095609128890473,0,0.8816725978647687,"Гипотеза транзита: 1 отправ., 5 получ. Есть совпадение сумм в тот же/следующий день. Выборка неполная."
100000008744799100,peripheral,0.449537415224147,1,0.028469750889679714,"Недостаточно признаков специальной роли: 1 отправителей, 0 получателей. Это не отсутствие риска. Выборка неполная."
100000008677215100,peripheral,0.4420380794966542,20,0.1846085409252669,"Недостаточно признаков специальной роли: 1 отправителей, 0 получателей. Это не отсутствие риска. Выборка неполная."
100000007593823100,distributor,0.9375090057636888,0,0.9559608540925267,"Гипотеза распределения: 13 получателей; выход ≈162,9 тыс. ₸. Исходящий объём преобладает. Выборка неполная."
100000001282143100,consolidator,0.6982496320267784,11,0.8603202846975089,"Гипотеза сбора: 5 отправителей; вход ≈1,70 млн ₸, выход 0,00 ₸. Входящий объём преобладает. Выборка неполная."
100000008029279100,peripheral,0.4086836329441226,4,0.23087188612099643,"Недостаточно признаков специальной роли: 1 отправителей, 0 получателей. Это не отсутствие риска. Выборка неполная."
100000000594783100,transit,0.7395020297053072,21,0.8162811387900356,"Гипотеза транзита: 1 отправ., 2 получ. Есть совпадение сумм в тот же/следующий день. Выборка неполная."
100000002705460100,terminal,0.8759558441247495,5,0.3572064056939502,"Возможный конечный получатель: вход ≈95,0 тыс. ₸, наблюдаемых выходов 0. Это не полный баланс. Выборка неполная."
100000002952756100,peripheral,0.4052785742601189,8,0.2393238434163701,"Недостаточно признаков специальной роли: 1 отправителей, 0 получателей. Это не отсутствие риска. Выборка неполная."
100000004634420100,peripheral,0.4255179060431318,1,0.09030249110320285,"Недостаточно признаков специальной роли: 1 отправителей, 0 получателей. Это не отсутствие риска. Выборка неполная."
100000000583220100,peripheral,0.5776657060518733,65,0.6952846975088968,"Недостаточно признаков специальной роли: 1 отправителей, 1 получателей. Это не отсутствие риска. Выборка неполная."
100000003286537100,terminal,0.9070459325301952,2,0.5596085409252669,"Возможный конечный получатель: вход ≈153,0 тыс. ₸, наблюдаемых выходов 0. Это не полный баланс. Выборка неполная."
100000002958345100,terminal,0.8924692568851929,11,0.400355871886121,"Возможный конечный получатель: вход ≈307,0 тыс. ₸, наблюдаемых выходов 0. Это не полный баланс. Выборка неполная."
100000005055454100,peripheral,0.4691488281655807,27,0.12055160142348754,"Недостаточно признаков специальной роли: 1 отправителей, 0 получателей. Это не отсутствие риска. Выборка неполная."
100000008738526100,peripheral,0.8600720461095102,18,0.48398576512455516,"Недостаточно признаков специальной роли: 1 отправителей, 1 получателей. Это не отсутствие риска. Выборка неполная."
100000001298099100,peripheral,0.43094223721752856,8,0.09519572953736655,"Недостаточно признаков специальной роли: 1 отправителей, 0 получателей. Это не отсутствие риска. Выборка неполная."
100000006491272100,peripheral,0.4251437797216647,1,0.0927491103202847,"Недостаточно признаков специальной роли: 1 отправителей, 0 получателей. Это не отсутствие риска. Выборка неполная."
100000000552584100,peripheral,0.3295729636351594,21,0.7633451957295374,"Недостаточно признаков специальной роли: 1 отправителей, 1 получателей. Это не отсутствие риска. Выборка неполная."
100000005187208100,peripheral,0.4245718798175284,6,0.15569395017793594,"Недостаточно признаков специальной роли: 1 отправителей, 0 получателей. Это не отсутствие риска. Выборка неполная."
100000003528285100,peripheral,0.3404538904899135,3,0.9452846975088968,"Недостаточно признаков специальной роли: 4 отправителей, 4 получателей. Это не отсутствие риска. Выборка неполная."
100000001484381100,terminal,0.889999296566578,8,0.5289145907473309,"Возможный конечный получатель: вход ≈95,6 тыс. ₸, наблюдаемых выходов 0. Это не полный баланс. Выборка неполная."
100000002508637100,peripheral,0.3458138745326851,4,0.6258896797153025,"Недостаточно признаков специальной роли: 1 отправителей, 1 получателей. Это не отсутствие риска. Выборка неполная."
100000003149149100,terminal,0.9223065622870443,6,0.6454626334519573,"Возможный конечный получатель: вход ≈245,0 тыс. ₸, наблюдаемых выходов 0. Это не полный баланс. Выборка неполная."
100000001538095100,terminal,0.9210220745371217,11,0.7295373665480427,"Возможный конечный получатель: вход ≈280,0 тыс. ₸, наблюдаемых выходов 0. Это не полный баланс. Выборка неполная."
100000008695133100,peripheral,0.4154732283787794,1,0.12722419928825623,"Недостаточно признаков специальной роли: 1 отправителей, 0 получателей. Это не отсутствие риска. Выборка неполная."
100000008749405100,peripheral,0.41490746167079273,1,0.12944839857651247,"Недостаточно признаков специальной роли: 1 отправителей, 0 получателей. Это не отсутствие риска. Выборка неполная."
100000005815602100,peripheral,0.850848805476482,5,0.630338078291815,"Недостаточно признаков специальной роли: 1 отправителей, 1 получателей. Это не отсутствие риска. Выборка неполная."
100000006641671100,transit,0.802514561352407,4,0.5480427046263345,"Гипотеза транзита: 2 отправ., 1 получ. Есть совпадение сумм в тот же/следующий день. Выборка неполная."
100000002945031100,peripheral,0.42026906862526053,12,0.3540925266903915,"Недостаточно признаков специальной роли: 1 отправителей, 0 получателей. Это не отсутствие риска. Выборка неполная."
100000003497735100,terminal,0.8879816098135225,16,0.31583629893238435,"Возможный конечный получатель: вход ≈125,0 тыс. ₸, наблюдаемых выходов 0. Это не полный баланс. Выборка неполная."
100000004644615100,peripheral,0.3956502161383285,8,0.7477758007117438,"Недостаточно признаков специальной роли: 1 отправителей, 2 получателей. Это не отсутствие риска. Выборка неполная."
100000002755292100,terminal,0.9187693575446731,6,0.6325622775800712,"Возможный конечный получатель: вход ≈203,4 тыс. ₸, наблюдаемых выходов 0. Это не полный баланс. Выборка неполная."
100000005142492100,peripheral,0.6859875504710634,7,0.452846975088968,"Недостаточно признаков специальной роли: 1 отправителей, 1 получателей. Это не отсутствие риска. Выборка неполная."
100000002893020100,peripheral,0.43146840611613,8,0.09208185053380782,"Недостаточно признаков специальной роли: 1 отправителей, 0 получателей. Это не отсутствие риска. Выборка неполная."
100000004500444100,transit,0.7985924997065362,13,0.7993772241992882,"Гипотеза транзита: 2 отправ., 1 получ. Есть совпадение сумм в тот же/следующий день. Выборка неполная."
100000008454065100,peripheral,0.4125489968700442,13,0.17793594306049823,"Недостаточно признаков специальной роли: 1 отправителей, 0 получателей. Это не отсутствие риска. Выборка неполная."
100000008416433100,peripheral,0.4189861094970793,13,0.1592526690391459,"Недостаточно признаков специальной роли: 1 отправителей, 0 получателей. Это не отсутствие риска. Выборка неполная."
100000005265073100,peripheral,0.8650255723224709,17,0.4386120996441281,"Недостаточно признаков специальной роли: 1 отправителей, 1 получателей. Это не отсутствие риска. Выборка неполная."
100000006734214100,consolidator,0.9853356234115601,6,0.9701957295373665,"Гипотеза сбора: 5 отправителей; вход ≈610,0 тыс. ₸, выход ≈36,0 тыс. ₸. Входящий объём преобладает. Выборка неполная."
100000002611334100,peripheral,0.4306094225071664,0,0.5849644128113879,"Недостаточно признаков специальной роли: 1 отправителей, 1 получателей. Это не отсутствие риска. Выборка неполная."
100000006225798100,consolidator,0.9757005277724062,15,0.9417259786476868,"Гипотеза сбора: 3 отправителей; вход ≈722,0 тыс. ₸, выход ≈26,3 тыс. ₸. Входящий объём преобладает. Выборка неполная."
100000002849158100,transit,0.8350645694525062,2,0.8629893238434164,"Гипотеза транзита: 3 отправ., 1 получ. Есть совпадение сумм в тот же/следующий день. Выборка неполная."
100000008686214100,peripheral,0.40280060172699167,4,0.3300711743772242,"Недостаточно признаков специальной роли: 1 отправителей, 0 получателей. Это не отсутствие риска. Выборка неполная."
100000004931931100,peripheral,0.8412301677243881,0,0.5751779359430605,"Недостаточно признаков специальной роли: 1 отправителей, 1 получателей. Это не отсутствие риска. Выборка неполная."
100000007510875100,peripheral,0.45924626854138173,2,0.12677935943060498,"Недостаточно признаков специальной роли: 1 отправителей, 0 получателей. Это не отсутствие риска. Выборка неполная."
100000005233755100,transit,0.5552632316359016,15,0.521797153024911,"Гипотеза транзита: 1 отправ., 1 получ. Есть совпадение сумм в тот же/следующий день. Выборка неполная."
100000008042075100,peripheral,0.47079245535034,21,0.13256227758007116,"Недостаточно признаков специальной роли: 1 отправителей, 0 получателей. Это не отсутствие риска. Выборка неполная."
100000001680944100,terminal,0.8954247967099587,18,0.49377224199288255,"Возможный конечный получатель: вход ≈393,0 тыс. ₸, наблюдаемых выходов 0. Это не полный баланс. Выборка неполная."
100000008417029100,terminal,0.8661537294778752,2,0.3180604982206406,"Возможный конечный получатель: вход ≈100,0 тыс. ₸, наблюдаемых выходов 0. Это не полный баланс. Выборка неполная."
100000004975919100,peripheral,0.6655103934690682,4,0.6868327402135231,"Недостаточно признаков специальной роли: 1 отправителей, 2 получателей. Это не отсутствие риска. Выборка неполная."
100000003087877100,terminal,0.8806881082050928,4,0.29092526690391457,"Возможный конечный получатель: вход ≈91,5 тыс. ₸, наблюдаемых выходов 0. Это не полный баланс. Выборка неполная."
100000008295429100,terminal,0.9290636237543435,6,0.6574733096085409,"Возможный конечный получатель: вход ≈352,0 тыс. ₸, наблюдаемых выходов 0. Это не полный баланс. Выборка неполная."
100000003254277100,transit,0.8340513597093647,0,0.7273131672597865,"Гипотеза транзита: 1 отправ., 1 получ. Есть совпадение сумм в тот же/следующий день. Выборка неполная."
100000005314565100,terminal,0.945260392902489,0,0.5738434163701067,"Возможный конечный получатель: вход ≈218,5 тыс. ₸, наблюдаемых выходов 0. Это не полный баланс. Выборка неполная."
100000002951898100,peripheral,0.39758477278301174,13,0.222864768683274,"Недостаточно признаков специальной роли: 1 отправителей, 0 получателей. Это не отсутствие риска. Выборка неполная."
100000001009583100,terminal,0.9309287055809324,6,0.6614768683274022,"Возможный конечный получатель: вход ≈393,7 тыс. ₸, наблюдаемых выходов 0. Это не полный баланс. Выборка неполная."
100000004064431100,peripheral,0.5916872181340275,22,0.20240213523131673,"Недостаточно признаков специальной роли: 1 отправителей, 1 получателей. Это не отсутствие риска. Выборка неполная."
100000001927599100,terminal,0.9058170088658113,8,0.5627224199288257,"Возможный конечный получатель: вход ≈188,0 тыс. ₸, наблюдаемых выходов 0. Это не полный баланс. Выборка неполная."
100000007737775100,peripheral,0.45037884504652004,10,0.16414590747330962,"Недостаточно признаков специальной роли: 1 отправителей, 0 получателей. Это не отсутствие риска. Выборка неполная."
100000003157679100,consolidator,0.6936255326892719,2,0.7313167259786477,"Гипотеза сбора: 4 отправителей; вход ≈541,0 тыс. ₸, выход 0,00 ₸. Входящий объём преобладает. Выборка неполная."
100000001229743100,peripheral,0.863260225656489,0,0.33362989323843417,"Недостаточно признаков специальной роли: 1 отправителей, 1 получателей. Это не отсутствие риска. Выборка неполная."
100000003795588100,terminal,0.9537298239694929,0,0.599644128113879,"Возможный конечный получатель: вход ≈400,0 тыс. ₸, наблюдаемых выходов 0. Это не полный баланс. Выборка неполная."
100000002301828100,peripheral,0.3853731249661675,15,0.2918149466192171,"Недостаточно признаков специальной роли: 1 отправителей, 0 получателей. Это не отсутствие риска. Выборка неполная."
100000005409156100,terminal,0.9379231826800642,6,0.6961743772241993,"Возможный конечный получатель: вход ≈260,1 тыс. ₸, наблюдаемых выходов 0. Это не полный баланс. Выборка неполная."
100000002513028100,peripheral,0.3700864553314121,58,0.8491992882562278,"Недостаточно признаков специальной роли: 1 отправителей, 3 получателей. Это не отсутствие риска. Выборка неполная."
100000003218308100,peripheral,0.4133299353620413,0,0.3567615658362989,"Недостаточно признаков специальной роли: 1 отправителей, 0 получателей. Это не отсутствие риска. Выборка неполная."
100000008489604100,peripheral,0.4519597628556295,1,0.02402135231316726,"Недостаточно признаков специальной роли: 1 отправителей, 0 получателей. Это не отсутствие риска. Выборка неполная."
100000004450649100,peripheral,0.3341448917787959,6,0.9230427046263345,"Недостаточно признаков специальной роли: 2 отправителей, 2 получателей. Это не отсутствие риска. Выборка неполная."
100000008767065100,peripheral,0.44722951729667215,18,0.15035587188612098,"Недостаточно признаков специальной роли: 1 отправителей, 0 получателей. Это не отсутствие риска. Выборка неполная."
100000003035737100,transit,0.7646261693712592,6,0.8954626334519573,"Гипотеза транзита: 2 отправ., 1 получ. Есть совпадение сумм в тот же/следующий день. Выборка неполная."
100000002748761100,terminal,0.9337536683337113,11,0.6089857651245552,"Возможный конечный получатель: вход ≈796,8 тыс. ₸, наблюдаемых выходов 0. Это не полный баланс. Выборка неполная."
100000008432942100,peripheral,0.35345085991886116,0,0.6183274021352313,"Недостаточно признаков специальной роли: 1 отправителей, 0 получателей. Это не отсутствие риска. Выборка неполная."
100000004278574100,peripheral,0.4677740902502777,6,0.699288256227758,"Недостаточно признаков специальной роли: 1 отправителей, 1 получателей. Это не отсутствие риска. Выборка неполная."
100000000926766100,peripheral,0.4647067301963426,23,0.26601423487544484,"Недостаточно признаков специальной роли: 1 отправителей, 1 получателей. Это не отсутствие риска. Выборка неполная."
100000008661550100,peripheral,0.43202263202823243,1,0.07206405693950178,"Недостаточно признаков специальной роли: 1 отправителей, 0 получателей. Это не отсутствие риска. Выборка неполная."
100000000783406100,peripheral,0.46834769495898804,33,0.0449288256227758,"Недостаточно признаков специальной роли: 1 отправителей, 0 получателей. Это не отсутствие риска. Выборка неполная."
100000008730371100,terminal,0.9474500804116048,0,0.697508896797153,"Возможный конечный получатель: вход ≈520,0 тыс. ₸, наблюдаемых выходов 0. Это не полный баланс. Выборка неполная."
100000002878467100,terminal,0.9018607929027638,2,0.49110320284697506,"Возможный конечный получатель: вход ≈200,0 тыс. ₸, наблюдаемых выходов 0. Это не полный баланс. Выборка неполная."
100000003171587100,peripheral,0.3511209215127573,6,0.9248220640569395,"Недостаточно признаков специальной роли: 2 отправителей, 2 получателей. Это не отсутствие риска. Выборка неполная."
100000002696152100,peripheral,0.46250180115273776,10,0.7895907473309609,"Недостаточно признаков специальной роли: 1 отправителей, 2 получателей. Это не отсутствие риска. Выборка неполная."
100000002109656100,terminal,0.9002719699994313,11,0.4332740213523132,"Возможный конечный получатель: вход ≈500,0 тыс. ₸, наблюдаемых выходов 0. Это не полный баланс. Выборка неполная."
100000001317336100,peripheral,0.405668227665706,29,0.8087188612099644,"Недостаточно признаков специальной роли: 1 отправителей, 2 получателей. Это не отсутствие риска. Выборка неполная."
100000005222360100,peripheral,0.4605674953008011,13,0.7522241992882562,"Недостаточно признаков специальной роли: 1 отправителей, 1 получателей. Это не отсутствие риска. Выборка неполная."
100000001445848100,peripheral,0.43331286924770607,33,0.7241992882562278,"Недостаточно признаков специальной роли: 1 отправителей, 1 получателей. Это не отсутствие риска. Выборка неполная."
100000008720856100,peripheral,0.8578552810516773,6,0.49065836298932386,"Недостаточно признаков специальной роли: 1 отправителей, 1 получателей. Это не отсутствие риска. Выборка неполная."
100000002448088100,transit,0.43085588362838934,19,0.7851423487544484,"Гипотеза транзита: 3 отправ., 1 получ. Объёмы близки; быстрое прохождение не подтверждено. Выборка неполная."
100000003109805100,peripheral,0.3918504848489621,15,0.2615658362989324,"Недостаточно признаков специальной роли: 1 отправителей, 0 получателей. Это не отсутствие риска. Выборка неполная."
100000008223661100,peripheral,0.3906898414985591,2,0.9217081850533808,"Недостаточно признаков специальной роли: 2 отправителей, 5 получателей. Это не отсутствие риска. Выборка неполная."
100000004096559100,peripheral,0.43233097259751263,7,0.3331850533807829,"Недостаточно признаков специальной роли: 1 отправителей, 0 получателей. Это не отсутствие риска. Выборка неполная."
100000002257794100,terminal,0.8506540605920705,22,0.39813167259786475,"Возможный конечный получатель: вход ≈154,0 тыс. ₸, наблюдаемых выходов 0. Это не полный баланс. Выборка неполная."
100000003112578100,terminal,0.8684801083417183,11,0.3069395017793594,"Возможный конечный получатель: вход ≈101,1 тыс. ₸, наблюдаемых выходов 0. Это не полный баланс. Выборка неполная."
100000007020162100,terminal,0.8748877663403416,13,0.25444839857651247,"Возможный конечный получатель: вход ≈86,4 тыс. ₸, наблюдаемых выходов 0. Это не полный баланс. Выборка неполная."
100000001934935100,terminal,0.9033490787132763,0,0.5231316725978647,"Возможный конечный получатель: вход ≈118,9 тыс. ₸, наблюдаемых выходов 0. Это не полный баланс. Выборка неполная."
100000002663511100,terminal,0.9177205746847341,0,0.4648576512455516,"Возможный конечный получатель: вход ≈268,9 тыс. ₸, наблюдаемых выходов 0. Это не полный баланс. Выборка неполная."
100000003338583100,peripheral,0.43930786790662,22,0.03603202846975089,"Недостаточно признаков специальной роли: 1 отправителей, 0 получателей. Это не отсутствие риска. Выборка неполная."
100000002904919100,peripheral,0.3809559546240336,0,0.652135231316726,"Недостаточно признаков специальной роли: 1 отправителей, 1 получателей. Это не отсутствие риска. Выборка неполная."
100000005127767100,peripheral,0.4787728317529571,36,0.11343416370106761,"Недостаточно признаков специальной роли: 1 отправителей, 0 получателей. Это не отсутствие риска. Выборка неполная."
100000004066647100,terminal,0.8658416747752915,16,0.23576512455516013,"Возможный конечный получатель: вход ≈51,0 тыс. ₸, наблюдаемых выходов 0. Это не полный баланс. Выборка неполная."
100000002394199100,transit,0.615734046371945,7,0.7197508896797153,"Гипотеза транзита: 1 отправ., 1 получ. Есть совпадение сумм в тот же/следующий день. Выборка неполная."
100000003968044100,peripheral,0.4057817002881845,4,0.8456405693950177,"Недостаточно признаков специальной роли: 1 отправителей, 3 получателей. Это не отсутствие риска. Выборка неполная."
100000001808684100,peripheral,0.4669161391849058,7,0.6227758007117438,"Недостаточно признаков специальной роли: 1 отправителей, 1 получателей. Это не отсутствие риска. Выборка неполная."
100000008097580100,peripheral,0.35333578875793287,4,0.6694839857651246,"Недостаточно признаков специальной роли: 2 отправителей, 0 получателей. Это не отсутствие риска. Выборка неполная."
100000008687617100,peripheral,0.3914849908580384,1,0.27268683274021355,"Недостаточно признаков специальной роли: 1 отправителей, 0 получателей. Это не отсутствие риска. Выборка неполная."
100000005667841100,terminal,0.9082210161987447,2,0.5351423487544484,"Возможный конечный получатель: вход ≈186,0 тыс. ₸, наблюдаемых выходов 0. Это не полный баланс. Выборка неполная."
100000001329153100,terminal,0.9083912545712614,0,0.5360320284697508,"Возможный конечный получатель: вход ≈150,7 тыс. ₸, наблюдаемых выходов 0. Это не полный баланс. Выборка неполная."
100000007689942100,peripheral,0.6108267291066283,16,0.6245551601423488,"Недостаточно признаков специальной роли: 1 отправителей, 2 получателей. Это не отсутствие риска. Выборка неполная."
100000006476758100,peripheral,0.4533093453143221,10,0.2491103202846975,"Недостаточно признаков специальной роли: 1 отправителей, 0 получателей. Это не отсутствие риска. Выборка неполная."
100000002184107100,peripheral,0.4683578700845408,33,0.04448398576512456,"Недостаточно признаков специальной роли: 1 отправителей, 0 получателей. Это не отсутствие риска. Выборка неполная."
100000008663723100,peripheral,0.4442595629613092,1,0.03692170818505338,"Недостаточно признаков специальной роли: 1 отправителей, 0 получателей. Это не отсутствие риска. Выборка неполная."
100000000254336100,transit,0.8153182366112568,0,0.771797153024911,"Гипотеза транзита: 2 отправ., 1 получ. Есть совпадение сумм в тот же/следующий день. Выборка неполная."
100000008750464100,peripheral,0.457921569447547,1,0.019572953736654804,"Недостаточно признаков специальной роли: 1 отправителей, 0 получателей. Это не отсутствие риска. Выборка неполная."
100000001530709100,terminal,0.883813420119138,0,0.4755338078291815,"Возможный конечный получатель: вход ≈54,0 тыс. ₸, наблюдаемых выходов 0. Это не полный баланс. Выборка неполная."
100000000656682100,peripheral,0.6573706163760237,0,0.7860320284697508,"Недостаточно признаков специальной роли: 1 отправителей, 2 получателей. Это не отсутствие риска. Выборка неполная."
100000008755754100,peripheral,0.4818495015813245,11,0.09653024911032028,"Недостаточно признаков специальной роли: 1 отправителей, 0 получателей. Это не отсутствие риска. Выборка неполная."
100000002691583100,terminal,0.8772420428129555,24,0.34119217081850534,"Возможный конечный получатель: вход ≈285,2 тыс. ₸, наблюдаемых выходов 0. Это не полный баланс. Выборка неполная."
100000005241556100,terminal,0.8404951314910813,4,0.3251779359430605,"Возможный конечный получатель: вход ≈100,0 тыс. ₸, наблюдаемых выходов 0. Это не полный баланс. Выборка неполная."
100000004713684100,peripheral,0.37865928267840887,0,0.48576512455516013,"Недостаточно признаков специальной роли: 1 отправителей, 0 получателей. Это не отсутствие риска. Выборка неполная."
100000006919124100,peripheral,0.39102757075986305,0,0.4412811387900356,"Недостаточно признаков специальной роли: 1 отправителей, 0 получателей. Это не отсутствие риска. Выборка неполная."
100000003006633100,peripheral,0.46182654544167906,33,0.059608540925266906,"Недостаточно признаков специальной роли: 1 отправителей, 0 получателей. Это не отсутствие риска. Выборка неполная."
100000008306857100,terminal,0.872522051255878,11,0.320729537366548,"Возможный конечный получатель: вход ≈125,0 тыс. ₸, наблюдаемых выходов 0. Это не полный баланс. Выборка неполная."
100000003671721100,peripheral,0.5610331066015003,8,0.12188612099644128,"Недостаточно признаков специальной роли: 1 отправителей, 0 получателей. Это не отсутствие риска. Выборка неполная."
100000002613929100,peripheral,0.4461388408530993,2,0.25934163701067614,"Недостаточно признаков специальной роли: 1 отправителей, 0 получателей. Это не отсутствие риска. Выборка неполная."
100000008669310100,terminal,0.9076662754316621,0,0.5885231316725978,"Возможный конечный получатель: вход ≈59,6 тыс. ₸, наблюдаемых выходов 0. Это не полный баланс. Выборка неполная."
100000006573438100,peripheral,0.4445891472669551,40,0.08807829181494661,"Недостаточно признаков специальной роли: 1 отправителей, 0 получателей. Это не отсутствие риска. Выборка неполная."
100000006165886100,transit,0.7759046091614799,0,0.7322064056939501,"Гипотеза транзита: 2 отправ., 1 получ. Есть совпадение сумм в тот же/следующий день. Выборка неполная."
100000008491390100,peripheral,0.37966658712533335,0,0.4844306049822064,"Недостаточно признаков специальной роли: 1 отправителей, 0 получателей. Это не отсутствие риска. Выборка неполная."
100000005186131100,transit,0.8417397743435111,0,0.6445729537366548,"Гипотеза транзита: 1 отправ., 1 получ. Есть совпадение сумм в тот же/следующий день. Выборка неполная."
100000001550419100,peripheral,0.41481191539344187,13,0.17126334519572953,"Недостаточно признаков специальной роли: 1 отправителей, 0 получателей. Это не отсутствие риска. Выборка неполная."
100000004979283100,peripheral,0.4067490342177942,8,0.17037366548042704,"Недостаточно признаков специальной роли: 1 отправителей, 0 получателей. Это не отсутствие риска. Выборка неполная."
100000002537811100,peripheral,0.46755248893987017,10,0.7615658362989324,"Недостаточно признаков специальной роли: 1 отправителей, 1 получателей. Это не отсутствие риска. Выборка неполная."
100000002990675100,terminal,0.884316060030343,6,0.5427046263345195,"Возможный конечный получатель: вход ≈51,1 тыс. ₸, наблюдаемых выходов 0. Это не полный баланс. Выборка неполная."
100000008763688100,peripheral,0.4334654511071252,1,0.0693950177935943,"Недостаточно признаков специальной роли: 1 отправителей, 0 получателей. Это не отсутствие риска. Выборка неполная."
100000002809896100,peripheral,0.40854649554247224,8,0.16548042704626334,"Недостаточно признаков специальной роли: 1 отправителей, 0 получателей. Это не отсутствие риска. Выборка неполная."
100000008716072100,peripheral,0.4505319986396694,1,0.025800711743772242,"Недостаточно признаков специальной роли: 1 отправителей, 0 получателей. Это не отсутствие риска. Выборка неполная."
100000001279272100,peripheral,0.4197859550088706,0,0.8589857651245552,"Недостаточно признаков специальной роли: 1 отправителей, 2 получателей. Это не отсутствие риска. Выборка неполная."
100000001714173100,terminal,0.9271190555085441,18,0.7037366548042705,"Возможный конечный получатель: вход ≈638,9 тыс. ₸, наблюдаемых выходов 0. Это не полный баланс. Выборка неполная."
100000008729597100,terminal,0.8895126769130195,4,0.3625444839857651,"Возможный конечный получатель: вход ≈83,1 тыс. ₸, наблюдаемых выходов 0. Это не полный баланс. Выборка неполная."
100000002255058100,terminal,0.9269438668311556,3,0.5467081850533808,"Возможный конечный получатель: вход ≈491,5 тыс. ₸, наблюдаемых выходов 0. Это не полный баланс. Выборка неполная."
100000006111442100,terminal,0.8594586179793557,2,0.19217081850533807,"Возможный конечный получатель: вход ≈64,0 тыс. ₸, наблюдаемых выходов 0. Это не полный баланс. Выборка неполная."
100000008686247100,peripheral,0.4565441136777147,21,0.4790925266903915,"Недостаточно признаков специальной роли: 1 отправителей, 1 получателей. Это не отсутствие риска. Выборка неполная."
100000001893287100,peripheral,0.3875172750296618,7,0.6650355871886121,"Недостаточно признаков специальной роли: 1 отправителей, 1 получателей. Это не отсутствие риска. Выборка неполная."
100000005172860100,peripheral,0.41532173787954996,0,0.20329181494661921,"Недостаточно признаков специальной роли: 1 отправителей, 0 получателей. Это не отсутствие риска. Выборка неполная."
100000001788284100,transit,0.797988865386613,23,0.8118327402135231,"Гипотеза транзита: 1 отправ., 5 получ. Есть совпадение сумм в тот же/следующий день. Выборка неполная."
100000008755580100,peripheral,0.4431980102458002,1,0.04092526690391459,"Недостаточно признаков специальной роли: 1 отправителей, 0 получателей. Это не отсутствие риска. Выборка неполная."
100000003896956100,transit,0.5707748142996913,5,0.6045373665480427,"Гипотеза транзита: 1 отправ., 1 получ. Есть совпадение сумм в тот же/следующий день. Выборка неполная."
100000002475601100,terminal,0.9024487174167688,4,0.3790035587188612,"Возможный конечный получатель: вход ≈232,3 тыс. ₸, наблюдаемых выходов 0. Это не полный баланс. Выборка неполная."
100000008619857100,peripheral,0.4568104746210186,0,0.6717081850533808,"Недостаточно признаков специальной роли: 1 отправителей, 2 получателей. Это не отсутствие риска. Выборка неполная."
100000001373265100,peripheral,0.35249086538973246,4,0.6948398576512456,"Недостаточно признаков специальной роли: 1 отправителей, 1 получателей. Это не отсутствие риска. Выборка неполная."
100000004185681100,peripheral,0.49043710594769974,3,0.13923487544483987,"Недостаточно признаков специальной роли: 1 отправителей, 0 получателей. Это не отсутствие риска. Выборка неполная."
100000003031633100,terminal,0.9302448887548442,2,0.5658362989323843,"Возможный конечный получатель: вход ≈414,0 тыс. ₸, наблюдаемых выходов 0. Это не полный баланс. Выборка неполная."
100000002632742100,terminal,0.9056035953664534,2,0.7219750889679716,"Возможный конечный получатель: вход ≈235,5 тыс. ₸, наблюдаемых выходов 0. Это не полный баланс. Выборка неполная."
100000005847078100,peripheral,0.4428236106677091,1,0.042704626334519574,"Недостаточно признаков специальной роли: 1 отправителей, 0 получателей. Это не отсутствие риска. Выборка неполная."
100000002807334100,terminal,0.8860938320623891,6,0.5475978647686833,"Возможный конечный получатель: вход ≈54,7 тыс. ₸, наблюдаемых выходов 0. Это не полный баланс. Выборка неполная."
100000008748795100,peripheral,0.3722774790792134,0,0.5044483985765125,"Недостаточно признаков специальной роли: 1 отправителей, 0 получателей. Это не отсутствие риска. Выборка неполная."
100000003899899100,transit,0.7788823942274558,5,0.7949288256227758,"Гипотеза транзита: 2 отправ., 1 получ. Есть совпадение сумм в тот же/следующий день. Выборка неполная."
100000002308091100,terminal,0.8573609968935656,11,0.3856761565836299,"Возможный конечный получатель: вход ≈186,7 тыс. ₸, наблюдаемых выходов 0. Это не полный баланс. Выборка неполная."
100000008680912100,transit,0.5780385185110626,30,0.547153024911032,"Гипотеза транзита: 1 отправ., 1 получ. Есть совпадение сумм в тот же/следующий день. Выборка неполная."
100000008742053100,distributor,0.9505583573487031,11,0.9065836298932385,"Гипотеза распределения: 12 получателей; выход ≈2,79 млн ₸. Исходящий объём преобладает. Выборка неполная."
100000008473765100,peripheral,0.3890896721253533,4,0.3064946619217082,"Недостаточно признаков специальной роли: 1 отправителей, 0 получателей. Это не отсутствие риска. Выборка неполная."
100000007472293100,peripheral,0.3932997118155619,46,0.8216192170818505,"Недостаточно признаков специальной роли: 1 отправителей, 3 получателей. Это не отсутствие риска. Выборка неполная."
100000008753061100,peripheral,0.40335473043678577,1,0.2277580071174377,"Недостаточно признаков специальной роли: 1 отправителей, 0 получателей. Это не отсутствие риска. Выборка неполная."
100000008501413100,peripheral,0.8280905652996992,10,0.4902135231316726,"Недостаточно признаков специальной роли: 1 отправителей, 1 получателей. Это не отсутствие риска. Выборка неполная."
100000002748581100,peripheral,0.3960905247264418,13,0.226423487544484,"Недостаточно признаков специальной роли: 1 отправителей, 0 получателей. Это не отсутствие риска. Выборка неполная."
100000001384826100,peripheral,0.32473418956668093,6,0.8069395017793595,"Недостаточно признаков специальной роли: 1 отправителей, 1 получателей. Это не отсутствие риска. Выборка неполная."
100000004099450100,peripheral,0.3974405457503718,0,0.23754448398576514,"Недостаточно признаков специальной роли: 1 отправителей, 0 получателей. Это не отсутствие риска. Выборка неполная."
100000002926970100,terminal,0.8638279293779991,8,0.2090747330960854,"Возможный конечный получатель: вход ≈85,0 тыс. ₸, наблюдаемых выходов 0. Это не полный баланс. Выборка неполная."
100000002753146100,terminal,0.9341156443304964,11,0.6107651245551602,"Возможный конечный получатель: вход ≈803,5 тыс. ₸, наблюдаемых выходов 0. Это не полный баланс. Выборка неполная."
100000003943247100,peripheral,0.37715356618357254,0,0.4915480427046263,"Недостаточно признаков специальной роли: 1 отправителей, 0 получателей. Это не отсутствие риска. Выборка неполная."
100000002872399100,terminal,0.920223882308838,7,0.6565836298932385,"Возможный конечный получатель: вход ≈1,09 млн ₸, наблюдаемых выходов 0. Это не полный баланс. Выборка неполная."
100000008417359100,peripheral,0.4535212536023055,15,0.6205516014234875,"Недостаточно признаков специальной роли: 1 отправителей, 2 получателей. Это не отсутствие риска. Выборка неполная."
100000002614095100,peripheral,0.4630505575225906,1,0.012900355871886121,"Недостаточно признаков специальной роли: 1 отправителей, 0 получателей. Это не отсутствие риска. Выборка неполная."
100000004717647100,peripheral,0.31991534582132564,43,0.9150355871886121,"Недостаточно признаков специальной роли: 1 отправителей, 5 получателей. Это не отсутствие риска. Выборка неполная."
100000008537380100,peripheral,0.4585902762618913,1,0.017793594306049824,"Недостаточно признаков специальной роли: 1 отправителей, 0 получателей. Это не отсутствие риска. Выборка неполная."
100000001534244100,peripheral,0.34342108147674744,2,0.7846975088967971,"Недостаточно признаков специальной роли: 2 отправителей, 1 получателей. Это не отсутствие риска. Выборка неполная."
100000008767950100,peripheral,0.4407896629932873,1,0.04893238434163701,"Недостаточно признаков специальной роли: 1 отправителей, 0 получателей. Это не отсутствие риска. Выборка неполная."
100000004613582100,peripheral,0.8849063400576369,7,0.13656583629893237,"Недостаточно признаков специальной роли: 1 отправителей, 1 получателей. Это не отсутствие риска. Выборка неполная."
100000008121806100,transit,0.8770875994607231,4,0.9114768683274022,"Гипотеза транзита: 1 отправ., 4 получ. Есть совпадение сумм в тот же/следующий день. Выборка неполная."
100000002369443100,terminal,0.8447153447073199,1,0.1338967971530249,"Возможный конечный получатель: вход ≈50,0 тыс. ₸, наблюдаемых выходов 0. Это не полный баланс. Выборка неполная."
100000008655779100,peripheral,0.6504256548043293,26,0.6423487544483986,"Недостаточно признаков специальной роли: 1 отправителей, 2 получателей. Это не отсутствие риска. Выборка неполная."
100000008561016100,transit,0.8976634448299725,2,0.7802491103202847,"Гипотеза транзита: 1 отправ., 1 получ. Есть совпадение сумм в тот же/следующий день. Выборка неполная."
100000002727288100,peripheral,0.45610712990453994,14,0.22998220640569395,"Недостаточно признаков специальной роли: 1 отправителей, 0 получателей. Это не отсутствие риска. Выборка неполная."
100000001270349100,terminal,0.8823535461145902,25,0.3185053380782918,"Возможный конечный получатель: вход ≈200,0 тыс. ₸, наблюдаемых выходов 0. Это не полный баланс. Выборка неполная."
100000004722765100,peripheral,0.39890850144092216,45,0.8754448398576512,"Недостаточно признаков специальной роли: 1 отправителей, 3 получателей. Это не отсутствие риска. Выборка неполная."
100000001677389100,peripheral,0.7020527071350262,15,0.3403024911032028,"Недостаточно признаков специальной роли: 1 отправителей, 1 получателей. Это не отсутствие риска. Выборка неполная."
100000005857058100,consolidator,0.6903736808271095,0,0.7686832740213523,"Гипотеза сбора: 3 отправителей; вход ≈80,2 тыс. ₸, выход 0,00 ₸. Входящий объём преобладает. Выборка неполная."
100000008760098100,peripheral,0.7489121037463976,18,0.5213523131672598,"Недостаточно признаков специальной роли: 1 отправителей, 1 получателей. Это не отсутствие риска. Выборка неполная."
100000002838519100,peripheral,0.39267665019237874,13,0.23976868327402134,"Недостаточно признаков специальной роли: 1 отправителей, 0 получателей. Это не отсутствие риска. Выборка неполная."
100000002597623100,peripheral,0.40517030589776837,0,0.3896797153024911,"Недостаточно признаков специальной роли: 1 отправителей, 0 получателей. Это не отсутствие риска. Выборка неполная."
100000003635660100,peripheral,0.4056724057722568,0,0.37277580071174377,"Недостаточно признаков специальной роли: 1 отправителей, 0 получателей. Это не отсутствие риска. Выборка неполная."
100000008676812100,terminal,0.8645115656085763,16,0.3678825622775801,"Возможный конечный получатель: вход ≈230,8 тыс. ₸, наблюдаемых выходов 0. Это не полный баланс. Выборка неполная."
100000003213473100,distributor,0.9250108069164266,0,0.9421708185053381,"Гипотеза распределения: 11 получателей; выход ≈240,0 тыс. ₸. Исходящий объём преобладает. Выборка неполная."
100000003071649100,terminal,0.8900845199373341,2,0.3056049822064057,"Возможный конечный получатель: вход ≈189,5 тыс. ₸, наблюдаемых выходов 0. Это не полный баланс. Выборка неполная."
100000002433697100,transit,0.8099929298165958,6,0.7962633451957295,"Гипотеза транзита: 1 отправ., 1 получ. Есть совпадение сумм в тот же/следующий день. Выборка неполная."
100000008612257100,peripheral,0.42883841170076104,15,0.15791814946619218,"Недостаточно признаков специальной роли: 1 отправителей, 0 получателей. Это не отсутствие риска. Выборка неполная."
100000002736033100,peripheral,0.45071583549467503,15,0.5013345195729537,"Недостаточно признаков специальной роли: 1 отправителей, 1 получателей. Это не отсутствие риска. Выборка неполная."
100000008687990100,peripheral,0.4401163447008868,1,0.051601423487544484,"Недостаточно признаков специальной роли: 1 отправителей, 0 получателей. Это не отсутствие риска. Выборка неполная."
100000008776310100,peripheral,0.437566880837999,1,0.05782918149466192,"Недостаточно признаков специальной роли: 1 отправителей, 0 получателей. Это не отсутствие риска. Выборка неполная."
100000007267915100,peripheral,0.399813738505375,15,0.6863879003558719,"Недостаточно признаков специальной роли: 2 отправителей, 1 получателей. Это не отсутствие риска. Выборка неполная."
100000004217419100,transit,0.7764473412171958,4,0.8287366548042705,"Гипотеза транзита: 2 отправ., 1 получ. Есть совпадение сумм в тот же/следующий день. Выборка неполная."
100000002773323100,peripheral,0.4277000226654578,2,0.777135231316726,"Недостаточно признаков специальной роли: 2 отправителей, 1 получателей. Это не отсутствие риска. Выборка неполная."
100000002528544100,terminal,0.898213010996306,4,0.36476868327402134,"Возможный конечный получатель: вход ≈192,9 тыс. ₸, наблюдаемых выходов 0. Это не полный баланс. Выборка неполная."
100000003760160100,terminal,0.9029620356723745,6,0.5876334519572953,"Возможный конечный получатель: вход ≈104,5 тыс. ₸, наблюдаемых выходов 0. Это не полный баланс. Выборка неполная."
100000000640800100,peripheral,0.3630511527377522,4,0.8798932384341637,"Недостаточно признаков специальной роли: 1 отправителей, 4 получателей. Это не отсутствие риска. Выборка неполная."
100000008238112100,terminal,0.9162814545533248,6,0.6263345195729537,"Возможный конечный получатель: вход ≈190,0 тыс. ₸, наблюдаемых выходов 0. Это не полный баланс. Выборка неполная."
100000008751349100,peripheral,0.45707800158515655,24,0.06672597864768683,"Недостаточно признаков специальной роли: 1 отправителей, 0 получателей. Это не отсутствие риска. Выборка неполная."
100000002963189100,peripheral,0.30440201729106625,13,0.9074733096085409,"Недостаточно признаков специальной роли: 1 отправителей, 7 получателей. Это не отсутствие риска. Выборка неполная."
100000008548853100,peripheral,0.4478247499726671,1,0.03069395017793594,"Недостаточно признаков специальной роли: 1 отправителей, 0 получателей. Это не отсутствие риска. Выборка неполная."
100000003164661100,terminal,0.898004707883679,27,0.5983096085409253,"Возможный конечный получатель: вход ≈596,2 тыс. ₸, наблюдаемых выходов 0. Это не полный баланс. Выборка неполная."
100000000791285100,transit,0.8375648896479169,24,0.87855871886121,"Гипотеза транзита: 1 отправ., 3 получ. Есть совпадение сумм в тот же/следующий день. Выборка неполная."
100000003192309100,peripheral,0.8520317002881843,1,0.29225978647686834,"Недостаточно признаков специальной роли: 1 отправителей, 1 получателей. Это не отсутствие риска. Выборка неполная."
100000002891765100,terminal,0.8646953507227126,13,0.2237544483985765,"Возможный конечный получатель: вход ≈55,6 тыс. ₸, наблюдаемых выходов 0. Это не полный баланс. Выборка неполная."
100000001740277100,peripheral,0.8640407200558076,7,0.20151245551601424,"Недостаточно признаков специальной роли: 1 отправителей, 1 получателей. Это не отсутствие риска. Выборка неполная."
100000002232266100,peripheral,0.3782562175645082,4,0.35631672597864766,"Недостаточно признаков специальной роли: 1 отправителей, 0 получателей. Это не отсутствие риска. Выборка неполная."
100000006701983100,peripheral,0.4241025095118427,1,0.10008896797153025,"Недостаточно признаков специальной роли: 1 отправителей, 0 получателей. Это не отсутствие риска. Выборка неполная."
100000002871199100,peripheral,0.41469068873535986,13,0.17215302491103202,"Недостаточно признаков специальной роли: 1 отправителей, 0 получателей. Это не отсутствие риска. Выборка неполная."
100000002757791100,terminal,0.8580764199989955,25,0.2166370106761566,"Возможный конечный получатель: вход ≈73,0 тыс. ₸, наблюдаемых выходов 0. Это не полный баланс. Выборка неполная."
100000000572276100,peripheral,0.8878110834088848,1,0.1659252669039146,"Недостаточно признаков специальной роли: 1 отправителей, 1 получателей. Это не отсутствие риска. Выборка неполная."
100000001853812100,terminal,0.8853270047684119,4,0.34786476868327404,"Возможный конечный получатель: вход ≈70,0 тыс. ₸, наблюдаемых выходов 0. Это не полный баланс. Выборка неполная."
100000004726132100,peripheral,0.3388207076560757,0,0.7370996441281139,"Недостаточно признаков специальной роли: 1 отправителей, 1 получателей. Это не отсутствие риска. Выборка неполная."
100000001785161100,peripheral,0.36887975974614684,28,0.3701067615658363,"Недостаточно признаков специальной роли: 2 отправителей, 0 получателей. Это не отсутствие риска. Выборка неполная."
100000002612809100,peripheral,0.4126873198847262,35,0.7749110320284698,"Недостаточно признаков специальной роли: 1 отправителей, 3 получателей. Это не отсутствие риска. Выборка неполная."
100000008769097100,peripheral,0.41912864405043887,1,0.11565836298932385,"Недостаточно признаков специальной роли: 1 отправителей, 0 получателей. Это не отсутствие риска. Выборка неполная."
100000004488265100,peripheral,0.38233057411933874,4,0.3371886120996441,"Недостаточно признаков специальной роли: 1 отправителей, 0 получателей. Это не отсутствие риска. Выборка неполная."
100000002509598100,terminal,0.8922566113804373,11,0.3994661921708185,"Возможный конечный получатель: вход ≈305,6 тыс. ₸, наблюдаемых выходов 0. Это не полный баланс. Выборка неполная."
100000008706846100,peripheral,0.4472670118084364,1,0.032473309608540925,"Недостаточно признаков специальной роли: 1 отправителей, 0 получателей. Это не отсутствие риска. Выборка неполная."
100000001280798100,peripheral,0.4232553720483732,8,0.11877224199288257,"Недостаточно признаков специальной роли: 1 отправителей, 0 получателей. Это не отсутствие риска. Выборка неполная."
100000006664478100,transit,0.6012843063820015,25,0.7259786476868327,"Гипотеза транзита: 1 отправ., 2 получ. Объёмы близки; быстрое прохождение не подтверждено. Выборка неполная."
100000003781406100,peripheral,0.4050402846135286,9,0.5733985765124555,"Недостаточно признаков специальной роли: 1 отправителей, 0 получателей. Это не отсутствие риска. Выборка неполная."
100000008708595100,peripheral,0.44127134670782553,1,0.04693060498220641,"Недостаточно признаков специальной роли: 1 отправителей, 0 получателей. Это не отсутствие риска. Выборка неполная."
100000004611571100,peripheral,0.39540118237678495,0,0.4234875444839858,"Недостаточно признаков специальной роли: 1 отправителей, 0 получателей. Это не отсутствие риска. Выборка неполная."
100000008576243100,terminal,0.9038039782212657,0,0.722864768683274,"Возможный конечный получатель: вход ≈82,9 тыс. ₸, наблюдаемых выходов 0. Это не полный баланс. Выборка неполная."
100000008662216100,peripheral,0.4251437797216647,1,0.0927491103202847,"Недостаточно признаков специальной роли: 1 отправителей, 0 получателей. Это не отсутствие риска. Выборка неполная."
100000002681544100,terminal,0.9286086798415222,7,0.6783807829181495,"Возможный конечный получатель: вход ≈166,1 тыс. ₸, наблюдаемых выходов 0. Это не полный баланс. Выборка неполная."
100000007864477100,transit,0.827806336315549,0,0.8985765124555161,"Гипотеза транзита: 2 отправ., 6 получ. Есть совпадение сумм в тот же/следующий день. Выборка неполная."
100000004746397100,peripheral,0.3353643073574823,6,0.8509786476868327,"Недостаточно признаков специальной роли: 1 отправителей, 1 получателей. Это не отсутствие риска. Выборка неполная."
100000003814002100,peripheral,0.3826741765541821,6,0.5391459074733096,"Недостаточно признаков специальной роли: 1 отправителей, 0 получателей. Это не отсутствие риска. Выборка неполная."
100000003962994100,peripheral,0.469949017836227,36,0.125,"Недостаточно признаков специальной роли: 1 отправителей, 0 получателей. Это не отсутствие риска. Выборка неполная."
100000003366471100,transit,0.7735352928090538,4,0.9016903914590747,"Гипотеза транзита: 2 отправ., 1 получ. Есть совпадение сумм в тот же/следующий день. Выборка неполная."
100000003561031100,peripheral,0.47383733739972583,4,0.49555160142348753,"Недостаточно признаков специальной роли: 1 отправителей, 1 получателей. Это не отсутствие риска. Выборка неполная."
100000001690439100,peripheral,0.42511070178282956,6,0.18104982206405695,"Недостаточно признаков специальной роли: 1 отправителей, 0 получателей. Это не отсутствие риска. Выборка неполная."
100000002954780100,terminal,0.8820305995013096,2,0.27001779359430605,"Возможный конечный получатель: вход ≈133,4 тыс. ₸, наблюдаемых выходов 0. Это не полный баланс. Выборка неполная."
100000008720668100,peripheral,0.44327682330496226,1,0.04048042704626335,"Недостаточно признаков специальной роли: 1 отправителей, 0 получателей. Это не отсутствие риска. Выборка неполная."
100000002459164100,peripheral,0.4588623905602083,0,0.1952846975088968,"Недостаточно признаков специальной роли: 1 отправителей, 0 получателей. Это не отсутствие риска. Выборка неполная."
100000005082652100,peripheral,0.418973063171557,7,0.21619217081850534,"Недостаточно признаков специальной роли: 1 отправителей, 0 получателей. Это не отсутствие риска. Выборка неполная."
100000005041905100,peripheral,0.4640742074927954,1,0.516459074733096,"Недостаточно признаков специальной роли: 1 отправителей, 1 получателей. Это не отсутствие риска. Выборка неполная."
100000008653041100,peripheral,0.4232787134619276,1,0.10320284697508897,"Недостаточно признаков специальной роли: 1 отправителей, 0 получателей. Это не отсутствие риска. Выборка неполная."
100000008722417100,peripheral,0.41495677233429396,6,0.9141459074733096,"Недостаточно признаков специальной роли: 1 отправителей, 3 получателей. Это не отсутствие риска. Выборка неполная."
100000008625905100,peripheral,0.4285896974063401,56,0.8620996441281139,"Недостаточно признаков специальной роли: 1 отправителей, 2 получателей. Это не отсутствие риска. Выборка неполная."
100000007487729100,peripheral,0.40515859249165975,0,0.2148576512455516,"Недостаточно признаков специальной роли: 1 отправителей, 0 получателей. Это не отсутствие риска. Выборка неполная."
100000000838385100,peripheral,0.42038196490775037,26,0.8305160142348754,"Недостаточно признаков специальной роли: 1 отправителей, 2 получателей. Это не отсутствие риска. Выборка неполная."
100000004750321100,terminal,0.8804850749625688,8,0.5564946619217082,"Возможный конечный получатель: вход ≈50,2 тыс. ₸, наблюдаемых выходов 0. Это не полный баланс. Выборка неполная."
100000008664774100,peripheral,0.4430309497812057,1,0.04225978647686833,"Недостаточно признаков специальной роли: 1 отправителей, 0 получателей. Это не отсутствие риска. Выборка неполная."
100000006274203100,peripheral,0.2725,16,0.9190391459074733,"Недостаточно признаков специальной роли: 2 отправителей, 3 получателей. Это не отсутствие риска. Выборка неполная."
100000002185328100,peripheral,0.4549315561959655,19,0.766459074733096,"Недостаточно признаков специальной роли: 1 отправителей, 4 получателей. Это не отсутствие риска. Выборка неполная."
100000008254576100,peripheral,0.8769632564841499,33,0.3945729537366548,"Недостаточно признаков специальной роли: 1 отправителей, 1 получателей. Это не отсутствие риска. Выборка неполная."
100000001689968100,consolidator,0.6942296083650443,6,0.8309608540925267,"Гипотеза сбора: 3 отправителей; вход ≈344,3 тыс. ₸, выход 0,00 ₸. Входящий объём преобладает. Выборка неполная."
100000002236528100,terminal,0.8720724031896676,7,0.25355871886120995,"Возможный конечный получатель: вход ≈66,0 тыс. ₸, наблюдаемых выходов 0. Это не полный баланс. Выборка неполная."
100000002670960100,terminal,0.8991622768668353,11,0.429270462633452,"Возможный конечный получатель: вход ≈480,3 тыс. ₸, наблюдаемых выходов 0. Это не полный баланс. Выборка неполная."
100000003557488100,transit,0.7792648788401443,29,0.8202846975088968,"Гипотеза транзита: 1 отправ., 2 получ. Есть совпадение сумм в тот же/следующий день. Выборка неполная."
100000003888197100,terminal,0.8958462968818982,6,0.5671708185053381,"Возможный конечный получатель: вход ≈83,2 тыс. ₸, наблюдаемых выходов 0. Это не полный баланс. Выборка неполная."
100000002799941100,terminal,0.9179067496924636,16,0.43816725978647686,"Возможный конечный получатель: вход ≈600,0 тыс. ₸, наблюдаемых выходов 0. Это не полный баланс. Выборка неполная."
100000001632325100,terminal,0.8856269785337734,1,0.34430604982206403,"Возможный конечный получатель: вход ≈85,6 тыс. ₸, наблюдаемых выходов 0. Это не полный баланс. Выборка неполная."
100000008620570100,peripheral,0.35003314862287804,4,0.8879003558718861,"Недостаточно признаков специальной роли: 2 отправителей, 2 получателей. Это не отсутствие риска. Выборка неполная."
100000005308954100,peripheral,0.44903621843504427,5,0.5898576512455516,"Недостаточно признаков специальной роли: 1 отправителей, 1 получателей. Это не отсутствие риска. Выборка неполная."
100000008468762100,terminal,0.9056539194768424,18,0.646797153024911,"Возможный конечный получатель: вход ≈170,0 тыс. ₸, наблюдаемых выходов 0. Это не полный баланс. Выборка неполная."
100000002305007100,terminal,0.8490893078682182,1,0.14635231316725977,"Возможный конечный получатель: вход ≈56,0 тыс. ₸, наблюдаемых выходов 0. Это не полный баланс. Выборка неполная."
100000008314863100,peripheral,0.4685199433718322,3,0.2215302491103203,"Недостаточно признаков специальной роли: 1 отправителей, 0 получателей. Это не отсутствие риска. Выборка неполная."
100000005709551100,peripheral,0.40462368203030646,12,0.4128113879003559,"Недостаточно признаков специальной роли: 1 отправителей, 0 получателей. Это не отсутствие риска. Выборка неполная."
100000008297199100,peripheral,0.38020645296828703,0,0.46841637010676157,"Недостаточно признаков специальной роли: 1 отправителей, 0 получателей. Это не отсутствие риска. Выборка неполная."
100000003271151100,terminal,0.9002504995248239,4,0.4030249110320285,"Возможный конечный получатель: вход ≈127,3 тыс. ₸, наблюдаемых выходов 0. Это не полный баланс. Выборка неполная."
100000007005380100,peripheral,0.433928629330427,6,0.12811387900355872,"Недостаточно признаков специальной роли: 1 отправителей, 0 получателей. Это не отсутствие риска. Выборка неполная."
100000004451012100,peripheral,0.42675792507204613,16,0.8016014234875445,"Недостаточно признаков специальной роли: 1 отправителей, 3 получателей. Это не отсутствие риска. Выборка неполная."
100000004779204100,peripheral,0.5515436900035673,0,0.6837188612099644,"Недостаточно признаков специальной роли: 1 отправителей, 1 получателей. Это не отсутствие риска. Выборка неполная."
100000002793881100,consolidator,0.5647282400645932,2,0.7397686832740213,"Гипотеза сбора: 3 отправителей; вход ≈785,6 тыс. ₸, выход 0,00 ₸. Входящий объём преобладает. Выборка неполная."
100000008671129100,peripheral,0.4251242902751382,1,0.09341637010676157,"Недостаточно признаков специальной роли: 1 отправителей, 0 получателей. Это не отсутствие риска. Выборка неполная."
100000002095257100,peripheral,0.44819336774652974,9,0.22508896797153025,"Недостаточно признаков специальной роли: 1 отправителей, 0 получателей. Это не отсутствие риска. Выборка неполная."
100000002194329100,peripheral,0.3901267548224891,0,0.4452846975088968,"Недостаточно признаков специальной роли: 1 отправителей, 0 получателей. Это не отсутствие риска. Выборка неполная."
100000001884825100,consolidator,0.6615076169967099,2,0.6770462633451957,"Гипотеза сбора: 3 отправителей; вход ≈495,0 тыс. ₸, выход 0,00 ₸. Входящий объём преобладает. Выборка неполная."
100000008692291100,transit,0.6506205162223275,2,0.8500889679715302,"Гипотеза транзита: 3 отправ., 3 получ. Объёмы близки; быстрое прохождение не подтверждено. Выборка неполная."
100000002697752100,terminal,0.9269093970763546,4,0.7584519572953736,"Возможный конечный получатель: вход ≈190,8 тыс. ₸, наблюдаемых выходов 0. Это не полный баланс. Выборка неполная."
100000007170072100,transit,0.4602409466710864,4,0.7824733096085409,"Гипотеза транзита: 1 отправ., 2 получ. Объёмы близки; быстрое прохождение не подтверждено. Выборка неполная."
100000002373144100,peripheral,0.41270313050700613,0,0.6187722419928826,"Недостаточно признаков специальной роли: 1 отправителей, 1 получателей. Это не отсутствие риска. Выборка неполная."
100000000287768100,peripheral,0.3830754221793752,0,0.33674377224199287,"Недостаточно признаков специальной роли: 1 отправителей, 0 получателей. Это не отсутствие риска. Выборка неполная."
100000004508696100,transit,0.7150144490421318,36,0.7878113879003559,"Гипотеза транзита: 1 отправ., 3 получ. Есть совпадение сумм в тот же/следующий день. Выборка неполная."
100000008688109100,peripheral,0.4494785082618793,1,0.02891459074733096,"Недостаточно признаков специальной роли: 1 отправителей, 0 получателей. Это не отсутствие риска. Выборка неполная."
100000008724461100,transit,0.8380256868900631,2,0.7095195729537367,"Гипотеза транзита: 1 отправ., 1 получ. Есть совпадение сумм в тот же/следующий день. Выборка неполная."
100000001714413100,terminal,0.9231560545249866,6,0.6472419928825622,"Возможный конечный получатель: вход ≈250,2 тыс. ₸, наблюдаемых выходов 0. Это не полный баланс. Выборка неполная."
100000008672493100,peripheral,0.44788445256969567,1,0.030249110320284697,"Недостаточно признаков специальной роли: 1 отправителей, 0 получателей. Это не отсутствие риска. Выборка неполная."
100000003241965100,peripheral,0.4380398994788397,8,0.07295373665480427,"Недостаточно признаков специальной роли: 1 отправителей, 0 получателей. Это не отсутствие риска. Выборка неполная."
100000002241986100,peripheral,0.33268912103746395,37,0.9457295373665481,"Недостаточно признаков специальной роли: 1 отправителей, 6 получателей. Это не отсутствие риска. Выборка неполная."
100000004140994100,peripheral,0.4382807313510594,1,0.05693950177935943,"Недостаточно признаков специальной роли: 1 отправителей, 0 получателей. Это не отсутствие риска. Выборка неполная."
100000008489922100,distributor,0.97539265129683,2,0.9813167259786477,"Гипотеза распределения: 36 получателей; выход ≈3,79 млн ₸. Исходящий объём преобладает. Выборка неполная."
100000001252290100,peripheral,0.3461087297539577,6,0.7811387900355872,"Недостаточно признаков специальной роли: 1 отправителей, 1 получателей. Это не отсутствие риска. Выборка неполная."
100000008667799100,peripheral,0.41754941608373997,1,0.12121886120996442,"Недостаточно признаков специальной роли: 1 отправителей, 0 получателей. Это не отсутствие риска. Выборка неполная."
100000008684951100,peripheral,0.4413305299842928,1,0.04559608540925267,"Недостаточно признаков специальной роли: 1 отправителей, 0 получателей. Это не отсутствие риска. Выборка неполная."
100000006126743100,terminal,0.8865145712200176,6,0.548932384341637,"Возможный конечный получатель: вход ≈55,0 тыс. ₸, наблюдаемых выходов 0. Это не полный баланс. Выборка неполная."
100000003009900100,peripheral,0.43591884000829534,8,0.07784697508896797,"Недостаточно признаков специальной роли: 1 отправителей, 0 получателей. Это не отсутствие риска. Выборка неполная."
100000001745217100,terminal,0.8772929122625328,0,0.3145017793594306,"Возможный конечный получатель: вход ≈50,0 тыс. ₸, наблюдаемых выходов 0. Это не полный баланс. Выборка неполная."
100000002886166100,terminal,0.8957509094675853,22,0.46040925266903915,"Возможный конечный получатель: вход ≈185,0 тыс. ₸, наблюдаемых выходов 0. Это не полный баланс. Выборка неполная."
100000002956779100,terminal,0.9032541590448442,3,0.40880782918149466,"Возможный конечный получатель: вход ≈411,0 тыс. ₸, наблюдаемых выходов 0. Это не полный баланс. Выборка неполная."
100000008568512100,terminal,0.9174670488952692,6,0.6294483985765125,"Возможный конечный получатель: вход ≈199,6 тыс. ₸, наблюдаемых выходов 0. Это не полный баланс. Выборка неполная."
100000008583360100,peripheral,0.8301841568449682,8,0.4870996441281139,"Недостаточно признаков специальной роли: 1 отправителей, 1 получателей. Это не отсутствие риска. Выборка неполная."
100000001130176100,peripheral,0.43066404100988726,0,0.5120106761565836,"Недостаточно признаков специальной роли: 1 отправителей, 0 получателей. Это не отсутствие риска. Выборка неполная."
100000001145749100,peripheral,0.4721349521579149,3,0.20551601423487545,"Недостаточно признаков специальной роли: 1 отправителей, 0 получателей. Это не отсутствие риска. Выборка неполная."
100000005367445100,transit,0.7340124495289369,2,0.3407473309608541,"Гипотеза транзита: 1 отправ., 1 получ. Есть совпадение сумм в тот же/следующий день. Выборка неполная."
100000003917461100,transit,0.5215436982843926,9,0.7566725978647687,"Гипотеза транзита: 1 отправ., 2 получ. Есть совпадение сумм в тот же/следующий день. Выборка неполная."
100000008200810100,terminal,0.898833834039275,11,0.427491103202847,"Возможный конечный получатель: вход ≈475,0 тыс. ₸, наблюдаемых выходов 0. Это не полный баланс. Выборка неполная."
100000002554175100,peripheral,0.42213211876947576,8,0.12233096085409252,"Недостаточно признаков специальной роли: 1 отправителей, 0 получателей. Это не отсутствие риска. Выборка неполная."
100000008751380100,terminal,0.9139567770912145,2,0.6223309608540926,"Возможный конечный получатель: вход ≈345,8 тыс. ₸, наблюдаемых выходов 0. Это не полный баланс. Выборка неполная."
100000004071444100,peripheral,0.3975086594576648,0,0.6997330960854092,"Недостаточно признаков специальной роли: 1 отправителей, 1 получателей. Это не отсутствие риска. Выборка неполная."
100000001141268100,transit,0.778602829244344,18,0.7998220640569395,"Гипотеза транзита: 2 отправ., 1 получ. Есть совпадение сумм в тот же/следующий день. Выборка неполная."
100000002645993100,transit,0.8613988842767057,0,0.8790035587188612,"Гипотеза транзита: 2 отправ., 5 получ. Есть совпадение сумм в тот же/следующий день. Выборка неполная."
100000002546921100,peripheral,0.41896654168601144,13,0.15991992882562278,"Недостаточно признаков специальной роли: 1 отправителей, 0 получателей. Это не отсутствие риска. Выборка неполная."
100000008753897100,peripheral,0.4290623993747098,1,0.0809608540925267,"Недостаточно признаков специальной роли: 1 отправителей, 0 получателей. Это не отсутствие риска. Выборка неполная."
100000000870121100,peripheral,0.4457143454880086,12,0.1610320284697509,"Недостаточно признаков специальной роли: 1 отправителей, 0 получателей. Это не отсутствие риска. Выборка неполная."
100000003171006100,terminal,0.9319063221263492,2,0.6343416370106761,"Возможный конечный получатель: вход ≈485,0 тыс. ₸, наблюдаемых выходов 0. Это не полный баланс. Выборка неполная."
100000001690558100,terminal,0.9195215931568492,16,0.44973309608540923,"Возможный конечный получатель: вход ≈740,0 тыс. ₸, наблюдаемых выходов 0. Это не полный баланс. Выборка неполная."
100000008667795100,peripheral,0.41754941608373997,1,0.12121886120996442,"Недостаточно признаков специальной роли: 1 отправителей, 0 получателей. Это не отсутствие риска. Выборка неполная."
100000005674387100,peripheral,0.425027074851394,1,0.09452846975088967,"Недостаточно признаков специальной роли: 1 отправителей, 0 получателей. Это не отсутствие риска. Выборка неполная."
100000003636627100,peripheral,0.42057216601187475,7,0.623220640569395,"Недостаточно признаков специальной роли: 1 отправителей, 1 получателей. Это не отсутствие риска. Выборка неполная."
100000001275752100,terminal,0.8854917779926113,2,0.28380782918149466,"Возможный конечный получатель: вход ≈151,5 тыс. ₸, наблюдаемых выходов 0. Это не полный баланс. Выборка неполная."
100000002459240100,terminal,0.9106289793576388,6,0.6076512455516014,"Возможный конечный получатель: вход ≈150,0 тыс. ₸, наблюдаемых выходов 0. Это не полный баланс. Выборка неполная."
100000002644285100,terminal,0.9001627409164765,11,0.43282918149466193,"Возможный конечный получатель: вход ≈500,0 тыс. ₸, наблюдаемых выходов 0. Это не полный баланс. Выборка неполная."
100000005186109100,peripheral,0.5555958511104224,14,0.23309608540925267,"Недостаточно признаков специальной роли: 1 отправителей, 0 получателей. Это не отсутствие риска. Выборка неполная."
100000005317181100,peripheral,0.36419766463190306,0,0.7366548042704626,"Недостаточно признаков специальной роли: 1 отправителей, 1 получателей. Это не отсутствие риска. Выборка неполная."
100000003001661100,peripheral,0.39571505763688763,26,0.8554270462633452,"Недостаточно признаков специальной роли: 1 отправителей, 5 получателей. Это не отсутствие риска. Выборка неполная."
100000000288317100,peripheral,0.37744567089755215,0,0.8794483985765125,"Недостаточно признаков специальной роли: 2 отправителей, 3 получателей. Это не отсутствие риска. Выборка неполная."
100000004368189100,peripheral,0.36604706292356454,11,0.7468861209964412,"Недостаточно признаков специальной роли: 1 отправителей, 2 получателей. Это не отсутствие риска. Выборка неполная."
100000004493586100,peripheral,0.4300100004175814,0,0.16058718861209964,"Недостаточно признаков специальной роли: 1 отправителей, 0 получателей. Это не отсутствие риска. Выборка неполная."
100000004114962100,terminal,0.9269705968225225,6,0.728202846975089,"Возможный конечный получатель: вход ≈165,0 тыс. ₸, наблюдаемых выходов 0. Это не полный баланс. Выборка неполная."
100000008088082100,peripheral,0.837752153218495,12,0.6103202846975089,"Недостаточно признаков специальной роли: 1 отправителей, 1 получателей. Это не отсутствие риска. Выборка неполная."
100000008595687100,transit,0.8187124600099316,5,0.7495551601423488,"Гипотеза транзита: 1 отправ., 1 получ. Есть совпадение сумм в тот же/следующий день. Выборка неполная."
100000001248999100,peripheral,0.40707991226867724,15,0.21218861209964412,"Недостаточно признаков специальной роли: 1 отправителей, 0 получателей. Это не отсутствие риска. Выборка неполная."
100000002736316100,consolidator,0.6556540732944133,0,0.8153914590747331,"Гипотеза сбора: 3 отправителей; вход ≈266,9 тыс. ₸, выход 0,00 ₸. Входящий объём преобладает. Выборка неполная."
100000008596924100,terminal,0.847911962098886,7,0.2744661921708185,"Возможный конечный получатель: вход ≈100,0 тыс. ₸, наблюдаемых выходов 0. Это не полный баланс. Выборка неполная."
100000008598972100,terminal,0.8879432936425855,4,0.31895017793594305,"Возможный конечный получатель: вход ≈120,0 тыс. ₸, наблюдаемых выходов 0. Это не полный баланс. Выборка неполная."
100000002769809100,terminal,0.8493837967116494,16,0.2873665480427046,"Возможный конечный получатель: вход ≈113,4 тыс. ₸, наблюдаемых выходов 0. Это не полный баланс. Выборка неполная."
100000003089553100,terminal,0.8765044306421941,2,0.3718861209964413,"Возможный конечный получатель: вход ≈150,0 тыс. ₸, наблюдаемых выходов 0. Это не полный баланс. Выборка неполная."
100000002343825100,peripheral,0.328862054138065,2,0.880338078291815,"Недостаточно признаков специальной роли: 3 отправителей, 2 получателей. Это не отсутствие риска. Выборка неполная."
100000002015633100,terminal,0.8994420377304599,6,0.5756227758007118,"Возможный конечный получатель: вход ≈95,0 тыс. ₸, наблюдаемых выходов 0. Это не полный баланс. Выборка неполная."
100000002906470100,terminal,0.8887337963500335,16,0.3193950177935943,"Возможный конечный получатель: вход ≈130,0 тыс. ₸, наблюдаемых выходов 0. Это не полный баланс. Выборка неполная."
100000005628518100,terminal,0.8553093128547412,16,0.4804270462633452,"Возможный конечный получатель: вход ≈77,0 тыс. ₸, наблюдаемых выходов 0. Это не полный баланс. Выборка неполная."
100000002958139100,terminal,0.9103034663320169,2,0.5280249110320284,"Возможный конечный получатель: вход ≈209,5 тыс. ₸, наблюдаемых выходов 0. Это не полный баланс. Выборка неполная."
100000008754747100,peripheral,0.40941455574386254,1,0.1472419928825623,"Недостаточно признаков специальной роли: 1 отправителей, 0 получателей. Это не отсутствие риска. Выборка неполная."
100000008776720100,peripheral,0.42544068885331154,1,0.09119217081850534,"Недостаточно признаков специальной роли: 1 отправителей, 0 получателей. Это не отсутствие риска. Выборка неполная."
100000008576528100,peripheral,0.3847903577158452,6,0.5284697508896797,"Недостаточно признаков специальной роли: 1 отправителей, 0 получателей. Это не отсутствие риска. Выборка неполная."
100000004603109100,consolidator,0.9266771940661334,21,0.8185053380782918,"Гипотеза сбора: 3 отправителей; вход ≈2,73 млн ₸, выход ≈400,0 тыс. ₸. Входящий объём преобладает. Выборка неполная."
100000008721637100,peripheral,0.47080151296829975,7,0.7620106761565836,"Недостаточно признаков специальной роли: 1 отправителей, 2 получателей. Это не отсутствие риска. Выборка неполная."
100000004491749100,terminal,0.8210365126896013,7,0.1943950177935943,"Возможный конечный получатель: вход ≈50,0 тыс. ₸, наблюдаемых выходов 0. Это не полный баланс. Выборка неполная."
100000005171642100,transit,0.8314620903880698,25,0.7557829181494662,"Гипотеза транзита: 2 отправ., 1 получ. Есть совпадение сумм в тот же/следующий день. Выборка неполная."
100000008682426100,peripheral,0.41896654168601144,13,0.15991992882562278,"Недостаточно признаков специальной роли: 1 отправителей, 0 получателей. Это не отсутствие риска. Выборка неполная."
100000006209210100,terminal,0.9014479034529084,7,0.37455516014234874,"Возможный конечный получатель: вход ≈229,1 тыс. ₸, наблюдаемых выходов 0. Это не полный баланс. Выборка неполная."
100000003888527100,peripheral,0.4029764414054692,40,0.21085409252669038,"Недостаточно признаков специальной роли: 1 отправителей, 0 получателей. Это не отсутствие риска. Выборка неполная."
100000008490127100,peripheral,0.3461437319884726,6,0.9386120996441281,"Недостаточно признаков специальной роли: 1 отправителей, 6 получателей. Это не отсутствие риска. Выборка неполная."
100000004336228100,terminal,0.9072441658251239,4,0.4830960854092527,"Возможный конечный получатель: вход ≈51,4 тыс. ₸, наблюдаемых выходов 0. Это не полный баланс. Выборка неполная."
100000006844004100,peripheral,0.45695979383431073,0,0.2041814946619217,"Недостаточно признаков специальной роли: 1 отправителей, 0 получателей. Это не отсутствие риска. Выборка неполная."
100000001688676100,terminal,0.8892470375640056,16,0.32295373665480426,"Возможный конечный получатель: вход ≈133,7 тыс. ₸, наблюдаемых выходов 0. Это не полный баланс. Выборка неполная."
100000008712036100,peripheral,0.4335922399684755,1,0.06850533807829182,"Недостаточно признаков специальной роли: 1 отправителей, 0 получателей. Это не отсутствие риска. Выборка неполная."
100000004697956100,peripheral,0.8691032974427995,7,0.20062277580071175,"Недостаточно признаков специальной роли: 1 отправителей, 1 получателей. Это не отсутствие риска. Выборка неполная."
100000004921657100,peripheral,0.5602834044593463,3,0.3879003558718861,"Недостаточно признаков специальной роли: 1 отправителей, 1 получателей. Это не отсутствие риска. Выборка неполная."
100000000408846100,peripheral,0.4208691432592223,24,0.17704626334519574,"Недостаточно признаков специальной роли: 1 отправителей, 0 получателей. Это не отсутствие риска. Выборка неполная."
100000003406094100,peripheral,0.46773775216138325,5,0.8238434163701067,"Недостаточно признаков специальной роли: 1 отправителей, 3 получателей. Это не отсутствие риска. Выборка неполная."
100000008695566100,peripheral,0.41783218062489647,1,0.1201067615658363,"Недостаточно признаков специальной роли: 1 отправителей, 0 получателей. Это не отсутствие риска. Выборка неполная."
100000005974542100,terminal,0.8970967656202322,20,0.5774021352313167,"Возможный конечный получатель: вход ≈94,5 тыс. ₸, наблюдаемых выходов 0. Это не полный баланс. Выборка неполная."
100000001887715100,transit,0.8343700743297011,18,0.8763345195729537,"Гипотеза транзита: 3 отправ., 1 получ. Есть совпадение сумм в тот же/следующий день. Выборка неполная."
100000002472632100,peripheral,0.3212816919403364,23,0.8002669039145908,"Недостаточно признаков специальной роли: 2 отправителей, 1 получателей. Это не отсутствие риска. Выборка неполная."
100000004629688100,peripheral,0.8435374639769453,14,0.373220640569395,"Недостаточно признаков специальной роли: 1 отправителей, 1 получателей. Это не отсутствие риска. Выборка неполная."
100000002459832100,terminal,0.9404954597455046,4,0.6334519572953736,"Возможный конечный получатель: вход ≈880,6 тыс. ₸, наблюдаемых выходов 0. Это не полный баланс. Выборка неполная."
100000006100920100,terminal,0.8908078397871181,0,0.35765124555160144,"Возможный конечный получатель: вход ≈100,0 тыс. ₸, наблюдаемых выходов 0. Это не полный баланс. Выборка неполная."
100000001439416100,peripheral,0.4503115994236311,30,0.7032918149466192,"Недостаточно признаков специальной роли: 1 отправителей, 2 получателей. Это не отсутствие риска. Выборка неполная."
100000002121357100,peripheral,0.37907562818741325,2,0.75,"Недостаточно признаков специальной роли: 2 отправителей, 1 получателей. Это не отсутствие риска. Выборка неполная."
100000002970466100,peripheral,0.5736617435158502,0,0.7855871886120996,"Недостаточно признаков специальной роли: 1 отправителей, 2 получателей. Это не отсутствие риска. Выборка неполная."
100000002581346100,terminal,0.9134475291763018,6,0.6178825622775801,"Возможный конечный получатель: вход ≈166,4 тыс. ₸, наблюдаемых выходов 0. Это не полный баланс. Выборка неполная."
100000008738658100,peripheral,0.421902780519052,1,0.10898576512455516,"Недостаточно признаков специальной роли: 1 отправителей, 0 получателей. Это не отсутствие риска. Выборка неполная."
100000005910114100,distributor,0.9801260806916426,0,0.9875444839857651,"Гипотеза распределения: 19 получателей; выход ≈1,47 млн ₸. Исходящий объём преобладает. Выборка неполная."
100000001046626100,terminal,0.9107726955070817,6,0.608540925266904,"Возможный конечный получатель: вход ≈150,0 тыс. ₸, наблюдаемых выходов 0. Это не полный баланс. Выборка неполная."
100000006492770100,transit,0.7584312241576374,0,0.7655693950177936,"Гипотеза транзита: 1 отправ., 1 получ. Есть совпадение сумм в тот же/следующий день. Выборка неполная."
100000001674850100,terminal,0.9143560248718137,2,0.5516014234875445,"Возможный конечный получатель: вход ≈237,0 тыс. ₸, наблюдаемых выходов 0. Это не полный баланс. Выборка неполная."
100000000860514100,peripheral,0.876213739396598,23,0.45373665480427045,"Недостаточно признаков специальной роли: 1 отправителей, 1 получателей. Это не отсутствие риска. Выборка неполная."
100000003650146100,peripheral,0.4260896415605112,5,0.22464412811387902,"Недостаточно признаков специальной роли: 1 отправителей, 0 получателей. Это не отсутствие риска. Выборка неполная."
100000001227106100,terminal,0.9129928867698589,6,0.6174377224199288,"Возможный конечный получатель: вход ≈164,8 тыс. ₸, наблюдаемых выходов 0. Это не полный баланс. Выборка неполная."
100000003647799100,terminal,0.9012116100339989,6,0.5822953736654805,"Возможный конечный получатель: вход ≈100,0 тыс. ₸, наблюдаемых выходов 0. Это не полный баланс. Выборка неполная."
100000008293431100,peripheral,0.3449117435158502,0,0.8354092526690391,"Недостаточно признаков специальной роли: 1 отправителей, 5 получателей. Это не отсутствие риска. Выборка неполная."
100000002975287100,peripheral,0.418268807124352,15,0.18794483985765126,"Недостаточно признаков специальной роли: 1 отправителей, 0 получателей. Это не отсутствие риска. Выборка неполная."
100000008507703100,peripheral,0.42297230849709044,1,0.10498220640569395,"Недостаточно признаков специальной роли: 1 отправителей, 0 получателей. Это не отсутствие риска. Выборка неполная."
100000001733687100,terminal,0.895842987707459,2,0.42170818505338076,"Возможный конечный получатель: вход ≈300,0 тыс. ₸, наблюдаемых выходов 0. Это не полный баланс. Выборка неполная."
100000004552204100,peripheral,0.6648779908086584,31,0.6645907473309609,"Недостаточно признаков специальной роли: 1 отправителей, 2 получателей. Это не отсутствие риска. Выборка неполная."
100000008223756100,terminal,0.9388058330389184,4,0.6699288256227758,"Возможный конечный получатель: вход ≈331,7 тыс. ₸, наблюдаемых выходов 0. Это не полный баланс. Выборка неполная."
100000002956769100,consolidator,0.5899649300735414,11,0.7353202846975089,"Гипотеза сбора: 3 отправителей; вход ≈840,0 тыс. ₸, выход 0,00 ₸. Входящий объём преобладает. Выборка неполная."
100000008555233100,terminal,0.8958778391936513,18,0.38523131672597866,"Возможный конечный получатель: вход ≈440,6 тыс. ₸, наблюдаемых выходов 0. Это не полный баланс. Выборка неполная."
100000002346166100,peripheral,0.4615295731149931,1,0.014234875444839857,"Недостаточно признаков специальной роли: 1 отправителей, 0 получателей. Это не отсутствие риска. Выборка неполная."
100000000878006100,peripheral,0.37045589764254183,6,0.572508896797153,"Недостаточно признаков специальной роли: 1 отправителей, 0 получателей. Это не отсутствие риска. Выборка неполная."
100000004997515100,consolidator,0.9350907780277036,2,0.8999110320284698,"Гипотеза сбора: 4 отправителей; вход ≈395,0 тыс. ₸, выход ≈54,5 тыс. ₸. Входящий объём преобладает. Выборка неполная."
100000007653003100,terminal,0.8865336053245909,15,0.32428825622775803,"Возможный конечный получатель: вход ≈100,0 тыс. ₸, наблюдаемых выходов 0. Это не полный баланс. Выборка неполная."
100000000661131100,peripheral,0.44419013307486077,1,0.037366548042704624,"Недостаточно признаков специальной роли: 1 отправителей, 0 получателей. Это не отсутствие риска. Выборка неполная."
100000003880331100,distributor,0.9838706772334294,4,0.9759786476868327,"Гипотеза распределения: 16 получателей; выход ≈3,90 млн ₸. Исходящий объём преобладает. Выборка неполная."
100000003204491100,transit,0.7855565603314374,0,0.7250889679715302,"Гипотеза транзита: 1 отправ., 1 получ. Есть совпадение сумм в тот же/следующий день. Выборка неполная."
100000008463968100,peripheral,0.454374448479926,1,0.02224199288256228,"Недостаточно признаков специальной роли: 1 отправителей, 0 получателей. Это не отсутствие риска. Выборка неполная."
100000002712416100,terminal,0.8946385429937698,11,0.6436832740213523,"Возможный конечный получатель: вход ≈116,8 тыс. ₸, наблюдаемых выходов 0. Это не полный баланс. Выборка неполная."
100000008754997100,peripheral,0.4390256085443007,1,0.055604982206405695,"Недостаточно признаков специальной роли: 1 отправителей, 0 получателей. Это не отсутствие риска. Выборка неполная."
100000008011573100,peripheral,0.418268807124352,15,0.18794483985765126,"Недостаточно признаков специальной роли: 1 отправителей, 0 получателей. Это не отсутствие риска. Выборка неполная."
100000003178549100,peripheral,0.34616728141432457,15,0.8959074733096085,"Недостаточно признаков специальной роли: 2 отправителей, 4 получателей. Это не отсутствие риска. Выборка неполная."
100000000534581100,peripheral,0.404295967379238,4,0.775355871886121,"Недостаточно признаков специальной роли: 2 отправителей, 1 получателей. Это не отсутствие риска. Выборка неполная."
100000007138613100,consolidator,0.9599738329325032,0,0.9208185053380783,"Гипотеза сбора: 3 отправителей; вход ≈1,00 млн ₸, выход ≈179,0 тыс. ₸. Входящий объём преобладает. Выборка неполная."
100000002380341100,terminal,0.8768652573948529,0,0.29804270462633453,"Возможный конечный получатель: вход ≈57,6 тыс. ₸, наблюдаемых выходов 0. Это не полный баланс. Выборка неполная."
100000008309514100,peripheral,0.44131078717596633,1,0.046263345195729534,"Недостаточно признаков специальной роли: 1 отправителей, 0 получателей. Это не отсутствие риска. Выборка неполная."
100000003134474100,terminal,0.9051977040161953,6,0.594306049822064,"Возможный конечный получатель: вход ≈116,0 тыс. ₸, наблюдаемых выходов 0. Это не полный баланс. Выборка неполная."
100000002373386100,peripheral,0.4294544511549668,1,0.07740213523131673,"Недостаточно признаков специальной роли: 1 отправителей, 0 получателей. Это не отсутствие риска. Выборка неполная."
100000008684767100,peripheral,0.41933070462328553,1,0.1152135231316726,"Недостаточно признаков специальной роли: 1 отправителей, 0 получателей. Это не отсутствие риска. Выборка неполная."
100000008332511100,terminal,0.841368081207957,7,0.5458185053380783,"Возможный конечный получатель: вход ≈100,0 тыс. ₸, наблюдаемых выходов 0. Это не полный баланс. Выборка неполная."
100000005754335100,peripheral,0.3932680935584465,40,0.2580071174377224,"Недостаточно признаков специальной роли: 1 отправителей, 0 получателей. Это не отсутствие риска. Выборка неполная."
100000008547295100,peripheral,0.461139457641912,7,0.18282918149466193,"Недостаточно признаков специальной роли: 1 отправителей, 0 получателей. Это не отсутствие риска. Выборка неполная."
100000001875167100,terminal,0.969088699323616,6,0.744661921708185,"Возможный конечный получатель: вход ≈1,00 млн ₸, наблюдаемых выходов 0. Это не полный баланс. Выборка неполная."
100000004670388100,transit,0.6217706025406324,48,0.780693950177936,"Гипотеза транзита: 1 отправ., 2 получ. Есть совпадение сумм в тот же/следующий день. Выборка неполная."
100000004097972100,peripheral,0.3650230854281061,0,0.8207295373665481,"Недостаточно признаков специальной роли: 1 отправителей, 2 получателей. Это не отсутствие риска. Выборка неполная."
100000000481716100,peripheral,0.4538680436389112,8,0.11298932384341637,"Недостаточно признаков специальной роли: 1 отправителей, 0 получателей. Это не отсутствие риска. Выборка неполная."
100000005089460100,peripheral,0.4501173979878905,1,0.026690391459074734,"Недостаточно признаков специальной роли: 1 отправителей, 0 получателей. Это не отсутствие риска. Выборка неполная."
100000003105929100,peripheral,0.347042068264499,6,0.8274021352313167,"Недостаточно признаков специальной роли: 1 отправителей, 1 получателей. Это не отсутствие риска. Выборка неполная."
100000008379273100,transit,0.6737796327481254,8,0.8683274021352313,"Гипотеза транзита: 2 отправ., 4 получ. Объёмы близки; быстрое прохождение не подтверждено. Выборка неполная."
100000005357705100,transit,0.7858647439180149,4,0.8483096085409253,"Гипотеза транзита: 1 отправ., 4 получ. Есть совпадение сумм в тот же/следующий день. Выборка неполная."
100000003111305100,consolidator,0.7205016859609352,25,0.8349644128113879,"Гипотеза сбора: 4 отправителей; вход ≈509,3 тыс. ₸, выход 0,00 ₸. Входящий объём преобладает. Выборка неполная."
100000008503177100,peripheral,0.38551649686421896,4,0.31983985765124556,"Недостаточно признаков специальной роли: 1 отправителей, 0 получателей. Это не отсутствие риска. Выборка неполная."
100000000955529100,peripheral,0.8365345821325648,3,0.541814946619217,"Недостаточно признаков специальной роли: 1 отправителей, 1 получателей. Это не отсутствие риска. Выборка неполная."
100000008695689100,peripheral,0.4250561988253435,1,0.09386120996441281,"Недостаточно признаков специальной роли: 1 отправителей, 0 получателей. Это не отсутствие риска. Выборка неполная."
100000004184158100,terminal,0.912550479921088,0,0.4483985765124555,"Возможный конечный получатель: вход ≈203,8 тыс. ₸, наблюдаемых выходов 0. Это не полный баланс. Выборка неполная."
100000005475379100,peripheral,0.4711743515850144,10,0.7780249110320284,"Недостаточно признаков специальной роли: 1 отправителей, 3 получателей. Это не отсутствие риска. Выборка неполная."
100000003093299100,peripheral,0.40796536466458655,0,0.37855871886120995,"Недостаточно признаков специальной роли: 1 отправителей, 0 получателей. Это не отсутствие риска. Выборка неполная."
100000008767027100,peripheral,0.457519728799722,18,0.12411032028469751,"Недостаточно признаков специальной роли: 1 отправителей, 0 получателей. Это не отсутствие риска. Выборка неполная."
100000004539443100,terminal,0.8556390562551943,3,0.5685053380782918,"Возможный конечный получатель: вход ≈62,0 тыс. ₸, наблюдаемых выходов 0. Это не полный баланс. Выборка неполная."
100000007863304100,peripheral,0.38902409025027773,6,0.5177935943060499,"Недостаточно признаков специальной роли: 1 отправителей, 0 получателей. Это не отсутствие риска. Выборка неполная."
100000004959752100,peripheral,0.4539605934541802,3,0.45951957295373663,"Недостаточно признаков специальной роли: 1 отправителей, 0 получателей. Это не отсутствие риска. Выборка неполная."
100000002214664100,peripheral,0.5934528336320466,1,0.3638790035587189,"Недостаточно признаков специальной роли: 1 отправителей, 1 получателей. Это не отсутствие риска. Выборка неполная."
100000008192264100,transit,0.8377278195604554,6,0.8140569395017794,"Гипотеза транзита: 1 отправ., 1 получ. Есть совпадение сумм в тот же/следующий день. Выборка неполная."
100000000942301100,terminal,0.9008071876195991,0,0.5631672597864769,"Возможный конечный получатель: вход ≈57,6 тыс. ₸, наблюдаемых выходов 0. Это не полный баланс. Выборка неполная."
100000002578653100,peripheral,0.45265534494983733,45,0.16725978647686832,"Недостаточно признаков специальной роли: 1 отправителей, 0 получателей. Это не отсутствие риска. Выборка неполная."
100000002511581100,peripheral,0.44012620991678636,1,0.05115658362989324,"Недостаточно признаков специальной роли: 1 отправителей, 0 получателей. Это не отсутствие риска. Выборка неполная."
100000005610717100,transit,0.8010384218456241,0,0.9079181494661922,"Гипотеза транзита: 4 отправ., 1 получ. Есть совпадение сумм в тот же/следующий день. Выборка неполная."
100000005704413100,distributor,0.9652773775216138,8,0.9697508896797153,"Гипотеза распределения: 32 получателей; выход ≈1,36 млн ₸. Исходящий объём преобладает. Выборка неполная."
100000000976943100,peripheral,0.6891342189234829,10,0.6365658362989324,"Недостаточно признаков специальной роли: 1 отправителей, 1 получателей. Это не отсутствие риска. Выборка неполная."
100000008708061100,peripheral,0.45777126696738357,1,0.02001779359430605,"Недостаточно признаков специальной роли: 1 отправителей, 0 получателей. Это не отсутствие риска. Выборка неполная."
100000003986141100,peripheral,0.43506579008751345,15,0.14323843416370108,"Недостаточно признаков специальной роли: 1 отправителей, 0 получателей. Это не отсутствие риска. Выборка неполная."
100000005037490100,transit,0.6750345146801422,12,0.708185053380783,"Гипотеза транзита: 1 отправ., 2 получ. Есть совпадение сумм в тот же/следующий день. Выборка неполная."
100000004257714100,terminal,0.8467453265125868,1,0.14056939501779359,"Возможный конечный получатель: вход ≈52,2 тыс. ₸, наблюдаемых выходов 0. Это не полный баланс. Выборка неполная."
100000000569479100,terminal,0.9095487365826007,0,0.4070284697508897,"Возможный конечный получатель: вход ≈320,0 тыс. ₸, наблюдаемых выходов 0. Это не полный баланс. Выборка неполная."
100000007303047100,terminal,0.846997029445991,1,0.14101423487544484,"Возможный конечный получатель: вход ≈52,2 тыс. ₸, наблюдаемых выходов 0. Это не полный баланс. Выборка неполная."
100000008708743100,peripheral,0.44431700577901506,1,0.036476868327402136,"Недостаточно признаков специальной роли: 1 отправителей, 0 получателей. Это не отсутствие риска. Выборка неполная."
100000008745863100,peripheral,0.4317321478875442,1,0.07250889679715303,"Недостаточно признаков специальной роли: 1 отправителей, 0 получателей. Это не отсутствие риска. Выборка неполная."
100000005048668100,distributor,0.9150252161383285,4,0.9550711743772242,"Гипотеза распределения: 8 получателей; выход ≈159,4 тыс. ₸. Исходящий объём преобладает. Выборка неполная."
100000006522972100,peripheral,0.4336625425194358,6,0.1290035587188612,"Недостаточно признаков специальной роли: 1 отправителей, 0 получателей. Это не отсутствие риска. Выборка неполная."
100000008759857100,peripheral,0.43601404899135443,18,0.6690391459074733,"Недостаточно признаков специальной роли: 1 отправителей, 2 получателей. Это не отсутствие риска. Выборка неполная."
100000005342513100,transit,0.6299339314784298,1,0.6970640569395018,"Гипотеза транзита: 1 отправ., 1 получ. Есть совпадение сумм в тот же/следующий день. Выборка неполная."
100000004750897100,peripheral,0.46646192901412614,14,0.2646797153024911,"Недостаточно признаков специальной роли: 1 отправителей, 0 получателей. Это не отсутствие риска. Выборка неполная."
100000001140785100,terminal,0.9093447552779108,2,0.5604982206405694,"Возможный конечный получатель: вход ≈215,0 тыс. ₸, наблюдаемых выходов 0. Это не полный баланс. Выборка неполная."
100000002821425100,terminal,0.8898321120444552,11,0.3919039145907473,"Возможный конечный получатель: вход ≈275,0 тыс. ₸, наблюдаемых выходов 0. Это не полный баланс. Выборка неполная."
100000003221510100,peripheral,0.5387554034582129,0,0.791814946619217,"Недостаточно признаков специальной роли: 1 отправителей, 2 получателей. Это не отсутствие риска. Выборка неполная."
100000003031003100,consolidator,0.6546096842209671,11,0.7873665480427047,"Гипотеза сбора: 3 отправителей; вход ≈280,1 тыс. ₸, выход 0,00 ₸. Входящий объём преобладает. Выборка неполная."
100000003060187100,terminal,0.8805061917803734,16,0.28647686832740216,"Возможный конечный получатель: вход ≈93,0 тыс. ₸, наблюдаемых выходов 0. Это не полный баланс. Выборка неполная."
100000008718811100,terminal,0.8549938840638174,1,0.1632562277580071,"Возможный конечный получатель: вход ≈73,3 тыс. ₸, наблюдаемых выходов 0. Это не полный баланс. Выборка неполная."
100000008043184100,terminal,0.8690163446984309,15,0.25222419928825623,"Возможный конечный получатель: вход ≈50,6 тыс. ₸, наблюдаемых выходов 0. Это не полный баланс. Выборка неполная."
100000002530224100,terminal,0.8791544599747032,2,0.2571174377224199,"Возможный конечный получатель: вход ≈113,0 тыс. ₸, наблюдаемых выходов 0. Это не полный баланс. Выборка неполная."
100000008754608100,peripheral,0.449898564176477,1,0.027580071174377226,"Недостаточно признаков специальной роли: 1 отправителей, 0 получателей. Это не отсутствие риска. Выборка неполная."
100000006989232100,peripheral,0.3984259801199243,0,0.26868327402135234,"Недостаточно признаков специальной роли: 1 отправителей, 0 получателей. Это не отсутствие риска. Выборка неполная."
100000006532229100,terminal,0.8691764152514955,2,0.34386120996441283,"Возможный конечный получатель: вход ≈105,0 тыс. ₸, наблюдаемых выходов 0. Это не полный баланс. Выборка неполная."
100000005661829100,transit,0.7856591513218807,16,0.6063167259786477,"Гипотеза транзита: 1 отправ., 2 получ. Есть совпадение сумм в тот же/следующий день. Выборка неполная."
100000004553349100,peripheral,0.43605781918426095,6,0.12277580071174377,"Недостаточно признаков специальной роли: 1 отправителей, 0 получателей. Это не отсутствие риска. Выборка неполная."
100000002945626100,consolidator,0.625754837286258,2,0.7593416370106761,"Гипотеза сбора: 3 отправителей; вход ≈584,0 тыс. ₸, выход 0,00 ₸. Входящий объём преобладает. Выборка неполная."
100000008775471100,terminal,0.9327616863395567,18,0.5293594306049823,"Возможный конечный получатель: вход ≈580,0 тыс. ₸, наблюдаемых выходов 0. Это не полный баланс. Выборка неполная."
100000000404740100,peripheral,0.31584878870318367,23,0.17615658362989323,"Недостаточно признаков специальной роли: 1 отправителей, 0 получателей. Это не отсутствие риска. Глубина 4: исходящие потоки могут быть скрыты."
100000004268036100,peripheral,0.3150872660371579,8,0.016903914590747332,"Недостаточно признаков специальной роли: 1 отправителей, 0 получателей. Это не отсутствие риска. Глубина 4: исходящие потоки могут быть скрыты."
100000001256409100,peripheral,0.36371775913112697,4,0.07161921708185054,"Недостаточно признаков специальной роли: 1 отправителей, 0 получателей. Это не отсутствие риска. Глубина 4: исходящие потоки могут быть скрыты."
100000005360814100,peripheral,0.24050017250491929,4,0.5102313167259787,"Недостаточно признаков специальной роли: 1 отправителей, 0 получателей. Это не отсутствие риска. Глубина 4: исходящие потоки могут быть скрыты."
100000002369454100,peripheral,0.3126956548716607,4,0.12544483985765126,"Недостаточно признаков специальной роли: 1 отправителей, 0 получателей. Это не отсутствие риска. Глубина 4: исходящие потоки могут быть скрыты."
100000004272302100,peripheral,0.3260677228672284,45,0.013790035587188613,"Недостаточно признаков специальной роли: 1 отправителей, 0 получателей. Это не отсутствие риска. Глубина 4: исходящие потоки могут быть скрыты."
100000008727982100,peripheral,0.2845619914112359,25,0.36966192170818507,"Недостаточно признаков специальной роли: 1 отправителей, 0 получателей. Это не отсутствие риска. Глубина 4: исходящие потоки могут быть скрыты."
100000000600707100,peripheral,0.26920205929190366,35,0.474644128113879,"Недостаточно признаков специальной роли: 1 отправителей, 0 получателей. Это не отсутствие риска. Глубина 4: исходящие потоки могут быть скрыты."
100000004500781100,peripheral,0.27436943373856437,13,0.5169039145907474,"Недостаточно признаков специальной роли: 1 отправителей, 0 получателей. Это не отсутствие риска. Глубина 4: исходящие потоки могут быть скрыты."
100000008703533100,peripheral,0.273105417120706,2,0.1619217081850534,"Недостаточно признаков специальной роли: 1 отправителей, 0 получателей. Это не отсутствие риска. Глубина 4: исходящие потоки могут быть скрыты."
100000004549591100,peripheral,0.2963333148448912,36,0.19617437722419928,"Недостаточно признаков специальной роли: 1 отправителей, 0 получателей. Это не отсутствие риска. Глубина 4: исходящие потоки могут быть скрыты."
100000002700161100,peripheral,0.30641938671137353,49,0.2353202846975089,"Недостаточно признаков специальной роли: 1 отправителей, 0 получателей. Это не отсутствие риска. Глубина 4: исходящие потоки могут быть скрыты."
100000003134550100,peripheral,0.2676888101771318,2,0.1854982206405694,"Недостаточно признаков специальной роли: 1 отправителей, 0 получателей. Это не отсутствие риска. Глубина 4: исходящие потоки могут быть скрыты."
100000001957974100,peripheral,0.24647036167560152,13,0.3469750889679715,"Недостаточно признаков специальной роли: 1 отправителей, 0 получателей. Это не отсутствие риска. Глубина 4: исходящие потоки могут быть скрыты."
100000001246806100,peripheral,0.28270391000796674,2,0.31494661921708184,"Недостаточно признаков специальной роли: 1 отправителей, 0 получателей. Это не отсутствие риска. Глубина 4: исходящие потоки могут быть скрыты."
100000003622955100,peripheral,0.32801017513843206,10,0.2130782918149466,"Недостаточно признаков специальной роли: 1 отправителей, 0 получателей. Это не отсутствие риска. Глубина 4: исходящие потоки могут быть скрыты."
100000003692843100,peripheral,0.24564435841055907,60,0.5609430604982206,"Недостаточно признаков специальной роли: 1 отправителей, 0 получателей. Это не отсутствие риска. Глубина 4: исходящие потоки могут быть скрыты."
100000008629504100,peripheral,0.2918884861822352,0,0.11209964412811388,"Недостаточно признаков специальной роли: 1 отправителей, 0 получателей. Это не отсутствие риска. Глубина 4: исходящие потоки могут быть скрыты."
100000005621418100,peripheral,0.29282772565017595,24,0.14813167259786478,"Недостаточно признаков специальной роли: 1 отправителей, 0 получателей. Это не отсутствие риска. Глубина 4: исходящие потоки могут быть скрыты."
100000004167082100,peripheral,0.32335851981835967,12,0.1307829181494662,"Недостаточно признаков специальной роли: 1 отправителей, 0 получателей. Это не отсутствие риска. Глубина 4: исходящие потоки могут быть скрыты."
100000004379306100,peripheral,0.32820218468275186,4,0.10676156583629894,"Недостаточно признаков специальной роли: 1 отправителей, 0 получателей. Это не отсутствие риска. Глубина 4: исходящие потоки могут быть скрыты."
100000004856746100,peripheral,0.3022582897413945,32,0.11120996441281139,"Недостаточно признаков специальной роли: 1 отправителей, 0 получателей. Это не отсутствие риска. Глубина 4: исходящие потоки могут быть скрыты."
100000004891562100,peripheral,0.2631002492177295,8,0.23798932384341637,"Недостаточно признаков специальной роли: 1 отправителей, 0 получателей. Это не отсутствие риска. Глубина 4: исходящие потоки могут быть скрыты."
100000007042175100,peripheral,0.29598076337719625,0,0.3153914590747331,"Недостаточно признаков специальной роли: 1 отправителей, 0 получателей. Это не отсутствие риска. Глубина 4: исходящие потоки могут быть скрыты."
100000002670463100,peripheral,0.28601914252602223,8,0.11476868327402136,"Недостаточно признаков специальной роли: 1 отправителей, 0 получателей. Это не отсутствие риска. Глубина 4: исходящие потоки могут быть скрыты."
100000005567828100,peripheral,0.2670897934278121,8,0.2677935943060498,"Недостаточно признаков специальной роли: 1 отправителей, 0 получателей. Это не отсутствие риска. Глубина 4: исходящие потоки могут быть скрыты."
100000004200745100,peripheral,0.2625635886887959,9,0.5956405693950177,"Недостаточно признаков специальной роли: 1 отправителей, 0 получателей. Это не отсутствие риска. Глубина 4: исходящие потоки могут быть скрыты."
100000003989033100,peripheral,0.25503064175175727,8,0.62855871886121,"Недостаточно признаков специальной роли: 1 отправителей, 0 получателей. Это не отсутствие риска. Глубина 4: исходящие потоки могут быть скрыты."
100000005146665100,peripheral,0.3320941242887918,55,0.011565836298932384,"Недостаточно признаков специальной роли: 1 отправителей, 0 получателей. Это не отсутствие риска. Глубина 4: исходящие потоки могут быть скрыты."
100000003096787100,peripheral,0.3034764241943616,8,0.08718861209964412,"Недостаточно признаков специальной роли: 1 отправителей, 0 получателей. Это не отсутствие риска. Глубина 4: исходящие потоки могут быть скрыты."
100000003074515100,peripheral,0.26387335193446315,2,0.2762455516014235,"Недостаточно признаков специальной роли: 1 отправителей, 0 получателей. Это не отсутствие риска. Глубина 4: исходящие потоки могут быть скрыты."
100000004377043100,peripheral,0.3292641367001567,26,0.04848754448398576,"Недостаточно признаков специальной роли: 1 отправителей, 0 получателей. Это не отсутствие риска. Глубина 4: исходящие потоки могут быть скрыты."
100000008680061100,peripheral,0.25777779740302975,6,0.3847864768683274,"Недостаточно признаков специальной роли: 1 отправителей, 0 получателей. Это не отсутствие риска. Глубина 4: исходящие потоки могут быть скрыты."
100000008471634100,peripheral,0.321616793881794,23,0.17660142348754448,"Недостаточно признаков специальной роли: 1 отправителей, 0 получателей. Это не отсутствие риска. Глубина 4: исходящие потоки могут быть скрыты."
100000002119762100,peripheral,0.2724911283689118,6,0.6338967971530249,"Недостаточно признаков специальной роли: 1 отправителей, 0 получателей. Это не отсутствие риска. Глубина 4: исходящие потоки могут быть скрыты."
100000008628818100,peripheral,0.2809659326321226,8,0.18994661921708186,"Недостаточно признаков специальной роли: 1 отправителей, 0 получателей. Это не отсутствие риска. Глубина 4: исходящие потоки могут быть скрыты."
100000007510567100,peripheral,0.27718458736646173,8,0.20640569395017794,"Недостаточно признаков специальной роли: 1 отправителей, 0 получателей. Это не отсутствие риска. Глубина 4: исходящие потоки могут быть скрыты."
100000004780327100,peripheral,0.3068276718703852,8,0.03113879003558719,"Недостаточно признаков специальной роли: 1 отправителей, 0 получателей. Это не отсутствие риска. Глубина 4: исходящие потоки могут быть скрыты."
100000008376785100,peripheral,0.2583631797832579,6,0.6579181494661922,"Недостаточно признаков специальной роли: 1 отправителей, 0 получателей. Это не отсутствие риска. Глубина 4: исходящие потоки могут быть скрыты."
100000005745873100,peripheral,0.2649799533915107,39,0.3305160142348754,"Недостаточно признаков специальной роли: 1 отправителей, 0 получателей. Это не отсутствие риска. Глубина 4: исходящие потоки могут быть скрыты."
100000002594214100,peripheral,0.2510080867554861,37,0.5676156583629893,"Недостаточно признаков специальной роли: 1 отправителей, 0 получателей. Это не отсутствие риска. Глубина 4: исходящие потоки могут быть скрыты."
100000001299323100,peripheral,0.26325168590957965,2,0.28113879003558717,"Недостаточно признаков специальной роли: 1 отправителей, 0 получателей. Это не отсутствие риска. Глубина 4: исходящие потоки могут быть скрыты."
100000003838587100,peripheral,0.37796411589459183,13,0.06761565836298933,"Недостаточно признаков специальной роли: 1 отправителей, 0 получателей. Это не отсутствие риска. Глубина 4: исходящие потоки могут быть скрыты."
100000000673915100,peripheral,0.30918173063543614,34,0.11699288256227758,"Недостаточно признаков специальной роли: 1 отправителей, 0 получателей. Это не отсутствие риска. Глубина 4: исходящие потоки могут быть скрыты."
100000003061115100,peripheral,0.3033751301535768,0,0.27980427046263345,"Недостаточно признаков специальной роли: 1 отправителей, 0 получателей. Это не отсутствие риска. Глубина 4: исходящие потоки могут быть скрыты."
100000004326224100,peripheral,0.29580157086375186,6,0.44483985765124556,"Недостаточно признаков специальной роли: 1 отправителей, 0 получателей. Это не отсутствие риска. Глубина 4: исходящие потоки могут быть скрыты."
100000004988240100,peripheral,0.32127543373198386,0,0.18505338078291814,"Недостаточно признаков специальной роли: 1 отправителей, 0 получателей. Это не отсутствие риска. Глубина 4: исходящие потоки могут быть скрыты."
100000008525136100,peripheral,0.29279855047673714,0,0.2949288256227758,"Недостаточно признаков специальной роли: 1 отправителей, 0 получателей. Это не отсутствие риска. Глубина 4: исходящие потоки могут быть скрыты."
100000001991973100,peripheral,0.2957950483796737,8,0.0711743772241993,"Недостаточно признаков специальной роли: 1 отправителей, 0 получателей. Это не отсутствие риска. Глубина 4: исходящие потоки могут быть скрыты."
100000004569637100,peripheral,0.3817674094287476,4,0.06227758007117438,"Недостаточно признаков специальной роли: 1 отправителей, 0 получателей. Это не отсутствие риска. Глубина 4: исходящие потоки могут быть скрыты."
100000008675322100,peripheral,0.24525516129718394,34,0.6459074733096085,"Недостаточно признаков специальной роли: 1 отправителей, 0 получателей. Это не отсутствие риска. Глубина 4: исходящие потоки могут быть скрыты."
100000004235471100,peripheral,0.27069143462397655,6,0.4750889679715303,"Недостаточно признаков специальной роли: 1 отправителей, 0 получателей. Это не отсутствие риска. Глубина 4: исходящие потоки могут быть скрыты."
100000003194831100,peripheral,0.3406760684369795,8,0.009341637010676156,"Недостаточно признаков специальной роли: 1 отправителей, 0 получателей. Это не отсутствие риска. Глубина 4: исходящие потоки могут быть скрыты."
100000008588665100,peripheral,0.2940190644615325,0,0.17927046263345195,"Недостаточно признаков специальной роли: 1 отправителей, 0 получателей. Это не отсутствие риска. Глубина 4: исходящие потоки могут быть скрыты."
100000003230329100,peripheral,0.2630616977597159,2,0.28291814946619215,"Недостаточно признаков специальной роли: 1 отправителей, 0 получателей. Это не отсутствие риска. Глубина 4: исходящие потоки могут быть скрыты."
100000002217806100,peripheral,0.27840443449460744,36,0.39101423487544484,"Недостаточно признаков специальной роли: 1 отправителей, 0 получателей. Это не отсутствие риска. Глубина 4: исходящие потоки могут быть скрыты."
100000004041294100,peripheral,0.2865906638603732,23,0.2099644128113879,"Недостаточно признаков специальной роли: 1 отправителей, 0 получателей. Это не отсутствие риска. Глубина 4: исходящие потоки могут быть скрыты."
100000008583971100,peripheral,0.2471637012692656,0,0.4266014234875445,"Недостаточно признаков специальной роли: 2 отправителей, 0 получателей. Это не отсутствие риска. Глубина 4: исходящие потоки могут быть скрыты."
100000008251939100,peripheral,0.2822981289455071,8,0.18416370106761565,"Недостаточно признаков специальной роли: 1 отправителей, 0 получателей. Это не отсутствие риска. Глубина 4: исходящие потоки могут быть скрыты."
100000004049912100,peripheral,0.3283166217493733,16,0.033807829181494664,"Недостаточно признаков специальной роли: 1 отправителей, 0 получателей. Это не отсутствие риска. Глубина 4: исходящие потоки могут быть скрыты."
100000002227960100,peripheral,0.32392218714836535,19,0.015569395017793594,"Недостаточно признаков специальной роли: 1 отправителей, 0 получателей. Это не отсутствие риска. Глубина 4: исходящие потоки могут быть скрыты."
100000008677368100,peripheral,0.3300386997370471,7,0.1103202846975089,"Недостаточно признаков специальной роли: 1 отправителей, 0 получателей. Это не отсутствие риска. Глубина 4: исходящие потоки могут быть скрыты."
100000008631800100,peripheral,0.30581922611674817,8,0.03425266903914591,"Недостаточно признаков специальной роли: 1 отправителей, 0 получателей. Это не отсутствие риска. Глубина 4: исходящие потоки могут быть скрыты."
100000003220685100,peripheral,0.23800895919186868,6,0.7104092526690391,"Недостаточно признаков специальной роли: 1 отправителей, 0 получателей. Это не отсутствие риска. Глубина 4: исходящие потоки могут быть скрыты."
100000003072205100,peripheral,0.24364386899365362,2,0.5889679715302492,"Недостаточно признаков специальной роли: 2 отправителей, 0 получателей. Это не отсутствие риска. Глубина 4: исходящие потоки могут быть скрыты."
100000001202637100,peripheral,0.34523160350040777,8,0.0849644128113879,"Недостаточно признаков специальной роли: 1 отправителей, 0 получателей. Это не отсутствие риска. Глубина 4: исходящие потоки могут быть скрыты."
100000002835874100,peripheral,0.27430216785592954,2,0.22108540925266904,"Недостаточно признаков специальной роли: 1 отправителей, 0 получателей. Это не отсутствие риска. Глубина 4: исходящие потоки могут быть скрыты."
100000002707106100,peripheral,0.2946336642285686,13,0.14768683274021352,"Недостаточно признаков специальной роли: 1 отправителей, 0 получателей. Это не отсутствие риска. Глубина 4: исходящие потоки могут быть скрыты."
100000008343415100,peripheral,0.2591432789794998,4,0.530693950177936,"Недостаточно признаков специальной роли: 1 отправителей, 0 получателей. Это не отсутствие риска. Глубина 4: исходящие потоки могут быть скрыты."
100000004981068100,peripheral,0.3143076966702105,4,0.13345195729537365,"Недостаточно признаков специальной роли: 1 отправителей, 0 получателей. Это не отсутствие риска. Глубина 4: исходящие потоки могут быть скрыты."
100000004241142100,peripheral,0.31297184345573364,0,0.21841637010676157,"Недостаточно признаков специальной роли: 1 отправителей, 0 получателей. Это не отсутствие риска. Глубина 4: исходящие потоки могут быть скрыты."
100000008190411100,peripheral,0.24691259431043272,50,0.5716192170818505,"Недостаточно признаков специальной роли: 1 отправителей, 0 получателей. Это не отсутствие риска. Глубина 4: исходящие потоки могут быть скрыты."
100000008699083100,peripheral,0.2549130547726433,11,0.2411032028469751,"Недостаточно признаков специальной роли: 1 отправителей, 0 получателей. Это не отсутствие риска. Глубина 4: исходящие потоки могут быть скрыты."
100000008136608100,peripheral,0.27814769264019396,8,0.3709964412811388,"Недостаточно признаков специальной роли: 1 отправителей, 0 получателей. Это не отсутствие риска. Глубина 4: исходящие потоки могут быть скрыты."
100000008695157100,peripheral,0.2346607990375081,4,0.5791814946619217,"Недостаточно признаков специальной роли: 1 отправителей, 0 получателей. Это не отсутствие риска. Глубина 4: исходящие потоки могут быть скрыты."
100000000369781100,peripheral,0.39164110257947793,6,0.20284697508896798,"Недостаточно признаков специальной роли: 1 отправителей, 0 получателей. Это не отсутствие риска. Глубина 4: исходящие потоки могут быть скрыты."
100000003133045100,peripheral,0.27687480639912626,50,0.18861209964412812,"Недостаточно признаков специальной роли: 1 отправителей, 0 получателей. Это не отсутствие риска. Глубина 4: исходящие потоки могут быть скрыты."
100000002474570100,peripheral,0.3137036078933351,8,0.020462633451957295,"Недостаточно признаков специальной роли: 1 отправителей, 0 получателей. Это не отсутствие риска. Глубина 4: исходящие потоки могут быть скрыты."
100000002514975100,peripheral,0.3242003934403024,24,0.1347864768683274,"Недостаточно признаков специальной роли: 1 отправителей, 0 получателей. Это не отсутствие риска. Глубина 4: исходящие потоки могут быть скрыты."
100000001089055100,peripheral,0.2992486723072449,15,0.08140569395017794,"Недостаточно признаков специальной роли: 1 отправителей, 0 получателей. Это не отсутствие риска. Глубина 4: исходящие потоки могут быть скрыты."
100000000608031100,peripheral,0.31128132884883597,15,0.18371886120996442,"Недостаточно признаков специальной роли: 1 отправителей, 0 получателей. Это не отсутствие риска. Глубина 4: исходящие потоки могут быть скрыты."
100000002659103100,peripheral,0.2537388135388006,43,0.2931494661921708,"Недостаточно признаков специальной роли: 1 отправителей, 0 получателей. Это не отсутствие риска. Глубина 4: исходящие потоки могут быть скрыты."
100000000733940100,peripheral,0.2417271139406034,29,0.5693950177935944,"Недостаточно признаков специальной роли: 1 отправителей, 0 получателей. Это не отсутствие риска. Глубина 4: исходящие потоки могут быть скрыты."
100000001537524100,peripheral,0.26237656717323876,11,0.2050711743772242,"Недостаточно признаков специальной роли: 1 отправителей, 0 получателей. Это не отсутствие риска. Глубина 4: исходящие потоки могут быть скрыты."
100000002971593100,peripheral,0.30093873715349506,6,0.41058718861209964,"Недостаточно признаков специальной роли: 1 отправителей, 0 получателей. Это не отсутствие риска. Глубина 4: исходящие потоки могут быть скрыты."
100000006918814100,peripheral,0.2732785771105207,3,0.28692170818505336,"Недостаточно признаков специальной роли: 1 отправителей, 0 получателей. Это не отсутствие риска. Глубина 4: исходящие потоки могут быть скрыты."
100000007381662100,peripheral,0.2994015580166884,0,0.148576512455516,"Недостаточно признаков специальной роли: 1 отправителей, 0 получателей. Это не отсутствие риска. Глубина 4: исходящие потоки могут быть скрыты."
100000003199390100,peripheral,0.2648625517167515,6,0.5129003558718861,"Недостаточно признаков специальной роли: 1 отправителей, 0 получателей. Это не отсутствие риска. Глубина 4: исходящие потоки могут быть скрыты."
100000007749747100,peripheral,0.29734624768939866,2,0.19839857651245552,"Недостаточно признаков специальной роли: 1 отправителей, 0 получателей. Это не отсутствие риска. Глубина 4: исходящие потоки могут быть скрыты."
100000003447411100,peripheral,0.2190764733858746,4,0.5987544483985765,"Недостаточно признаков специальной роли: 1 отправителей, 0 получателей. Это не отсутствие риска. Глубина 4: исходящие потоки могут быть скрыты."
100000000500040100,peripheral,0.28914217510699863,0,0.19083629893238435,"Недостаточно признаков специальной роли: 1 отправителей, 0 получателей. Это не отсутствие риска. Глубина 4: исходящие потоки могут быть скрыты."
100000008551752100,peripheral,0.2433860475136758,39,0.552491103202847,"Недостаточно признаков специальной роли: 1 отправителей, 0 получателей. Это не отсутствие риска. Глубина 4: исходящие потоки могут быть скрыты."
100000002876914100,peripheral,0.3068206178604039,8,0.03158362989323844,"Недостаточно признаков специальной роли: 1 отправителей, 0 получателей. Это не отсутствие риска. Глубина 4: исходящие потоки могут быть скрыты."
100000004571634100,peripheral,0.3157705124741663,10,0.09163701067615658,"Недостаточно признаков специальной роли: 1 отправителей, 0 получателей. Это не отсутствие риска. Глубина 4: исходящие потоки могут быть скрыты."
100000004610802100,peripheral,0.25766743719830487,58,0.6129893238434164,"Недостаточно признаков специальной роли: 1 отправителей, 0 получателей. Это не отсутствие риска. Глубина 4: исходящие потоки могут быть скрыты."
100000001311175100,peripheral,0.2671656473750491,11,0.39679715302491103,"Недостаточно признаков специальной роли: 1 отправителей, 0 получателей. Это не отсутствие риска. Глубина 4: исходящие потоки могут быть скрыты."
100000008740295100,peripheral,0.24802805535647166,2,0.3959074733096085,"Недостаточно признаков специальной роли: 1 отправителей, 0 получателей. Это не отсутствие риска. Глубина 4: исходящие потоки могут быть скрыты."
100000002596039100,peripheral,0.23807172547971275,4,0.41770462633451955,"Недостаточно признаков специальной роли: 1 отправителей, 0 получателей. Это не отсутствие риска. Глубина 4: исходящие потоки могут быть скрыты."
100000002126791100,peripheral,0.24229283045660618,2,0.6788256227758007,"Недостаточно признаков специальной роли: 1 отправителей, 0 получателей. Это не отсутствие риска. Глубина 4: исходящие потоки могут быть скрыты."
100000005783452100,peripheral,0.23257732343472873,11,0.6926156583629893,"Недостаточно признаков специальной роли: 2 отправителей, 0 получателей. Это не отсутствие риска. Глубина 4: исходящие потоки могут быть скрыты."
100000006693788100,peripheral,0.3334606529303469,0,0.08051601423487545,"Недостаточно признаков специальной роли: 1 отправителей, 0 получателей. Это не отсутствие риска. Глубина 4: исходящие потоки могут быть скрыты."
100000002832753100,peripheral,0.33102792156894256,14,0.12633451957295375,"Недостаточно признаков специальной роли: 1 отправителей, 0 получателей. Это не отсутствие риска. Глубина 4: исходящие потоки могут быть скрыты."
100000002981489100,peripheral,0.3227481267690579,6,0.12322064056939502,"Недостаточно признаков специальной роли: 1 отправителей, 0 получателей. Это не отсутствие риска. Глубина 4: исходящие потоки могут быть скрыты."
100000003084870100,peripheral,0.35024902823610354,11,0.03291814946619217,"Недостаточно признаков специальной роли: 1 отправителей, 0 получателей. Это не отсутствие риска. Глубина 4: исходящие потоки могут быть скрыты."
100000002791494100,peripheral,0.26875908302974016,8,0.24822064056939502,"Недостаточно признаков специальной роли: 1 отправителей, 0 получателей. Это не отсутствие риска. Глубина 4: исходящие потоки могут быть скрыты."
100000003345947100,peripheral,0.2603285349907445,4,0.4959964412811388,"Недостаточно признаков специальной роли: 1 отправителей, 0 получателей. Это не отсутствие риска. Глубина 4: исходящие потоки могут быть скрыты."
100000002733083100,peripheral,0.30474457706678654,8,0.08229537366548043,"Недостаточно признаков специальной роли: 1 отправителей, 0 получателей. Это не отсутствие риска. Глубина 4: исходящие потоки могут быть скрыты."
100000003247600100,peripheral,0.29673162817469606,3,0.2846975088967972,"Недостаточно признаков специальной роли: 1 отправителей, 0 получателей. Это не отсутствие риска. Глубина 4: исходящие потоки могут быть скрыты."
100000001378288100,peripheral,0.2534535851245671,4,0.5493772241992882,"Недостаточно признаков специальной роли: 1 отправителей, 0 получателей. Это не отсутствие риска. Глубина 4: исходящие потоки могут быть скрыты."
100000002305477100,peripheral,0.31168702658945574,19,0.04181494661921708,"Недостаточно признаков специальной роли: 1 отправителей, 0 получателей. Это не отсутствие риска. Глубина 4: исходящие потоки могут быть скрыты."
100000006638021100,peripheral,0.24418419579401293,46,0.6392348754448398,"Недостаточно признаков специальной роли: 2 отправителей, 0 получателей. Это не отсутствие риска. Глубина 4: исходящие потоки могут быть скрыты."
100000008517061100,peripheral,0.21336178574571746,13,0.6370106761565836,"Недостаточно признаков специальной роли: 1 отправителей, 0 получателей. Это не отсутствие риска. Глубина 4: исходящие потоки могут быть скрыты."
100000005910895100,peripheral,0.38609064993679965,10,0.07384341637010676,"Недостаточно признаков специальной роли: 1 отправителей, 0 получателей. Это не отсутствие риска. Глубина 4: исходящие потоки могут быть скрыты."
100000002723439100,peripheral,0.3006716893868934,10,0.2833629893238434,"Недостаточно признаков специальной роли: 1 отправителей, 0 получателей. Это не отсутствие риска. Глубина 4: исходящие потоки могут быть скрыты."
100000002320495100,peripheral,0.3300226619513505,15,0.09741992882562278,"Недостаточно признаков специальной роли: 1 отправителей, 0 получателей. Это не отсутствие риска. Глубина 4: исходящие потоки могут быть скрыты."
100000002229615100,peripheral,0.3156744813378819,19,0.24955516014234874,"Недостаточно признаков специальной роли: 1 отправителей, 0 получателей. Это не отсутствие риска. Глубина 4: исходящие потоки могут быть скрыты."
100000008327791100,peripheral,0.33228460332863136,15,0.10186832740213524,"Недостаточно признаков специальной роли: 1 отправителей, 0 получателей. Это не отсутствие риска. Глубина 4: исходящие потоки могут быть скрыты."
100000002208836100,peripheral,0.28472682667050836,6,0.44217081850533807,"Недостаточно признаков специальной роли: 1 отправителей, 0 получателей. Это не отсутствие риска. Глубина 4: исходящие потоки могут быть скрыты."
100000001724740100,peripheral,0.25560921902771827,2,0.5556049822064056,"Недостаточно признаков специальной роли: 1 отправителей, 0 получателей. Это не отсутствие риска. Глубина 4: исходящие потоки могут быть скрыты."
100000004386286100,peripheral,0.3227826342397265,9,0.18193950177935944,"Недостаточно признаков специальной роли: 1 отправителей, 0 получателей. Это не отсутствие риска. Глубина 4: исходящие потоки могут быть скрыты."
100000001714883100,peripheral,0.3135066308221764,8,0.02090747330960854,"Недостаточно признаков специальной роли: 1 отправителей, 0 получателей. Это не отсутствие риска. Глубина 4: исходящие потоки могут быть скрыты."
100000008337304100,peripheral,0.2591012353519402,4,0.42571174377224197,"Недостаточно признаков специальной роли: 1 отправителей, 0 получателей. Это не отсутствие риска. Глубина 4: исходящие потоки могут быть скрыты."
100000000655469100,peripheral,0.29871286069119174,19,0.3109430604982206,"Недостаточно признаков специальной роли: 1 отправителей, 0 получателей. Это не отсутствие риска. Глубина 4: исходящие потоки могут быть скрыты."
100000008722541100,peripheral,0.24962654371994655,6,0.6819395017793595,"Недостаточно признаков специальной роли: 1 отправителей, 0 получателей. Это не отсутствие риска. Глубина 4: исходящие потоки могут быть скрыты."
100000004222274100,peripheral,0.32718343431900654,0,0.11387900355871886,"Недостаточно признаков специальной роли: 1 отправителей, 0 получателей. Это не отсутствие риска. Глубина 4: исходящие потоки могут быть скрыты."
100000006232642100,peripheral,0.22569068900218145,40,0.5916370106761566,"Недостаточно признаков специальной роли: 1 отправителей, 0 получателей. Это не отсутствие риска. Глубина 4: исходящие потоки могут быть скрыты."
100000004066370100,peripheral,0.2746557755513507,35,0.4515124555160142,"Недостаточно признаков специальной роли: 1 отправителей, 0 получателей. Это не отсутствие риска. Глубина 4: исходящие потоки могут быть скрыты."
100000005685783100,peripheral,0.31422996765545774,1,0.15658362989323843,"Недостаточно признаков специальной роли: 1 отправителей, 0 получателей. Это не отсутствие риска. Глубина 4: исходящие потоки могут быть скрыты."
100000006171671100,peripheral,0.3436407443976307,0,0.13434163701067617,"Недостаточно признаков специальной роли: 1 отправителей, 0 получателей. Это не отсутствие риска. Глубина 4: исходящие потоки могут быть скрыты."
100000003481025100,peripheral,0.35883510246095396,0,0.06806049822064057,"Недостаточно признаков специальной роли: 1 отправителей, 0 получателей. Это не отсутствие риска. Глубина 4: исходящие потоки могут быть скрыты."
100000003646145100,peripheral,0.33116546298705346,31,0.08941281138790036,"Недостаточно признаков специальной роли: 1 отправителей, 0 получателей. Это не отсутствие риска. Глубина 4: исходящие потоки могут быть скрыты."
100000002659265100,peripheral,0.2648066968179091,2,0.22597864768683273,"Недостаточно признаков специальной роли: 1 отправителей, 0 получателей. Это не отсутствие риска. Глубина 4: исходящие потоки могут быть скрыты."
100000003289281100,peripheral,0.30568378914532096,0,0.2255338078291815,"Недостаточно признаков специальной роли: 1 отправителей, 0 получателей. Это не отсутствие риска. Глубина 4: исходящие потоки могут быть скрыты."
100000004840086100,peripheral,0.2674648796279575,0,0.47286476868327404,"Недостаточно признаков специальной роли: 1 отправителей, 0 получателей. Это не отсутствие риска. Глубина 4: исходящие потоки могут быть скрыты."
100000008554390100,peripheral,0.30478800745724594,8,0.03469750889679715,"Недостаточно признаков специальной роли: 1 отправителей, 0 получателей. Это не отсутствие риска. Глубина 4: исходящие потоки могут быть скрыты."
100000004691350100,peripheral,0.33024064887679655,48,0.13612099644128114,"Недостаточно признаков специальной роли: 1 отправителей, 0 получателей. Это не отсутствие риска. Глубина 4: исходящие потоки могут быть скрыты."
100000004652395100,consolidator,0.6617816183136899,0,0.7602313167259787,"Гипотеза сбора: 3 отправителей; вход ≈101,5 тыс. ₸, выход 0,00 ₸. Входящий объём преобладает. Глубина 4: исходящие потоки могут быть скрыты."
100000004979264100,peripheral,0.30285458986587355,2,0.17170818505338079,"Недостаточно признаков специальной роли: 1 отправителей, 0 получателей. Это не отсутствие риска. Глубина 4: исходящие потоки могут быть скрыты."
100000008074304100,peripheral,0.3546139962582,6,0.1561387900355872,"Недостаточно признаков специальной роли: 1 отправителей, 0 получателей. Это не отсутствие риска. Глубина 4: исходящие потоки могут быть скрыты."
100000002227989100,peripheral,0.312573325659666,19,0.099644128113879,"Недостаточно признаков специальной роли: 1 отправителей, 0 получателей. Это не отсутствие риска. Глубина 4: исходящие потоки могут быть скрыты."
100000003207060100,peripheral,0.2772620079678956,0,0.29048042704626337,"Недостаточно признаков специальной роли: 1 отправителей, 0 получателей. Это не отсутствие риска. Глубина 4: исходящие потоки могут быть скрыты."
100000004601193100,peripheral,0.2757492756520859,10,0.49777580071174377,"Недостаточно признаков специальной роли: 1 отправителей, 0 получателей. Это не отсутствие риска. Глубина 4: исходящие потоки могут быть скрыты."
100000004991593100,peripheral,0.25805358598988376,4,0.5422597864768683,"Недостаточно признаков специальной роли: 1 отправителей, 0 получателей. Это не отсутствие риска. Глубина 4: исходящие потоки могут быть скрыты."
100000003128638100,peripheral,0.2533436121688121,2,0.3474199288256228,"Недостаточно признаков специальной роли: 1 отправителей, 0 получателей. Это не отсутствие риска. Глубина 4: исходящие потоки могут быть скрыты."
100000005878334100,peripheral,0.2741702024020225,4,0.46129893238434166,"Недостаточно признаков специальной роли: 1 отправителей, 0 получателей. Это не отсутствие риска. Глубина 4: исходящие потоки могут быть скрыты."
100000002878483100,peripheral,0.3144217491269796,8,0.018683274021352312,"Недостаточно признаков специальной роли: 1 отправителей, 0 получателей. Это не отсутствие риска. Глубина 4: исходящие потоки могут быть скрыты."
100000000981693100,peripheral,0.3256870523004351,0,0.16814946619217083,"Недостаточно признаков специальной роли: 1 отправителей, 0 получателей. Это не отсутствие риска. Глубина 4: исходящие потоки могут быть скрыты."
100000006416061100,peripheral,0.30647761348344743,0,0.14991103202846975,"Недостаточно признаков специальной роли: 1 отправителей, 0 получателей. Это не отсутствие риска. Глубина 4: исходящие потоки могут быть скрыты."
100000008168850100,peripheral,0.2616207562614351,6,0.6490213523131673,"Недостаточно признаков специальной роли: 1 отправителей, 0 получателей. Это не отсутствие риска. Глубина 4: исходящие потоки могут быть скрыты."
100000004747154100,peripheral,0.27698570184772325,50,0.18594306049822065,"Недостаточно признаков специальной роли: 1 отправителей, 0 получателей. Это не отсутствие риска. Глубина 4: исходящие потоки могут быть скрыты."
100000008524903100,peripheral,0.3238899878989852,0,0.10809608540925267,"Недостаточно признаков специальной роли: 1 отправителей, 0 получателей. Это не отсутствие риска. Глубина 4: исходящие потоки могут быть скрыты."
100000005049404100,peripheral,0.26418086085780756,6,0.5413701067615658,"Недостаточно признаков специальной роли: 1 отправителей, 0 получателей. Это не отсутствие риска. Глубина 4: исходящие потоки могут быть скрыты."
100000002258492100,peripheral,0.35888045936714125,17,0.08362989323843416,"Недостаточно признаков специальной роли: 1 отправителей, 0 получателей. Это не отсутствие риска. Глубина 4: исходящие потоки могут быть скрыты."
100000005497148100,peripheral,0.3006813697225786,6,0.4706405693950178,"Недостаточно признаков специальной роли: 1 отправителей, 0 получателей. Это не отсутствие риска. Глубина 4: исходящие потоки могут быть скрыты."
100000004596284100,peripheral,0.31137038316641674,5,0.19128113879003558,"Недостаточно признаков специальной роли: 1 отправителей, 0 получателей. Это не отсутствие риска. Глубина 4: исходящие потоки могут быть скрыты."
100000007960337100,peripheral,0.3005695860074257,4,0.21530249110320285,"Недостаточно признаков специальной роли: 1 отправителей, 0 получателей. Это не отсутствие риска. Глубина 4: исходящие потоки могут быть скрыты."
100000003180305100,peripheral,0.2779756275497754,0,0.5057829181494662,"Недостаточно признаков специальной роли: 1 отправителей, 0 получателей. Это не отсутствие риска. Глубина 4: исходящие потоки могут быть скрыты."
100000007653094100,peripheral,0.3225434970618627,12,0.35186832740213525,"Недостаточно признаков специальной роли: 1 отправителей, 0 получателей. Это не отсутствие риска. Глубина 4: исходящие потоки могут быть скрыты."
100000008175078100,peripheral,0.23692751135404908,34,0.7375444839857651,"Недостаточно признаков специальной роли: 1 отправителей, 0 получателей. Это не отсутствие риска. Глубина 4: исходящие потоки могут быть скрыты."
100000004263867100,peripheral,0.31133407268147983,8,0.023131672597864767,"Недостаточно признаков специальной роли: 1 отправителей, 0 получателей. Это не отсутствие риска. Глубина 4: исходящие потоки могут быть скрыты."
100000002194320100,peripheral,0.26716319962970014,56,0.4199288256227758,"Недостаточно признаков специальной роли: 1 отправителей, 0 получателей. Это не отсутствие риска. Глубина 4: исходящие потоки могут быть скрыты."
100000001222245100,peripheral,0.25218459662529646,6,0.7135231316725978,"Недостаточно признаков специальной роли: 1 отправителей, 0 получателей. Это не отсутствие риска. Глубина 4: исходящие потоки могут быть скрыты."
100000008151098100,peripheral,0.3045900056629797,24,0.10231316725978648,"Недостаточно признаков специальной роли: 1 отправителей, 0 получателей. Это не отсутствие риска. Глубина 4: исходящие потоки могут быть скрыты."
100000008735802100,peripheral,0.27416390516547456,0,0.4973309608540925,"Недостаточно признаков специальной роли: 1 отправителей, 0 получателей. Это не отсутствие риска. Глубина 4: исходящие потоки могут быть скрыты."
100000004047887100,peripheral,0.30082755666947203,37,0.1903914590747331,"Недостаточно признаков специальной роли: 1 отправителей, 0 получателей. Это не отсутствие риска. Глубина 4: исходящие потоки могут быть скрыты."
100000003146511100,peripheral,0.3276369738864022,12,0.035142348754448396,"Недостаточно признаков специальной роли: 1 отправителей, 0 получателей. Это не отсутствие риска. Глубина 4: исходящие потоки могут быть скрыты."
100000007511780100,peripheral,0.2397344871712345,30,0.5315836298932385,"Недостаточно признаков специальной роли: 1 отправителей, 0 получателей. Это не отсутствие риска. Глубина 4: исходящие потоки могут быть скрыты."
100000007867364100,peripheral,0.30015433641478817,16,0.18149466192170818,"Недостаточно признаков специальной роли: 1 отправителей, 0 получателей. Это не отсутствие риска. Глубина 4: исходящие потоки могут быть скрыты."
100000006288612100,peripheral,0.2719711139776975,9,0.30338078291814946,"Недостаточно признаков специальной роли: 1 отправителей, 0 получателей. Это не отсутствие риска. Глубина 4: исходящие потоки могут быть скрыты."
100000006735545100,peripheral,0.3086566718230516,4,0.20596085409252668,"Недостаточно признаков специальной роли: 1 отправителей, 0 получателей. Это не отсутствие риска. Глубина 4: исходящие потоки могут быть скрыты."
100000004403641100,peripheral,0.26013357209814425,11,0.21708185053380782,"Недостаточно признаков специальной роли: 1 отправителей, 0 получателей. Это не отсутствие риска. Глубина 4: исходящие потоки могут быть скрыты."
100000003370425100,peripheral,0.31775531382352484,12,0.38033807829181493,"Недостаточно признаков специальной роли: 1 отправителей, 0 получателей. Это не отсутствие риска. Глубина 4: исходящие потоки могут быть скрыты."
100000004350094100,peripheral,0.29859800201386116,16,0.199288256227758,"Недостаточно признаков специальной роли: 1 отправителей, 0 получателей. Это не отсутствие риска. Глубина 4: исходящие потоки могут быть скрыты."
100000004911971100,peripheral,0.2787715165751006,34,0.41192170818505336,"Недостаточно признаков специальной роли: 1 отправителей, 0 получателей. Это не отсутствие риска. Глубина 4: исходящие потоки могут быть скрыты."
100000001202787100,peripheral,0.27058165231187664,0,0.6040925266903915,"Недостаточно признаков специальной роли: 2 отправителей, 0 получателей. Это не отсутствие риска. Глубина 4: исходящие потоки могут быть скрыты."
100000008469048100,peripheral,0.2578632323087463,0,0.7090747330960854,"Недостаточно признаков специальной роли: 1 отправителей, 0 получателей. Это не отсутствие риска. Глубина 4: исходящие потоки могут быть скрыты."
100000002635746100,peripheral,0.3153758896261175,8,0.016459074733096084,"Недостаточно признаков специальной роли: 1 отправителей, 0 получателей. Это не отсутствие риска. Глубина 4: исходящие потоки могут быть скрыты."
100000008321975100,peripheral,0.3295362011692164,19,0.05871886120996441,"Недостаточно признаков специальной роли: 1 отправителей, 0 получателей. Это не отсутствие риска. Глубина 4: исходящие потоки могут быть скрыты."
100000003078839100,peripheral,0.3117786100390396,4,0.19395017793594305,"Недостаточно признаков специальной роли: 1 отправителей, 0 получателей. Это не отсутствие риска. Глубина 4: исходящие потоки могут быть скрыты."
100000004006327100,peripheral,0.2545456818389794,2,0.5680604982206405,"Недостаточно признаков специальной роли: 1 отправителей, 0 получателей. Это не отсутствие риска. Глубина 4: исходящие потоки могут быть скрыты."
100000007865484100,peripheral,0.23951317159778038,39,0.5845195729537367,"Недостаточно признаков специальной роли: 1 отправителей, 0 получателей. Это не отсутствие риска. Глубина 4: исходящие потоки могут быть скрыты."
100000005367180100,peripheral,0.36629872492353144,4,0.09919928825622776,"Недостаточно признаков специальной роли: 1 отправителей, 0 получателей. Это не отсутствие риска. Глубина 4: исходящие потоки могут быть скрыты."
100000001669260100,peripheral,0.26338170789305454,4,0.45729537366548045,"Недостаточно признаков специальной роли: 1 отправителей, 0 получателей. Это не отсутствие риска. Глубина 4: исходящие потоки могут быть скрыты."
100000001297206100,peripheral,0.31205757848754506,0,0.05604982206405694,"Недостаточно признаков специальной роли: 1 отправителей, 0 получателей. Это не отсутствие риска. Глубина 4: исходящие потоки могут быть скрыты."
100000002645046100,peripheral,0.3067994708844219,8,0.03202846975088968,"Недостаточно признаков специальной роли: 1 отправителей, 0 получателей. Это не отсутствие риска. Глубина 4: исходящие потоки могут быть скрыты."
100000006308406100,peripheral,0.2551509956209028,19,0.5160142348754448,"Недостаточно признаков специальной роли: 1 отправителей, 0 получателей. Это не отсутствие риска. Глубина 4: исходящие потоки могут быть скрыты."
100000002728246100,peripheral,0.3411500079221942,6,0.2362099644128114,"Недостаточно признаков специальной роли: 1 отправителей, 0 получателей. Это не отсутствие риска. Глубина 4: исходящие потоки могут быть скрыты."
100000001590795100,peripheral,0.31579299855075105,8,0.014679715302491103,"Недостаточно признаков специальной роли: 1 отправителей, 0 получателей. Это не отсутствие риска. Глубина 4: исходящие потоки могут быть скрыты."
100000006257675100,peripheral,0.26580476932518454,19,0.38256227758007116,"Недостаточно признаков специальной роли: 1 отправителей, 0 получателей. Это не отсутствие риска. Глубина 4: исходящие потоки могут быть скрыты."
100000002130400100,peripheral,0.3256114212661075,35,0.04937722419928826,"Недостаточно признаков специальной роли: 1 отправителей, 0 получателей. Это не отсутствие риска. Глубина 4: исходящие потоки могут быть скрыты."
100000000557536100,peripheral,0.2578902357630422,34,0.6165480427046264,"Недостаточно признаков специальной роли: 1 отправителей, 0 получателей. Это не отсутствие риска. Глубина 4: исходящие потоки могут быть скрыты."
100000002689717100,peripheral,0.2800787257154717,8,0.19572953736654805,"Недостаточно признаков специальной роли: 1 отправителей, 0 получателей. Это не отсутствие риска. Глубина 4: исходящие потоки могут быть скрыты."
100000005189258100,peripheral,0.2676462560493135,6,0.2304270462633452,"Недостаточно признаков специальной роли: 1 отправителей, 0 получателей. Это не отсутствие риска. Глубина 4: исходящие потоки могут быть скрыты."
100000002748511100,peripheral,0.3034709342209384,5,0.16637010676156583,"Недостаточно признаков специальной роли: 1 отправителей, 0 получателей. Это не отсутствие риска. Глубина 4: исходящие потоки могут быть скрыты."
100000002371892100,peripheral,0.29975941260542344,60,0.16236654804270462,"Недостаточно признаков специальной роли: 1 отправителей, 0 получателей. Это не отсутствие риска. Глубина 4: исходящие потоки могут быть скрыты."
100000008130868100,peripheral,0.31606516640927607,11,0.11921708185053381,"Недостаточно признаков специальной роли: 1 отправителей, 0 получателей. Это не отсутствие риска. Глубина 4: исходящие потоки могут быть скрыты."
100000007153161100,peripheral,0.3037124146832194,0,0.2606761565836299,"Недостаточно признаков специальной роли: 1 отправителей, 0 получателей. Это не отсутствие риска. Глубина 4: исходящие потоки могут быть скрыты."
100000002994441100,peripheral,0.3946437298297235,4,0.05827402135231317,"Недостаточно признаков специальной роли: 1 отправителей, 0 получателей. Это не отсутствие риска. Глубина 4: исходящие потоки могут быть скрыты."
100000001065481100,peripheral,0.28576785600126764,12,0.25044483985765126,"Недостаточно признаков специальной роли: 1 отправителей, 0 получателей. Это не отсутствие риска. Глубина 4: исходящие потоки могут быть скрыты."
100000007731977100,peripheral,0.2690463286717124,0,0.2878113879003559,"Недостаточно признаков специальной роли: 1 отправителей, 0 получателей. Это не отсутствие риска. Глубина 4: исходящие потоки могут быть скрыты."
100000003252446100,peripheral,0.2660445427082087,2,0.19306049822064056,"Недостаточно признаков специальной роли: 1 отправителей, 0 получателей. Это не отсутствие риска. Глубина 4: исходящие потоки могут быть скрыты."
100000002671326100,peripheral,0.24477927201626024,2,0.6125444839857651,"Недостаточно признаков специальной роли: 1 отправителей, 0 получателей. Это не отсутствие риска. Глубина 4: исходящие потоки могут быть скрыты."
100000005087923100,peripheral,0.31794191698550717,25,0.13790035587188612,"Недостаточно признаков специальной роли: 1 отправителей, 0 получателей. Это не отсутствие риска. Глубина 4: исходящие потоки могут быть скрыты."
100000008770483100,peripheral,0.3322702719413434,46,0.08896797153024912,"Недостаточно признаков специальной роли: 1 отправителей, 0 получателей. Это не отсутствие риска. Глубина 4: исходящие потоки могут быть скрыты."
100000002748040100,peripheral,0.3012001104415544,8,0.10275800711743772,"Недостаточно признаков специальной роли: 1 отправителей, 0 получателей. Это не отсутствие риска. Глубина 4: исходящие потоки могут быть скрыты."
100000004800648100,peripheral,0.2610924012576263,9,0.24555160142348753,"Недостаточно признаков специальной роли: 1 отправителей, 0 получателей. Это не отсутствие риска. Глубина 4: исходящие потоки могут быть скрыты."
100000005025629100,peripheral,0.30882483502604546,6,0.21441281138790036,"Недостаточно признаков специальной роли: 1 отправителей, 0 получателей. Это не отсутствие риска. Глубина 4: исходящие потоки могут быть скрыты."
100000000581682100,peripheral,0.32331749010733435,26,0.01201067615658363,"Недостаточно признаков специальной роли: 1 отправителей, 0 получателей. Это не отсутствие риска. Глубина 4: исходящие потоки могут быть скрыты."
100000004976946100,peripheral,0.26352882624029866,39,0.351423487544484,"Недостаточно признаков специальной роли: 1 отправителей, 0 получателей. Это не отсутствие риска. Глубина 4: исходящие потоки могут быть скрыты."
100000000957746100,peripheral,0.35725718367304343,15,0.18327402135231316,"Недостаточно признаков специальной роли: 1 отправителей, 0 получателей. Это не отсутствие риска. Глубина 4: исходящие потоки могут быть скрыты."
100000003001138100,peripheral,0.2942721041431764,26,0.08629893238434164,"Недостаточно признаков специальной роли: 1 отправителей, 0 получателей. Это не отсутствие риска. Глубина 4: исходящие потоки могут быть скрыты."
100000001325618100,peripheral,0.3110731161671358,8,0.023576512455516015,"Недостаточно признаков специальной роли: 1 отправителей, 0 получателей. Это не отсутствие риска. Глубина 4: исходящие потоки могут быть скрыты."
100000003792647100,peripheral,0.33113673039762015,6,0.19172597864768684,"Недостаточно признаков специальной роли: 1 отправителей, 0 получателей. Это не отсутствие риска. Глубина 4: исходящие потоки могут быть скрыты."
100000004107228100,peripheral,0.3096102558925686,3,0.10720640569395018,"Недостаточно признаков специальной роли: 1 отправителей, 0 получателей. Это не отсутствие риска. Глубина 4: исходящие потоки могут быть скрыты."
100000003500764100,peripheral,0.31696851152074684,15,0.30204626334519574,"Недостаточно признаков специальной роли: 1 отправителей, 0 получателей. Это не отсутствие риска. Глубина 4: исходящие потоки могут быть скрыты."
100000004261340100,peripheral,0.25591082998042636,0,0.5004448398576512,"Недостаточно признаков специальной роли: 1 отправителей, 0 получателей. Это не отсутствие риска. Глубина 4: исходящие потоки могут быть скрыты."
100000008172721100,peripheral,0.2715118960058517,4,0.298932384341637,"Недостаточно признаков специальной роли: 1 отправителей, 0 получателей. Это не отсутствие риска. Глубина 4: исходящие потоки могут быть скрыты."
100000005079473100,peripheral,0.2809926454654702,4,0.14546263345195729,"Недостаточно признаков специальной роли: 1 отправителей, 0 получателей. Это не отсутствие риска. Глубина 4: исходящие потоки могут быть скрыты."
100000004850609100,peripheral,0.30360684891377404,0,0.059163701067615655,"Недостаточно признаков специальной роли: 1 отправителей, 0 получателей. Это не отсутствие риска. Глубина 4: исходящие потоки могут быть скрыты."
100000005042822100,peripheral,0.25484987902872,29,0.44661921708185054,"Недостаточно признаков специальной роли: 1 отправителей, 0 получателей. Это не отсутствие риска. Глубина 4: исходящие потоки могут быть скрыты."
100000002794374100,peripheral,0.2780474520920429,46,0.2402135231316726,"Недостаточно признаков специальной роли: 1 отправителей, 0 получателей. Это не отсутствие риска. Глубина 4: исходящие потоки могут быть скрыты."
100000002860934100,peripheral,0.24065214388226783,26,0.5965302491103203,"Недостаточно признаков специальной роли: 1 отправителей, 0 получателей. Это не отсутствие риска. Глубина 4: исходящие потоки могут быть скрыты."
100000003097947100,peripheral,0.2908315249773677,4,0.15302491103202848,"Недостаточно признаков специальной роли: 1 отправителей, 0 получателей. Это не отсутствие риска. Глубина 4: исходящие потоки могут быть скрыты."
100000004260869100,peripheral,0.34505105394666497,5,0.11654804270462633,"Недостаточно признаков специальной роли: 1 отправителей, 0 получателей. Это не отсутствие риска. Глубина 4: исходящие потоки могут быть скрыты."
100000008762885100,peripheral,0.3191873389220659,2,0.010898576512455516,"Недостаточно признаков специальной роли: 1 отправителей, 0 получателей. Это не отсутствие риска. Глубина 4: исходящие потоки могут быть скрыты."
100000002986245100,peripheral,0.3147358425005049,8,0.017348754448398576,"Недостаточно признаков специальной роли: 1 отправителей, 0 получателей. Это не отсутствие риска. Глубина 4: исходящие потоки могут быть скрыты."
100000001471706100,peripheral,0.2550316081236277,17,0.6192170818505338,"Недостаточно признаков специальной роли: 1 отправителей, 0 получателей. Это не отсутствие риска. Глубина 4: исходящие потоки могут быть скрыты."
100000002304943100,peripheral,0.31809555237433196,19,0.024466192170818506,"Недостаточно признаков специальной роли: 1 отправителей, 0 получателей. Это не отсутствие риска. Глубина 4: исходящие потоки могут быть скрыты."
100000002695812100,peripheral,0.2667106976035553,8,0.27179715302491103,"Недостаточно признаков специальной роли: 1 отправителей, 0 получателей. Это не отсутствие риска. Глубина 4: исходящие потоки могут быть скрыты."
100000008761220100,peripheral,0.31025436545481216,2,0.06338967971530249,"Недостаточно признаков специальной роли: 1 отправителей, 0 получателей. Это не отсутствие риска. Глубина 4: исходящие потоки могут быть скрыты."
100000004890713100,peripheral,0.2834340577872004,8,0.18016014234875444,"Недостаточно признаков специальной роли: 1 отправителей, 0 получателей. Это не отсутствие риска. Глубина 4: исходящие потоки могут быть скрыты."
100000003083865100,peripheral,0.30548677727296786,8,0.07873665480427046,"Недостаточно признаков специальной роли: 1 отправителей, 0 получателей. Это не отсутствие риска. Глубина 4: исходящие потоки могут быть скрыты."
100000004030553100,peripheral,0.29377853796693426,4,0.2513345195729537,"Недостаточно признаков специальной роли: 1 отправителей, 0 получателей. Это не отсутствие риска. Глубина 4: исходящие потоки могут быть скрыты."
100000002653187100,peripheral,0.32133278437324314,9,0.09786476868327403,"Недостаточно признаков специальной роли: 1 отправителей, 0 получателей. Это не отсутствие риска. Глубина 4: исходящие потоки могут быть скрыты."
100000006412162100,peripheral,0.2833778572716063,8,0.1806049822064057,"Недостаточно признаков специальной роли: 1 отправителей, 0 получателей. Это не отсутствие риска. Глубина 4: исходящие потоки могут быть скрыты."
100000004674178100,peripheral,0.3035601983831773,23,0.04359430604982206,"Недостаточно признаков специальной роли: 1 отправителей, 0 получателей. Это не отсутствие риска. Глубина 4: исходящие потоки могут быть скрыты."
100000004070530100,peripheral,0.31063333890551303,37,0.1494661921708185,"Недостаточно признаков специальной роли: 1 отправителей, 0 получателей. Это не отсутствие риска. Глубина 4: исходящие потоки могут быть скрыты."
100000006706519100,peripheral,0.28867682872098827,0,0.44083629893238435,"Недостаточно признаков специальной роли: 1 отправителей, 0 получателей. Это не отсутствие риска. Глубина 4: исходящие потоки могут быть скрыты."
100000005636951100,peripheral,0.3029678636506331,25,0.22330960854092527,"Недостаточно признаков специальной роли: 1 отправителей, 0 получателей. Это не отсутствие риска. Глубина 4: исходящие потоки могут быть скрыты."
100000003040087100,peripheral,0.2901776842730705,8,0.14902135231316727,"Недостаточно признаков специальной роли: 1 отправителей, 0 получателей. Это не отсутствие риска. Глубина 4: исходящие потоки могут быть скрыты."
100000008766764100,peripheral,0.3174984107655824,2,0.03936832740213523,"Недостаточно признаков специальной роли: 1 отправителей, 0 получателей. Это не отсутствие риска. Глубина 4: исходящие потоки могут быть скрыты."
100000000299820100,peripheral,0.33140094243361107,4,0.05738434163701068,"Недостаточно признаков специальной роли: 1 отправителей, 0 получателей. Это не отсутствие риска. Глубина 4: исходящие потоки могут быть скрыты."
100000008349740100,peripheral,0.2700653292261039,34,0.41592526690391457,"Недостаточно признаков специальной роли: 1 отправителей, 0 получателей. Это не отсутствие риска. Глубина 4: исходящие потоки могут быть скрыты."
100000008761132100,peripheral,0.31025436545481216,2,0.06338967971530249,"Недостаточно признаков специальной роли: 1 отправителей, 0 получателей. Это не отсутствие риска. Глубина 4: исходящие потоки могут быть скрыты."
100000002540033100,peripheral,0.3443762037448726,18,0.09830960854092527,"Недостаточно признаков специальной роли: 1 отправителей, 0 получателей. Это не отсутствие риска. Глубина 4: исходящие потоки могут быть скрыты."
100000001845505100,peripheral,0.3212412703797234,4,0.21040925266903915,"Недостаточно признаков специальной роли: 1 отправителей, 0 получателей. Это не отсутствие риска. Глубина 4: исходящие потоки могут быть скрыты."
100000003782913100,peripheral,0.2579787455777388,13,0.22419928825622776,"Недостаточно признаков специальной роли: 1 отправителей, 0 получателей. Это не отсутствие риска. Глубина 4: исходящие потоки могут быть скрыты."
100000008778753100,peripheral,0.3155302207904286,23,0.018238434163701068,"Недостаточно признаков специальной роли: 1 отправителей, 0 получателей. Это не отсутствие риска. Глубина 4: исходящие потоки могут быть скрыты."
100000008710913100,peripheral,0.3082810174417283,2,0.06094306049822064,"Недостаточно признаков специальной роли: 1 отправителей, 0 получателей. Это не отсутствие риска. Глубина 4: исходящие потоки могут быть скрыты."
100000005495211100,peripheral,0.32893607904876354,0,0.17437722419928825,"Недостаточно признаков специальной роли: 1 отправителей, 0 получателей. Это не отсутствие риска. Глубина 4: исходящие потоки могут быть скрыты."
100000004013952100,peripheral,0.3819046921681627,0,0.054270462633451956,"Недостаточно признаков специальной роли: 1 отправителей, 0 получателей. Это не отсутствие риска. Глубина 4: исходящие потоки могут быть скрыты."
100000007330432100,peripheral,0.24674969539504604,68,0.4719750889679715,"Недостаточно признаков специальной роли: 1 отправителей, 0 получателей. Это не отсутствие риска. Глубина 4: исходящие потоки могут быть скрыты."
100000000737152100,peripheral,0.30395463192878414,0,0.34252669039145905,"Недостаточно признаков специальной роли: 1 отправителей, 0 получателей. Это не отсутствие риска. Глубина 4: исходящие потоки могут быть скрыты."
100000004674389100,peripheral,0.32209480488020853,10,0.06628113879003558,"Недостаточно признаков специальной роли: 1 отправителей, 0 получателей. Это не отсутствие риска. Глубина 4: исходящие потоки могут быть скрыты."
100000002529877100,peripheral,0.2554692378611053,11,0.23843416370106763,"Недостаточно признаков специальной роли: 1 отправителей, 0 получателей. Это не отсутствие риска. Глубина 4: исходящие потоки могут быть скрыты."
100000004035925100,peripheral,0.24015552406893106,62,0.5720640569395018,"Недостаточно признаков специальной роли: 1 отправителей, 0 получателей. Это не отсутствие риска. Глубина 4: исходящие потоки могут быть скрыты."
100000002188586100,peripheral,0.284610251013608,8,0.17393238434163702,"Недостаточно признаков специальной роли: 1 отправителей, 0 получателей. Это не отсутствие риска. Глубина 4: исходящие потоки могут быть скрыты."
100000008050986100,peripheral,0.26499201600161326,6,0.5373665480427047,"Недостаточно признаков специальной роли: 1 отправителей, 0 получателей. Это не отсутствие риска. Глубина 4: исходящие потоки могут быть скрыты."
100000004777215100,peripheral,0.28813832750777857,19,0.29670818505338076,"Недостаточно признаков специальной роли: 1 отправителей, 0 получателей. Это не отсутствие риска. Глубина 4: исходящие потоки могут быть скрыты."
100000000926078100,peripheral,0.26867846567064396,4,0.45195729537366547,"Недостаточно признаков специальной роли: 1 отправителей, 0 получателей. Это не отсутствие риска. Глубина 4: исходящие потоки могут быть скрыты."
100000003486846100,peripheral,0.2999371091108443,5,0.31183274021352314,"Недостаточно признаков специальной роли: 1 отправителей, 0 получателей. Это не отсутствие риска. Глубина 4: исходящие потоки могут быть скрыты."
100000002516862100,peripheral,0.2667702292561699,58,0.4430604982206406,"Недостаточно признаков специальной роли: 1 отправителей, 0 получателей. Это не отсутствие риска. Глубина 4: исходящие потоки могут быть скрыты."
100000008730238100,peripheral,0.2843288715427725,2,0.32695729537366547,"Недостаточно признаков специальной роли: 1 отправителей, 0 получателей. Это не отсутствие риска. Глубина 4: исходящие потоки могут быть скрыты."
100000000803368100,peripheral,0.26400724068685877,13,0.3634341637010676,"Недостаточно признаков специальной роли: 1 отправителей, 0 получателей. Это не отсутствие риска. Глубина 4: исходящие потоки могут быть скрыты."
100000002528978100,peripheral,0.30388528424456673,8,0.08407473309608542,"Недостаточно признаков специальной роли: 1 отправителей, 0 получателей. Это не отсутствие риска. Глубина 4: исходящие потоки могут быть скрыты."
100000002597074100,peripheral,0.3290277212960772,0,0.06717081850533808,"Недостаточно признаков специальной роли: 1 отправителей, 0 получателей. Это не отсутствие риска. Глубина 4: исходящие потоки могут быть скрыты."
100000003631015100,peripheral,0.26254444548656236,39,0.3652135231316726,"Недостаточно признаков специальной роли: 1 отправителей, 0 получателей. Это не отсутствие риска. Глубина 4: исходящие потоки могут быть скрыты."
100000008255655100,peripheral,0.384736226874735,15,0.06405693950177936,"Недостаточно признаков специальной роли: 1 отправителей, 0 получателей. Это не отсутствие риска. Глубина 4: исходящие потоки могут быть скрыты."
100000004265639100,peripheral,0.34446598097077846,4,0.08318505338078291,"Недостаточно признаков специальной роли: 1 отправителей, 0 получателей. Это не отсутствие риска. Глубина 4: исходящие потоки могут быть скрыты."
100000002726055100,peripheral,0.32466899152902684,19,0.041370106761565835,"Недостаточно признаков специальной роли: 1 отправителей, 0 получателей. Это не отсутствие риска. Глубина 4: исходящие потоки могут быть скрыты."
100000003696422100,peripheral,0.2640443758834333,29,0.5093416370106761,"Недостаточно признаков специальной роли: 1 отправителей, 0 получателей. Это не отсутствие риска. Глубина 4: исходящие потоки могут быть скрыты."
100000007745062100,peripheral,0.2865859042619931,9,0.41459074733096085,"Недостаточно признаков специальной роли: 1 отправителей, 0 получателей. Это не отсутствие риска. Глубина 4: исходящие потоки могут быть скрыты."
100000005041147100,peripheral,0.3427959880134477,0,0.14590747330960854,"Недостаточно признаков специальной роли: 1 отправителей, 0 получателей. Это не отсутствие риска. Глубина 4: исходящие потоки могут быть скрыты."
100000003819173100,peripheral,0.2482982407613101,4,0.3536476868327402,"Недостаточно признаков специальной роли: 1 отправителей, 0 получателей. Это не отсутствие риска. Глубина 4: исходящие потоки могут быть скрыты."
100000001275557100,peripheral,0.31786799530067505,20,0.10587188612099645,"Недостаточно признаков специальной роли: 1 отправителей, 0 получателей. Это не отсутствие риска. Глубина 4: исходящие потоки могут быть скрыты."
100000002706810100,peripheral,0.2799015635312567,8,0.14412811387900357,"Недостаточно признаков специальной роли: 1 отправителей, 0 получателей. Это не отсутствие риска. Глубина 4: исходящие потоки могут быть скрыты."
100000002896506100,peripheral,0.2986418472375382,6,0.2629003558718861,"Недостаточно признаков специальной роли: 1 отправителей, 0 получателей. Это не отсутствие риска. Глубина 4: исходящие потоки могут быть скрыты."
100000008766031100,peripheral,0.3200401042169554,2,0.026245551601423486,"Недостаточно признаков специальной роли: 1 отправителей, 0 получателей. Это не отсутствие риска. Глубина 4: исходящие потоки могут быть скрыты."
100000008758607100,peripheral,0.3174984107655824,2,0.03936832740213523,"Недостаточно признаков специальной роли: 1 отправителей, 0 получателей. Это не отсутствие риска. Глубина 4: исходящие потоки могут быть скрыты."
100000008648783100,peripheral,0.3156209606089493,8,0.015124555160142349,"Недостаточно признаков специальной роли: 1 отправителей, 0 получателей. Это не отсутствие риска. Глубина 4: исходящие потоки могут быть скрыты."
100000004291663100,peripheral,0.28371137442743716,0,0.21352313167259787,"Недостаточно признаков специальной роли: 1 отправителей, 0 получателей. Это не отсутствие риска. Глубина 4: исходящие потоки могут быть скрыты."
100000003037476100,consolidator,0.6603536944696283,2,0.6854982206405694,"Гипотеза сбора: 3 отправителей; вход ≈555,0 тыс. ₸, выход 0,00 ₸. Входящий объём преобладает. Глубина 4: исходящие потоки могут быть скрыты."
100000008715513100,peripheral,0.2854908069334447,8,0.11743772241992882,"Недостаточно признаков специальной роли: 1 отправителей, 0 получателей. Это не отсутствие риска. Глубина 4: исходящие потоки могут быть скрыты."
100000001276409100,peripheral,0.26689867260383615,8,0.2709074733096085,"Недостаточно признаков специальной роли: 1 отправителей, 0 получателей. Это не отсутствие риска. Глубина 4: исходящие потоки могут быть скрыты."
100000003232675100,peripheral,0.27968421409289834,12,0.4083629893238434,"Недостаточно признаков специальной роли: 1 отправителей, 0 получателей. Это не отсутствие риска. Глубина 4: исходящие потоки могут быть скрыты."
100000007988344100,peripheral,0.30310289808825264,0,0.35097864768683273,"Недостаточно признаков специальной роли: 1 отправителей, 0 получателей. Это не отсутствие риска. Глубина 4: исходящие потоки могут быть скрыты."
100000003047800100,peripheral,0.32795517910960176,11,0.061832740213523134,"Недостаточно признаков специальной роли: 1 отправителей, 0 получателей. Это не отсутствие риска. Глубина 4: исходящие потоки могут быть скрыты."
100000003230328100,consolidator,0.6319951269265638,0,0.7148576512455516,"Гипотеза сбора: 3 отправителей; вход ≈26,6 тыс. ₸, выход 0,00 ₸. Входящий объём преобладает. Глубина 4: исходящие потоки могут быть скрыты."
100000002702968100,peripheral,0.2878012433840636,8,0.16147686832740213,"Недостаточно признаков специальной роли: 1 отправителей, 0 получателей. Это не отсутствие риска. Глубина 4: исходящие потоки могут быть скрыты."
100000004788983100,peripheral,0.3063650885034,0,0.1797153024911032,"Недостаточно признаков специальной роли: 1 отправителей, 0 получателей. Это не отсутствие риска. Глубина 4: исходящие потоки могут быть скрыты."
100000006490615100,peripheral,0.2853348270059909,12,0.48265124555160144,"Недостаточно признаков специальной роли: 1 отправителей, 0 получателей. Это не отсутствие риска. Глубина 4: исходящие потоки могут быть скрыты."
100000008745676100,peripheral,0.30849209365417884,1,0.17882562277580072,"Недостаточно признаков специальной роли: 1 отправителей, 0 получателей. Это не отсутствие риска. Глубина 4: исходящие потоки могут быть скрыты."
100000001598625100,peripheral,0.3127578338327523,4,0.12455516014234876,"Недостаточно признаков специальной роли: 1 отправителей, 0 получателей. Это не отсутствие риска. Глубина 4: исходящие потоки могут быть скрыты."
100000008461217100,peripheral,0.32383319817409795,49,0.15258007117437722,"Недостаточно признаков специальной роли: 1 отправителей, 0 получателей. Это не отсутствие риска. Глубина 4: исходящие потоки могут быть скрыты."
100000005711521100,peripheral,0.27247793795518377,12,0.4639679715302491,"Недостаточно признаков специальной роли: 1 отправителей, 0 получателей. Это не отсутствие риска. Глубина 4: исходящие потоки могут быть скрыты."
100000002713974100,peripheral,0.29629550788385495,4,0.1583629893238434,"Недостаточно признаков специальной роли: 1 отправителей, 0 получателей. Это не отсутствие риска. Глубина 4: исходящие потоки могут быть скрыты."
100000005272139100,peripheral,0.27879477833693617,5,0.3914590747330961,"Недостаточно признаков специальной роли: 1 отправителей, 0 получателей. Это не отсутствие риска. Глубина 4: исходящие потоки могут быть скрыты."
100000002968096100,peripheral,0.2871152032139121,4,0.34519572953736655,"Недостаточно признаков специальной роли: 1 отправителей, 0 получателей. Это не отсутствие риска. Глубина 4: исходящие потоки могут быть скрыты."
100000004449824100,peripheral,0.3113482915653394,8,0.022686832740213523,"Недостаточно признаков специальной роли: 1 отправителей, 0 получателей. Это не отсутствие риска. Глубина 4: исходящие потоки могут быть скрыты."
100000004502048100,peripheral,0.3240435253115198,16,0.04804270462633452,"Недостаточно признаков специальной роли: 1 отправителей, 0 получателей. Это не отсутствие риска. Глубина 4: исходящие потоки могут быть скрыты."
100000002660298100,peripheral,0.28819777919194733,8,0.15747330960854092,"Недостаточно признаков специальной роли: 1 отправителей, 0 получателей. Это не отсутствие риска. Глубина 4: исходящие потоки могут быть скрыты."
100000001299828100,peripheral,0.2868022725563428,0,0.2998220640569395,"Недостаточно признаков специальной роли: 1 отправителей, 0 получателей. Это не отсутствие риска. Глубина 4: исходящие потоки могут быть скрыты."
100000000581662100,peripheral,0.3152805840647225,11,0.11076512455516015,"Недостаточно признаков специальной роли: 1 отправителей, 0 получателей. Это не отсутствие риска. Глубина 4: исходящие потоки могут быть скрыты."
100000001249054100,peripheral,0.3022148219309682,8,0.09564056939501779,"Недостаточно признаков специальной роли: 1 отправителей, 0 получателей. Это не отсутствие риска. Глубина 4: исходящие потоки могут быть скрыты."
100000008759795100,peripheral,0.30103820062164066,8,0.05338078291814947,"Недостаточно признаков специальной роли: 1 отправителей, 0 получателей. Это не отсутствие риска. Глубина 4: исходящие потоки могут быть скрыты."
100000001299443100,peripheral,0.3122726869015614,8,0.02179715302491103,"Недостаточно признаков специальной роли: 1 отправителей, 0 получателей. Это не отсутствие риска. Глубина 4: исходящие потоки могут быть скрыты."
100000007997939100,peripheral,0.32316165110138934,2,0.10631672597864769,"Недостаточно признаков специальной роли: 1 отправителей, 0 получателей. Это не отсутствие риска. Глубина 4: исходящие потоки могут быть скрыты."
100000003470579100,peripheral,0.2485915971582425,24,0.5636120996441281,"Недостаточно признаков специальной роли: 1 отправителей, 0 получателей. Это не отсутствие риска. Глубина 4: исходящие потоки могут быть скрыты."
100000008649416100,peripheral,0.39487434560367096,15,0.050711743772241996,"Недостаточно признаков специальной роли: 1 отправителей, 0 получателей. Это не отсутствие риска. Глубина 4: исходящие потоки могут быть скрыты."
100000008183752100,peripheral,0.28151695139368244,18,0.33274021352313166,"Недостаточно признаков специальной роли: 1 отправителей, 0 получателей. Это не отсутствие риска. Глубина 4: исходящие потоки могут быть скрыты."
100000003950749100,peripheral,0.31932647783557816,5,0.06983985765124555,"Недостаточно признаков специальной роли: 1 отправителей, 0 получателей. Это не отсутствие риска. Глубина 4: исходящие потоки могут быть скрыты."
100000005979037100,peripheral,0.28840248944163765,4,0.16370106761565836,"Недостаточно признаков специальной роли: 1 отправителей, 0 получателей. Это не отсутствие риска. Глубина 4: исходящие потоки могут быть скрыты."
100000008734279100,peripheral,0.2926267663600588,4,0.09875444839857651,"Недостаточно признаков специальной роли: 1 отправителей, 0 получателей. Это не отсутствие риска. Глубина 4: исходящие потоки могут быть скрыты."
100000005589319100,peripheral,0.2816033996182909,3,0.16770462633451957,"Недостаточно признаков специальной роли: 1 отправителей, 0 получателей. Это не отсутствие риска. Глубина 4: исходящие потоки могут быть скрыты."
100000003626268100,peripheral,0.3950590956375982,4,0.0498220640569395,"Недостаточно признаков специальной роли: 1 отправителей, 0 получателей. Это не отсутствие риска. Глубина 4: исходящие потоки могут быть скрыты."
100000001220124100,peripheral,0.3054927464758986,4,0.2722419928825623,"Недостаточно признаков специальной роли: 1 отправителей, 0 получателей. Это не отсутствие риска. Глубина 4: исходящие потоки могут быть скрыты."
100000003904497100,peripheral,0.3269155206859575,2,0.08451957295373666,"Недостаточно признаков специальной роли: 1 отправителей, 0 получателей. Это не отсутствие риска. Глубина 4: исходящие потоки могут быть скрыты."
100000001270470100,peripheral,0.2961217056117518,0,0.36076512455516013,"Недостаточно признаков специальной роли: 1 отправителей, 0 получателей. Это не отсутствие риска. Глубина 4: исходящие потоки могут быть скрыты."
100000003091142100,peripheral,0.2989978574204047,0,0.22686832740213522,"Недостаточно признаков специальной роли: 1 отправителей, 0 получателей. Это не отсутствие риска. Глубина 4: исходящие потоки могут быть скрыты."
100000001053894100,peripheral,0.23756047366902885,37,0.7264234875444839,"Недостаточно признаков специальной роли: 1 отправителей, 0 получателей. Это не отсутствие риска. Глубина 4: исходящие потоки могут быть скрыты."
100000004722630100,peripheral,0.24896358044541836,48,0.5311387900355872,"Недостаточно признаков специальной роли: 1 отправителей, 0 получателей. Это не отсутствие риска. Глубина 4: исходящие потоки могут быть скрыты."
100000004655046100,peripheral,0.31713008259982095,8,0.16903914590747332,"Недостаточно признаков специальной роли: 1 отправителей, 0 получателей. Это не отсутствие риска. Глубина 4: исходящие потоки могут быть скрыты."
100000004019056100,peripheral,0.2999315528253586,12,0.3016014234875445,"Недостаточно признаков специальной роли: 1 отправителей, 0 получателей. Это не отсутствие риска. Глубина 4: исходящие потоки могут быть скрыты."
100000008071749100,peripheral,0.29415795035968684,8,0.13211743772241993,"Недостаточно признаков специальной роли: 1 отправителей, 0 получателей. Это не отсутствие риска. Глубина 4: исходящие потоки могут быть скрыты."
100000008221765100,peripheral,0.27914756498161414,6,0.5209074733096085,"Недостаточно признаков специальной роли: 1 отправителей, 0 получателей. Это не отсутствие риска. Глубина 4: исходящие потоки могут быть скрыты."
100000008778010100,peripheral,0.2724531968508303,1,0.43104982206405695,"Недостаточно признаков специальной роли: 1 отправителей, 0 получателей. Это не отсутствие риска. Глубина 4: исходящие потоки могут быть скрыты."
100000004584730100,peripheral,0.2762969416150539,43,0.17749110320284697,"Недостаточно признаков специальной роли: 1 отправителей, 0 получателей. Это не отсутствие риска. Глубина 4: исходящие потоки могут быть скрыты."
100000004797167100,peripheral,0.3102883128670429,4,0.18638790035587188,"Недостаточно признаков специальной роли: 1 отправителей, 0 получателей. Это не отсутствие риска. Глубина 4: исходящие потоки могут быть скрыты."
100000005010159100,peripheral,0.36904406485755387,4,0.08274021352313167,"Недостаточно признаков специальной роли: 1 отправителей, 0 получателей. Это не отсутствие риска. Глубина 4: исходящие потоки могут быть скрыты."
100000003025903100,peripheral,0.250917790401812,6,0.7050711743772242,"Недостаточно признаков специальной роли: 1 отправителей, 0 получателей. Это не отсутствие риска. Глубина 4: исходящие потоки могут быть скрыты."
100000003005167100,peripheral,0.3132293593532072,8,0.021352313167259787,"Недостаточно признаков специальной роли: 1 отправителей, 0 получателей. Это не отсутствие риска. Глубина 4: исходящие потоки могут быть скрыты."
100000002214383100,peripheral,0.2743218586013666,1,0.36298932384341637,"Недостаточно признаков специальной роли: 1 отправителей, 0 получателей. Это не отсутствие риска. Глубина 4: исходящие потоки могут быть скрыты."
100000004800452100,peripheral,0.3703590573550683,6,0.23709964412811388,"Недостаточно признаков специальной роли: 1 отправителей, 0 получателей. Это не отсутствие риска. Глубина 4: исходящие потоки могут быть скрыты."
100000006903193100,peripheral,0.3038814190690282,0,0.12766903914590746,"Недостаточно признаков специальной роли: 1 отправителей, 0 получателей. Это не отсутствие риска. Глубина 4: исходящие потоки могут быть скрыты."
100000007811950100,peripheral,0.3001733021150912,23,0.24243772241992884,"Недостаточно признаков специальной роли: 1 отправителей, 0 получателей. Это не отсутствие риска. Глубина 4: исходящие потоки могут быть скрыты."
100000000375150100,peripheral,0.2694806635298929,12,0.4443950177935943,"Недостаточно признаков специальной роли: 1 отправителей, 0 получателей. Это не отсутствие риска. Глубина 4: исходящие потоки могут быть скрыты."
100000008775747100,peripheral,0.31747696617538645,2,0.0400355871886121,"Недостаточно признаков специальной роли: 1 отправителей, 0 получателей. Это не отсутствие риска. Глубина 4: исходящие потоки могут быть скрыты."
100000006689603100,peripheral,0.21856509482282746,4,0.5782918149466192,"Недостаточно признаков специальной роли: 1 отправителей, 0 получателей. Это не отсутствие риска. Глубина 4: исходящие потоки могут быть скрыты."
100000005075949100,peripheral,0.23504854317530527,45,0.6832740213523132,"Недостаточно признаков специальной роли: 1 отправителей, 0 получателей. Это не отсутствие риска. Глубина 4: исходящие потоки могут быть скрыты."
100000003985389100,peripheral,0.25087905872826977,4,0.7179715302491103,"Недостаточно признаков специальной роли: 1 отправителей, 0 получателей. Это не отсутствие риска. Глубина 4: исходящие потоки могут быть скрыты."
100000002478829100,peripheral,0.3002542584855751,19,0.20729537366548043,"Недостаточно признаков специальной роли: 1 отправителей, 0 получателей. Это не отсутствие риска. Глубина 4: исходящие потоки могут быть скрыты."
100000003125997100,peripheral,0.289807457368396,2,0.28247330960854095,"Недостаточно признаков специальной роли: 1 отправителей, 0 получателей. Это не отсутствие риска. Глубина 4: исходящие потоки могут быть скрыты."
100000003214786100,peripheral,0.3706338615424023,0,0.07695729537366548,"Недостаточно признаков специальной роли: 1 отправителей, 0 получателей. Это не отсутствие риска. Глубина 4: исходящие потоки могут быть скрыты."
100000008308418100,peripheral,0.29720547125606406,0,0.2540035587188612,"Недостаточно признаков специальной роли: 1 отправителей, 0 получателей. Это не отсутствие риска. Глубина 4: исходящие потоки могут быть скрыты."
100000008619159100,peripheral,0.2414624592912445,62,0.5329181494661922,"Недостаточно признаков специальной роли: 1 отправителей, 0 получателей. Это не отсутствие риска. Глубина 4: исходящие потоки могут быть скрыты."
100000004418967100,peripheral,0.28235601166952473,2,0.26201067615658363,"Недостаточно признаков специальной роли: 1 отправителей, 0 получателей. Это не отсутствие риска. Глубина 4: исходящие потоки могут быть скрыты."
100000003173783100,peripheral,0.27375565612417707,28,0.2669039145907473,"Недостаточно признаков специальной роли: 1 отправителей, 0 получателей. Это не отсутствие риска. Глубина 4: исходящие потоки могут быть скрыты."
100000002242455100,peripheral,0.2844641320477974,6,0.4951067615658363,"Недостаточно признаков специальной роли: 1 отправителей, 0 получателей. Это не отсутствие риска. Глубина 4: исходящие потоки могут быть скрыты."
100000004848236100,peripheral,0.3295628225875912,0,0.0645017793594306,"Недостаточно признаков специальной роли: 1 отправителей, 0 получателей. Это не отсутствие риска. Глубина 4: исходящие потоки могут быть скрыты."
100000004674412100,peripheral,0.29806969481370094,10,0.19795373665480426,"Недостаточно признаков специальной роли: 1 отправителей, 0 получателей. Это не отсутствие риска. Глубина 4: исходящие потоки могут быть скрыты."
100000007071852100,peripheral,0.24627464664163556,4,0.44928825622775803,"Недостаточно признаков специальной роли: 1 отправителей, 0 получателей. Это не отсутствие риска. Глубина 4: исходящие потоки могут быть скрыты."
100000001498732100,peripheral,0.32034241077757086,50,0.010231316725978648,"Недостаточно признаков специальной роли: 1 отправителей, 0 получателей. Это не отсутствие риска. Глубина 4: исходящие потоки могут быть скрыты."
100000000627521100,peripheral,0.3272072934779576,37,0.07829181494661921,"Недостаточно признаков специальной роли: 1 отправителей, 0 получателей. Это не отсутствие риска. Глубина 4: исходящие потоки могут быть скрыты."
100000003105089100,peripheral,0.32379412225919557,19,0.01601423487544484,"Недостаточно признаков специальной роли: 1 отправителей, 0 получателей. Это не отсутствие риска. Глубина 4: исходящие потоки могут быть скрыты."
100000003166017100,peripheral,0.305410658112399,8,0.0800711743772242,"Недостаточно признаков специальной роли: 1 отправителей, 0 получателей. Это не отсутствие риска. Глубина 4: исходящие потоки могут быть скрыты."
100000002506987100,peripheral,0.29076425520098065,8,0.14679715302491103,"Недостаточно признаков специальной роли: 1 отправителей, 0 получателей. Это не отсутствие риска. Глубина 4: исходящие потоки могут быть скрыты."
100000005767403100,peripheral,0.22710370229965146,32,0.6534697508896797,"Недостаточно признаков специальной роли: 1 отправителей, 0 получателей. Это не отсутствие риска. Глубина 4: исходящие потоки могут быть скрыты."
100000005553088100,peripheral,0.3070318127461592,4,0.03870106761565836,"Недостаточно признаков специальной роли: 1 отправителей, 0 получателей. Это не отсутствие риска. Глубина 4: исходящие потоки могут быть скрыты."
100000003632533100,peripheral,0.3283628712842916,6,0.20818505338078291,"Недостаточно признаков специальной роли: 1 отправителей, 0 получателей. Это не отсутствие риска. Глубина 4: исходящие потоки могут быть скрыты."
100000008762005100,peripheral,0.3226229691795222,2,0.009786476868327402,"Недостаточно признаков специальной роли: 1 отправителей, 0 получателей. Это не отсутствие риска. Глубина 4: исходящие потоки могут быть скрыты."
100000002214207100,peripheral,0.2878387620136046,35,0.327846975088968,"Недостаточно признаков специальной роли: 1 отправителей, 0 получателей. Это не отсутствие риска. Глубина 4: исходящие потоки могут быть скрыты."
100000003180820100,peripheral,0.2643400318072384,2,0.27313167259786475,"Недостаточно признаков специальной роли: 1 отправителей, 0 получателей. Это не отсутствие риска. Глубина 4: исходящие потоки могут быть скрыты."
100000003786516100,peripheral,0.30796528356965613,0,0.20862989323843417,"Недостаточно признаков специальной роли: 1 отправителей, 0 получателей. Это не отсутствие риска. Глубина 4: исходящие потоки могут быть скрыты."
100000005226217100,peripheral,0.31785052956105275,2,0.14145907473309607,"Недостаточно признаков специальной роли: 1 отправителей, 0 получателей. Это не отсутствие риска. Глубина 4: исходящие потоки могут быть скрыты."
100000001533161100,peripheral,0.2614512065924622,43,0.24377224199288255,"Недостаточно признаков специальной роли: 1 отправителей, 0 получателей. Это не отсутствие риска. Глубина 4: исходящие потоки могут быть скрыты."
100000007034089100,peripheral,0.23785989983602063,2,0.5226868327402135,"Недостаточно признаков специальной роли: 2 отправителей, 0 получателей. Это не отсутствие риска. Глубина 4: исходящие потоки могут быть скрыты."
100000008336318100,peripheral,0.2617821323514421,2,0.251779359430605,"Недостаточно признаков специальной роли: 1 отправителей, 0 получателей. Это не отсутствие риска. Глубина 4: исходящие потоки могут быть скрыты."
100000005370558100,peripheral,0.31093053899648243,0,0.03558718861209965,"Недостаточно признаков специальной роли: 1 отправителей, 0 получателей. Это не отсутствие риска. Глубина 4: исходящие потоки могут быть скрыты."
100000002729875100,peripheral,0.27062428036103114,8,0.23443060498220641,"Недостаточно признаков специальной роли: 1 отправителей, 0 получателей. Это не отсутствие риска. Глубина 4: исходящие потоки могут быть скрыты."
100000006512787100,peripheral,0.3077597176098291,0,0.33941281138790036,"Недостаточно признаков специальной роли: 1 отправителей, 0 получателей. Это не отсутствие риска. Глубина 4: исходящие потоки могут быть скрыты."
100000003186579100,peripheral,0.268567337843882,4,0.4599644128113879,"Недостаточно признаков специальной роли: 1 отправителей, 0 получателей. Это не отсутствие риска. Глубина 4: исходящие потоки могут быть скрыты."
100000004472936100,peripheral,0.3925193504551782,12,0.11610320284697509,"Недостаточно признаков специальной роли: 1 отправителей, 0 получателей. Это не отсутствие риска. Глубина 4: исходящие потоки могут быть скрыты."
100000002231144100,peripheral,0.31886916241182267,19,0.06138790035587188,"Недостаточно признаков специальной роли: 1 отправителей, 0 получателей. Это не отсутствие риска. Глубина 4: исходящие потоки могут быть скрыты."
100000002505277100,peripheral,0.29285440436213755,0,0.2695729537366548,"Недостаточно признаков специальной роли: 1 отправителей, 0 получателей. Это не отсутствие риска. Глубина 4: исходящие потоки могут быть скрыты."
100000003177533100,peripheral,0.29319962879801836,4,0.24199288256227758,"Недостаточно признаков специальной роли: 1 отправителей, 0 получателей. Это не отсутствие риска. Глубина 4: исходящие потоки могут быть скрыты."
100000005888829100,peripheral,0.25444792173797137,2,0.34341637010676157,"Недостаточно признаков специальной роли: 1 отправителей, 0 получателей. Это не отсутствие риска. Глубина 4: исходящие потоки могут быть скрыты."
100000002242066100,peripheral,0.2963026680457782,33,0.2526690391459075,"Недостаточно признаков специальной роли: 1 отправителей, 0 получателей. Это не отсутствие риска. Глубина 4: исходящие потоки могут быть скрыты."
100000008027922100,peripheral,0.29131536933592794,20,0.23665480427046262,"Недостаточно признаков специальной роли: 1 отправителей, 0 получателей. Это не отсутствие риска. Глубина 4: исходящие потоки могут быть скрыты."
100000002686226100,peripheral,0.25144110304337286,15,0.5765124555160143,"Недостаточно признаков специальной роли: 1 отправителей, 0 получателей. Это не отсутствие риска. Глубина 4: исходящие потоки могут быть скрыты."
100000001065234100,peripheral,0.2638964935878631,56,0.44395017793594305,"Недостаточно признаков специальной роли: 1 отправителей, 0 получателей. Это не отсутствие риска. Глубина 4: исходящие потоки могут быть скрыты."
100000000424935100,peripheral,0.31037744109061755,26,0.029359430604982206,"Недостаточно признаков специальной роли: 1 отправителей, 0 получателей. Это не отсутствие риска. Глубина 4: исходящие потоки могут быть скрыты."
100000005723580100,peripheral,0.30271237590091155,2,0.14279359430604982,"Недостаточно признаков специальной роли: 1 отправителей, 0 получателей. Это не отсутствие риска. Глубина 4: исходящие потоки могут быть скрыты."
100000000704700100,peripheral,0.3445108930752379,22,0.074288256227758,"Недостаточно признаков специальной роли: 1 отправителей, 0 получателей. Это не отсутствие риска. Глубина 4: исходящие потоки могут быть скрыты."
100000005293969100,peripheral,0.38409532618346576,0,0.056494661921708184,"Недостаточно признаков специальной роли: 1 отправителей, 0 получателей. Это не отсутствие риска. Глубина 4: исходящие потоки могут быть скрыты."
100000002512742100,peripheral,0.31440732928926296,8,0.01912811387900356,"Недостаточно признаков специальной роли: 1 отправителей, 0 получателей. Это не отсутствие риска. Глубина 4: исходящие потоки могут быть скрыты."
100000001816678100,peripheral,0.2649296784788871,3,0.44261565836298933,"Недостаточно признаков специальной роли: 1 отправителей, 0 получателей. Это не отсутствие риска. Глубина 4: исходящие потоки могут быть скрыты."
100000004586598100,peripheral,0.24543423423694546,65,0.6298932384341637,"Недостаточно признаков специальной роли: 1 отправителей, 0 получателей. Это не отсутствие риска. Глубина 4: исходящие потоки могут быть скрыты."
100000005782886100,peripheral,0.3222190106290363,2,0.11165480427046263,"Недостаточно признаков специальной роли: 1 отправителей, 0 получателей. Это не отсутствие риска. Глубина 4: исходящие потоки могут быть скрыты."
100000002622822100,peripheral,0.2601590701450204,18,0.501779359430605,"Недостаточно признаков специальной роли: 1 отправителей, 0 получателей. Это не отсутствие риска. Глубина 4: исходящие потоки могут быть скрыты."
100000003718715100,peripheral,0.24386248995332224,12,0.6272241992882562,"Недостаточно признаков специальной роли: 1 отправителей, 0 получателей. Это не отсутствие риска. Глубина 4: исходящие потоки могут быть скрыты."
100000006491963100,peripheral,0.2862490177345042,8,0.21129893238434164,"Недостаточно признаков специальной роли: 1 отправителей, 0 получателей. Это не отсутствие риска. Глубина 4: исходящие потоки могут быть скрыты."
100000004526651100,peripheral,0.28645478588211637,2,0.16859430604982206,"Недостаточно признаков специальной роли: 1 отправителей, 0 получателей. Это не отсутствие риска. Глубина 4: исходящие потоки могут быть скрыты."
100000008331280100,peripheral,0.28410168664121427,24,0.3104982206405694,"Недостаточно признаков специальной роли: 1 отправителей, 0 получателей. Это не отсутствие риска. Глубина 4: исходящие потоки могут быть скрыты."
100000004177936100,peripheral,0.30352072731517055,4,0.07339857651245552,"Недостаточно признаков специальной роли: 1 отправителей, 0 получателей. Это не отсутствие риска. Глубина 4: исходящие потоки могут быть скрыты."
100000002922000100,peripheral,0.2403794808774018,43,0.4354982206405694,"Недостаточно признаков специальной роли: 1 отправителей, 0 получателей. Это не отсутствие риска. Глубина 4: исходящие потоки могут быть скрыты."
100000002404112100,peripheral,0.2782376709523021,24,0.21263345195729538,"Недостаточно признаков специальной роли: 1 отправителей, 0 получателей. Это не отсутствие риска. Глубина 4: исходящие потоки могут быть скрыты."
100000000634341100,peripheral,0.3036567641880636,0,0.29937722419928825,"Недостаточно признаков специальной роли: 1 отправителей, 0 получателей. Это не отсутствие риска. Глубина 4: исходящие потоки могут быть скрыты."
100000001822650100,peripheral,0.265172720486433,2,0.25533807829181493,"Недостаточно признаков специальной роли: 1 отправителей, 0 получателей. Это не отсутствие риска. Глубина 4: исходящие потоки могут быть скрыты."
100000004791226100,peripheral,0.32137144731853906,0,0.19706405693950177,"Недостаточно признаков специальной роли: 1 отправителей, 0 получателей. Это не отсутствие риска. Глубина 4: исходящие потоки могут быть скрыты."
100000007841978100,peripheral,0.26121399880810015,6,0.5711743772241993,"Недостаточно признаков специальной роли: 1 отправителей, 0 получателей. Это не отсутствие риска. Глубина 4: исходящие потоки могут быть скрыты."
100000006866831100,peripheral,0.32048404692653704,0,0.06494661921708185,"Недостаточно признаков специальной роли: 1 отправителей, 0 получателей. Это не отсутствие риска. Глубина 4: исходящие потоки могут быть скрыты."
100000002999140100,peripheral,0.2969338068110857,9,0.1436832740213523,"Недостаточно признаков специальной роли: 1 отправителей, 0 получателей. Это не отсутствие риска. Глубина 4: исходящие потоки могут быть скрыты."
100000002884708100,peripheral,0.24401843284213903,2,0.6027580071174378,"Недостаточно признаков специальной роли: 1 отправителей, 0 получателей. Это не отсутствие риска. Глубина 4: исходящие потоки могут быть скрыты."
100000001130553100,peripheral,0.29911012621541105,6,0.4777580071174377,"Недостаточно признаков специальной роли: 1 отправителей, 0 получателей. Это не отсутствие риска. Глубина 4: исходящие потоки могут быть скрыты."
100000006351075100,peripheral,0.276157828760342,39,0.35231316725978645,"Недостаточно признаков специальной роли: 1 отправителей, 0 получателей. Это не отсутствие риска. Глубина 4: исходящие потоки могут быть скрыты."
100000005616568100,peripheral,0.254337057190978,6,0.5729537366548043,"Недостаточно признаков специальной роли: 1 отправителей, 0 получателей. Это не отсутствие риска. Глубина 4: исходящие потоки могут быть скрыты."
100000006381453100,peripheral,0.30368747857914624,2,0.22197508896797152,"Недостаточно признаков специальной роли: 1 отправителей, 0 получателей. Это не отсутствие риска. Глубина 4: исходящие потоки могут быть скрыты."
100000004616845100,peripheral,0.2998922670537574,55,0.2117437722419929,"Недостаточно признаков специальной роли: 1 отправителей, 0 получателей. Это не отсутствие риска. Глубина 4: исходящие потоки могут быть скрыты."
100000004908173100,peripheral,0.3138796010225647,2,0.08585409252669039,"Недостаточно признаков специальной роли: 1 отправителей, 0 получателей. Это не отсутствие риска. Глубина 4: исходящие потоки могут быть скрыты."
100000004433250100,peripheral,0.33325390007360706,0,0.07028469750889679,"Недостаточно признаков специальной роли: 1 отправителей, 0 получателей. Это не отсутствие риска. Глубина 4: исходящие потоки могут быть скрыты."
100000003664994100,peripheral,0.22952966491179302,40,0.527135231316726,"Недостаточно признаков специальной роли: 1 отправителей, 0 получателей. Это не отсутствие риска. Глубина 4: исходящие потоки могут быть скрыты."
100000004673335100,peripheral,0.26262886366785576,28,0.28158362989323843,"Недостаточно признаков специальной роли: 1 отправителей, 0 получателей. Это не отсутствие риска. Глубина 4: исходящие потоки могут быть скрыты."
100000002487222100,peripheral,0.26631041819631673,6,0.5298042704626335,"Недостаточно признаков специальной роли: 1 отправителей, 0 получателей. Это не отсутствие риска. Глубина 4: исходящие потоки могут быть скрыты."
100000000018102100,peripheral,0.33215683700553095,0,0.02802491103202847,"Недостаточно признаков специальной роли: 1 отправителей, 0 получателей. Это не отсутствие риска. Глубина 4: исходящие потоки могут быть скрыты."
100000008638859100,peripheral,0.2791676066085122,16,0.4541814946619217,"Недостаточно признаков специальной роли: 1 отправителей, 0 получателей. Это не отсутствие риска. Глубина 4: исходящие потоки могут быть скрыты."
100000001131403100,peripheral,0.23814844209501992,55,0.6290035587188612,"Недостаточно признаков специальной роли: 1 отправителей, 0 получателей. Это не отсутствие риска. Глубина 4: исходящие потоки могут быть скрыты."
100000001733216100,peripheral,0.27339859587088516,0,0.46619217081850534,"Недостаточно признаков специальной роли: 1 отправителей, 0 получателей. Это не отсутствие риска. Глубина 4: исходящие потоки могут быть скрыты."
100000004400480100,peripheral,0.3168555998407286,11,0.12366548042704627,"Недостаточно признаков специальной роли: 1 отправителей, 0 получателей. Это не отсутствие риска. Глубина 4: исходящие потоки могут быть скрыты."
100000007539296100,peripheral,0.28915141803940053,6,0.3887900355871886,"Недостаточно признаков специальной роли: 1 отправителей, 0 получателей. Это не отсутствие риска. Глубина 4: исходящие потоки могут быть скрыты."
100000008757301100,peripheral,0.282166384701711,0,0.4377224199288256,"Недостаточно признаков специальной роли: 1 отправителей, 0 получателей. Это не отсутствие риска. Глубина 4: исходящие потоки могут быть скрыты."
100000002752565100,peripheral,0.29272829815940604,4,0.273576512455516,"Недостаточно признаков специальной роли: 1 отправителей, 0 получателей. Это не отсутствие риска. Глубина 4: исходящие потоки могут быть скрыты."
100000002734815100,peripheral,0.2683105335736346,2,0.19661921708185054,"Недостаточно признаков специальной роли: 1 отправителей, 0 получателей. Это не отсутствие риска. Глубина 4: исходящие потоки могут быть скрыты."
100000008333492100,peripheral,0.2679007319132309,46,0.34608540925266906,"Недостаточно признаков специальной роли: 1 отправителей, 0 получателей. Это не отсутствие риска. Глубина 4: исходящие потоки могут быть скрыты."
100000006527156100,peripheral,0.29506407794116196,45,0.11966192170818506,"Недостаточно признаков специальной роли: 1 отправителей, 0 получателей. Это не отсутствие риска. Глубина 4: исходящие потоки могут быть скрыты."
100000003448713100,peripheral,0.23876407038489691,4,0.4141459074733096,"Недостаточно признаков специальной роли: 1 отправителей, 0 получателей. Это не отсутствие риска. Глубина 4: исходящие потоки могут быть скрыты."
100000004780083100,peripheral,0.3280886694273515,58,0.008896797153024912,"Недостаточно признаков специальной роли: 1 отправителей, 0 получателей. Это не отсутствие риска. Глубина 4: исходящие потоки могут быть скрыты."
100000004798515100,peripheral,0.2389926807093976,9,0.48665480427046265,"Недостаточно признаков специальной роли: 1 отправителей, 0 получателей. Это не отсутствие риска. Глубина 4: исходящие потоки могут быть скрыты."
100000004232712100,peripheral,0.3304633814614769,6,0.24332740213523132,"Недостаточно признаков специальной роли: 1 отправителей, 0 получателей. Это не отсутствие риска. Глубина 4: исходящие потоки могут быть скрыты."
100000005209352100,peripheral,0.3713163510777317,0,0.076067615658363,"Недостаточно признаков специальной роли: 1 отправителей, 0 получателей. Это не отсутствие риска. Глубина 4: исходящие потоки могут быть скрыты."
100000000561160100,peripheral,0.2432832534727069,3,0.46174377224199287,"Недостаточно признаков специальной роли: 1 отправителей, 0 получателей. Это не отсутствие риска. Глубина 4: исходящие потоки могут быть скрыты."
100000003568904100,peripheral,0.3011732366589869,12,0.29359430604982206,"Недостаточно признаков специальной роли: 1 отправителей, 0 получателей. Это не отсутствие риска. Глубина 4: исходящие потоки могут быть скрыты."
100000000470237100,peripheral,0.3002980327279389,26,0.20774021352313168,"Недостаточно признаков специальной роли: 1 отправителей, 0 получателей. Это не отсутствие риска. Глубина 4: исходящие потоки могут быть скрыты."
100000008560263100,peripheral,0.2775472326181885,6,0.3736654804270463,"Недостаточно признаков специальной роли: 1 отправителей, 0 получателей. Это не отсутствие риска. Глубина 4: исходящие потоки могут быть скрыты."
100000000542087100,peripheral,0.3246900547341517,34,0.05382562277580071,"Недостаточно признаков специальной роли: 1 отправителей, 0 получателей. Это не отсутствие риска. Глубина 4: исходящие потоки могут быть скрыты."
100000004403548100,peripheral,0.3713444957869494,4,0.025355871886120998,"Недостаточно признаков специальной роли: 1 отправителей, 0 получателей. Это не отсутствие риска. Глубина 4: исходящие потоки могут быть скрыты."
100000003010908100,peripheral,0.2988948696371588,8,0.10765124555160142,"Недостаточно признаков специальной роли: 1 отправителей, 0 получателей. Это не отсутствие риска. Глубина 4: исходящие потоки могут быть скрыты."
100000006756956100,peripheral,0.2295991556006234,0,0.7086298932384342,"Недостаточно признаков специальной роли: 1 отправителей, 0 получателей. Это не отсутствие риска. Глубина 4: исходящие потоки могут быть скрыты."
100000007357489100,peripheral,0.2407380439709882,2,0.5088967971530249,"Недостаточно признаков специальной роли: 2 отправителей, 0 получателей. Это не отсутствие риска. Глубина 4: исходящие потоки могут быть скрыты."
100000002599729100,peripheral,0.2784959746356001,0,0.47019572953736655,"Недостаточно признаков специальной роли: 1 отправителей, 0 получателей. Это не отсутствие риска. Глубина 4: исходящие потоки могут быть скрыты."
100000005849862100,peripheral,0.3163798791131427,7,0.23354092526690393,"Недостаточно признаков специальной роли: 1 отправителей, 0 получателей. Это не отсутствие риска. Глубина 4: исходящие потоки могут быть скрыты."
100000008762843100,peripheral,0.3191873389220659,2,0.010898576512455516,"Недостаточно признаков специальной роли: 1 отправителей, 0 получателей. Это не отсутствие риска. Глубина 4: исходящие потоки могут быть скрыты."
100000002723674100,peripheral,0.3020309574379839,19,0.09608540925266904,"Недостаточно признаков специальной роли: 1 отправителей, 0 получателей. Это не отсутствие риска. Глубина 4: исходящие потоки могут быть скрыты."
100000008758106100,peripheral,0.31026136269899707,2,0.06272241992882563,"Недостаточно признаков специальной роли: 1 отправителей, 0 получателей. Это не отсутствие риска. Глубина 4: исходящие потоки могут быть скрыты."
100000001286703100,peripheral,0.30940724377969575,37,0.15480427046263345,"Недостаточно признаков специальной роли: 1 отправителей, 0 получателей. Это не отсутствие риска. Глубина 4: исходящие потоки могут быть скрыты."
